episode,seed,uncertainty,policy,success,steps,inspections,total_reward,final_true_distance,final_estimated_distance
1,0,low,always_act,True,12,0,0.88,0.003607872175052762,0.012861651368439198
2,1,low,always_act,False,16,0,-0.41000000000000003,0.07586009800434113,0.05449363589286804
3,2,low,always_act,False,6,0,-0.31,0.1016676053404808,0.05775532126426697
4,3,low,always_act,True,5,0,0.95,0.04377497732639313,0.036184269934892654
5,4,low,always_act,True,17,0,0.83,0.019581083208322525,0.05440004542469978
6,5,low,always_act,True,18,0,0.82,0.021234508603811264,0.021579066291451454
7,6,low,always_act,False,10,0,-0.35,0.07137695699930191,0.023060224950313568
8,7,low,always_act,True,17,0,0.83,0.03564772009849548,0.01750773936510086
9,8,low,always_act,True,16,0,0.84,0.047661133110523224,0.02600124478340149
10,9,low,always_act,False,14,0,-0.39,0.060236625373363495,0.029393590986728668
11,10,low,always_act,True,15,0,0.85,0.0461791455745697,0.03163592517375946
12,11,low,always_act,True,9,0,0.91,0.034779131412506104,0.022615093737840652
13,12,low,always_act,True,16,0,0.84,0.009856633841991425,0.01591462641954422
14,13,low,always_act,True,19,0,0.8099999999999999,0.025243276730179787,0.0368100181221962
15,14,low,always_act,False,13,0,-0.38,0.10782897472381592,0.047979872673749924
16,15,low,always_act,False,16,0,-0.41000000000000003,0.07031160593032837,0.036865536123514175
17,16,low,always_act,True,12,0,0.88,0.01880074292421341,0.047632355242967606
18,17,low,always_act,False,13,0,-0.38,0.06540864706039429,0.04556087777018547
19,18,low,always_act,True,13,0,0.87,0.04858965054154396,0.03133094683289528
20,19,low,always_act,True,16,0,0.84,0.031136468052864075,0.02107778936624527
21,20,low,always_act,True,10,0,0.9,0.019289551302790642,0.017785819247364998
22,21,low,always_act,False,15,0,-0.4,0.07792238891124725,0.05674957484006882
23,22,low,always_act,False,7,0,-0.32,0.06038407236337662,0.03161802515387535
24,23,low,always_act,False,14,0,-0.39,0.08840776234865189,0.050481874495744705
25,24,low,always_act,True,9,0,0.91,0.039423342794179916,0.01874753274023533
26,25,low,always_act,False,3,0,-0.28,0.07832236588001251,0.05194520950317383
27,26,low,always_act,True,10,0,0.9,0.015338930301368237,0.03399626165628433
28,27,low,always_act,True,13,0,0.87,0.027660571038722992,0.010377664119005203
29,28,low,always_act,True,19,0,0.8099999999999999,0.030743852257728577,0.019747497513890266
30,29,low,always_act,False,8,0,-0.33,0.06331228464841843,0.05930882692337036
31,30,low,always_act,False,8,0,-0.33,0.06261955201625824,0.04760870710015297
32,31,low,always_act,True,14,0,0.86,0.04398653656244278,0.0487222820520401
33,32,low,always_act,True,10,0,0.9,0.029226480051875114,0.04098740220069885
34,33,low,always_act,True,12,0,0.88,0.02637438289821148,0.03312605246901512
35,34,low,always_act,True,14,0,0.86,0.05055111646652222,0.028227774426341057
36,35,low,always_act,True,10,0,0.9,0.020603418350219727,0.044532597064971924
37,36,low,always_act,True,8,0,0.9199999999999999,0.023241255432367325,0.016466591507196426
38,37,low,always_act,True,15,0,0.85,0.05429682508111,0.037521425634622574
39,38,low,always_act,True,10,0,0.9,0.005036076996475458,0.014749069698154926
40,39,low,always_act,True,12,0,0.88,0.03903571888804436,0.026303347200155258
41,40,low,always_act,True,16,0,0.84,0.03311940282583237,0.02538396045565605
42,41,low,always_act,True,19,0,0.8099999999999999,0.0287342332303524,0.033967550843954086
43,42,low,always_act,True,15,0,0.85,0.011965075507760048,0.013845521956682205
44,43,low,always_act,False,10,0,-0.35,0.06487047672271729,0.04882585629820824
45,44,low,always_act,True,6,0,0.94,0.018444662913680077,0.04064396396279335
46,45,low,always_act,True,13,0,0.87,0.01927018351852894,0.02994932048022747
47,46,low,always_act,True,14,0,0.86,0.044353924691677094,0.03879881650209427
48,47,low,always_act,False,15,0,-0.4,0.11095243692398071,0.05664781108498573
49,48,low,always_act,True,12,0,0.88,0.02077990397810936,0.042436547577381134
50,49,low,always_act,True,11,0,0.89,0.05937371030449867,0.03333793208003044
51,50,low,always_act,True,18,0,0.82,0.037089649587869644,0.012979245744645596
52,51,low,always_act,True,16,0,0.84,0.02371855638921261,0.018176110461354256
53,52,low,always_act,False,13,0,-0.38,0.060047492384910583,0.057822804898023605
54,53,low,always_act,True,11,0,0.89,0.059439267963171005,0.03998873382806778
55,54,low,always_act,True,10,0,0.9,0.0129107516258955,0.05385720357298851
56,55,low,always_act,True,19,0,0.8099999999999999,0.027553165331482887,0.0308249369263649
57,56,low,always_act,True,12,0,0.88,0.01716522127389908,0.049354106187820435
58,57,low,always_act,True,14,0,0.86,0.003384493989869952,0.040869444608688354
59,58,low,always_act,False,14,0,-0.39,0.07320623099803925,0.026150330901145935
60,59,low,always_act,True,16,0,0.84,0.04185360670089722,0.052585408091545105
61,60,low,always_act,True,6,0,0.94,0.04364583641290665,0.04651070013642311
62,61,low,always_act,False,13,0,-0.38,0.06775877624750137,0.043779365718364716
63,62,low,always_act,True,15,0,0.85,0.04562732204794884,0.03303885459899902
64,63,low,always_act,False,17,0,-0.42000000000000004,0.07128935307264328,0.04792144522070885
65,64,low,always_act,False,16,0,-0.41000000000000003,0.07753575593233109,0.05546789616346359
66,65,low,always_act,False,8,0,-0.33,0.07696238160133362,0.0463959276676178
67,66,low,always_act,False,17,0,-0.42000000000000004,0.07904040813446045,0.05767679587006569
68,67,low,always_act,True,8,0,0.9199999999999999,0.01831924356520176,0.01242087408900261
69,68,low,always_act,True,15,0,0.85,0.05349444970488548,0.059940025210380554
70,69,low,always_act,True,13,0,0.87,0.05151889845728874,0.047075364738702774
71,70,low,always_act,True,13,0,0.87,0.04480735957622528,0.0418911837041378
72,71,low,always_act,True,10,0,0.9,0.026989832520484924,0.024355130270123482
73,72,low,always_act,True,13,0,0.87,0.0509977713227272,0.04853732883930206
74,73,low,always_act,True,10,0,0.9,0.02568051591515541,0.021068336442112923
75,74,low,always_act,True,16,0,0.84,0.04443668946623802,0.053273871541023254
76,75,low,always_act,True,6,0,0.94,0.004202680196613073,0.015619395300745964
77,76,low,always_act,True,20,0,0.7999999999999999,0.014413896016776562,0.03209301456809044
78,77,low,always_act,True,16,0,0.84,0.05623696744441986,0.017891645431518555
79,78,low,always_act,False,15,0,-0.4,0.07123150676488876,0.04819127172231674
80,79,low,always_act,True,14,0,0.86,0.05211371183395386,0.057609010487794876
81,80,low,always_act,False,11,0,-0.36,0.0723528265953064,0.055301833897829056
82,81,low,always_act,True,8,0,0.9199999999999999,0.05754336714744568,0.048237431794404984
83,82,low,always_act,True,20,0,0.7999999999999999,0.04921570047736168,0.0446074940264225
84,83,low,always_act,True,6,0,0.94,0.03415752947330475,0.03495973348617554
85,84,low,always_act,True,18,0,0.82,0.05934060364961624,0.01992661878466606
86,85,low,always_act,True,8,0,0.9199999999999999,0.04136068746447563,0.017146997153759003
87,86,low,always_act,True,11,0,0.89,0.013941444456577301,0.028506256639957428
88,87,low,always_act,True,16,0,0.84,0.010659875348210335,0.029265372082591057
89,88,low,always_act,True,12,0,0.88,0.03428275138139725,0.02763671800494194
90,89,low,always_act,True,16,0,0.84,0.014878649264574051,0.010999084450304508
91,90,low,always_act,True,13,0,0.87,0.013924823142588139,0.019965628162026405
92,91,low,always_act,True,15,0,0.85,0.03729841485619545,0.012447611428797245
93,92,low,always_act,False,9,0,-0.34,0.08419352024793625,0.050104618072509766
94,93,low,always_act,True,18,0,0.82,0.005908010061830282,0.03257019445300102
95,94,low,always_act,True,13,0,0.87,0.04238899424672127,0.039250779896974564
96,95,low,always_act,True,17,0,0.83,0.03539532423019409,0.03700985759496689
97,96,low,always_act,False,15,0,-0.4,0.09587103128433228,0.057768676429986954
98,97,low,always_act,True,13,0,0.87,0.03210492804646492,0.011955161578953266
99,98,low,always_act,True,20,0,0.7999999999999999,0.010593411512672901,0.02783716842532158
100,99,low,always_act,True,13,0,0.87,0.008464350365102291,0.012502280995249748
101,100,low,always_act,True,16,0,0.84,0.03817328065633774,0.05719665065407753
102,101,low,always_act,True,16,0,0.84,0.0234939306974411,0.0388106107711792
103,102,low,always_act,True,10,0,0.9,0.04529575631022453,0.024478737264871597
104,103,low,always_act,True,7,0,0.9299999999999999,0.04692666977643967,0.036057885736227036
105,104,low,always_act,True,17,0,0.83,0.032487474381923676,0.021914009004831314
106,105,low,always_act,True,19,0,0.8099999999999999,0.0334027037024498,0.0164116770029068
107,106,low,always_act,True,15,0,0.85,0.04203898832201958,0.05127139762043953
108,107,low,always_act,True,13,0,0.87,0.043367426842451096,0.05534093454480171
109,108,low,always_act,True,17,0,0.83,0.04448121413588524,0.0337727814912796
110,109,low,always_act,False,15,0,-0.4,0.07189205288887024,0.04970986023545265
111,110,low,always_act,True,17,0,0.83,0.017221905291080475,0.032927390187978745
112,111,low,always_act,True,5,0,0.95,0.03243381157517433,0.02302900329232216
113,112,low,always_act,True,13,0,0.87,0.055492106825113297,0.05626160651445389
114,113,low,always_act,False,3,0,-0.28,0.08727247267961502,0.04812519624829292
115,114,low,always_act,True,12,0,0.88,0.036265064030885696,0.016875604167580605
116,115,low,always_act,True,15,0,0.85,0.02981889620423317,0.020433982834219933
117,116,low,always_act,False,13,0,-0.38,0.08939981460571289,0.05833698809146881
118,117,low,always_act,True,14,0,0.86,0.04832408204674721,0.01365381758660078
119,118,low,always_act,True,20,0,0.7999999999999999,0.0544203519821167,0.019202375784516335
120,119,low,always_act,False,18,0,-0.43000000000000005,0.06349840015172958,0.04721224680542946
121,120,low,always_act,True,13,0,0.87,0.055552225559949875,0.05269184708595276
122,121,low,always_act,False,11,0,-0.36,0.06026025861501694,0.05167345330119133
123,122,low,always_act,True,13,0,0.87,0.0545346736907959,0.05738183110952377
124,123,low,always_act,True,12,0,0.88,0.015124115161597729,0.010926865972578526
125,124,low,always_act,True,17,0,0.83,0.04838321730494499,0.015901001170277596
126,125,low,always_act,True,15,0,0.85,0.05788225308060646,0.04998008906841278
127,126,low,always_act,True,15,0,0.85,0.019182585179805756,0.05681446194648743
128,127,low,always_act,True,5,0,0.95,0.021667128428816795,0.013501678593456745
129,128,low,always_act,True,13,0,0.87,0.04171257093548775,0.03128797933459282
130,129,low,always_act,True,8,0,0.9199999999999999,0.03400261327624321,0.025691255927085876
131,130,low,always_act,True,8,0,0.9199999999999999,0.032914839684963226,0.01880689524114132
132,131,low,always_act,True,14,0,0.86,0.03867128863930702,0.023949800059199333
133,132,low,always_act,True,13,0,0.87,0.044263679534196854,0.021003691479563713
134,133,low,always_act,False,16,0,-0.41000000000000003,0.08944196999073029,0.05761561542749405
135,134,low,always_act,True,17,0,0.83,0.03401482477784157,0.035135261714458466
136,135,low,always_act,True,10,0,0.9,0.05298479646444321,0.03356918692588806
137,136,low,always_act,True,5,0,0.95,0.03020421229302883,0.012287009507417679
138,137,low,always_act,True,14,0,0.86,0.044674843549728394,0.032766155898571014
139,138,low,always_act,True,15,0,0.85,0.051347605884075165,0.017042864114046097
140,139,low,always_act,False,11,0,-0.36,0.06909499317407608,0.050595588982105255
141,140,low,always_act,True,15,0,0.85,0.051429957151412964,0.027547325938940048
142,141,low,always_act,True,19,0,0.8099999999999999,0.0382513664662838,0.028993044048547745
143,142,low,always_act,True,3,0,0.97,0.04239669442176819,0.05557040125131607
144,143,low,always_act,True,17,0,0.83,0.008990934118628502,0.017851147800683975
145,144,low,always_act,False,12,0,-0.37,0.06341195851564407,0.05984465405344963
146,145,low,always_act,False,10,0,-0.35,0.07744396477937698,0.03291937708854675
147,146,low,always_act,True,14,0,0.86,0.041219670325517654,0.01941779814660549
148,147,low,always_act,True,19,0,0.8099999999999999,0.05366231128573418,0.048937879502773285
149,148,low,always_act,True,14,0,0.86,0.023089822381734848,0.05272410437464714
150,149,low,always_act,True,6,0,0.94,0.021383801475167274,0.019433535635471344
151,150,low,always_act,True,15,0,0.85,0.006729844957590103,0.0364745631814003
152,151,low,always_act,True,10,0,0.9,0.05681547895073891,0.045345284044742584
153,152,low,always_act,True,6,0,0.94,0.05991331860423088,0.05072645843029022
154,153,low,always_act,True,17,0,0.83,0.026484105736017227,0.04477784410119057
155,154,low,always_act,True,14,0,0.86,0.04366732016205788,0.017403308302164078
156,155,low,always_act,True,14,0,0.86,0.03687996789813042,0.03466857224702835
157,156,low,always_act,True,3,0,0.97,0.05994797870516777,0.028185350820422173
158,157,low,always_act,True,15,0,0.85,0.017801910638809204,0.027912139892578125
159,158,low,always_act,False,18,0,-0.43000000000000005,0.09075213223695755,0.05734507367014885
160,159,low,always_act,True,16,0,0.84,0.020573018118739128,0.025050925090909004
161,160,low,always_act,True,13,0,0.87,0.04075973480939865,0.027229974046349525
162,161,low,always_act,True,14,0,0.86,0.03340022265911102,0.033818576484918594
163,162,low,always_act,True,5,0,0.95,0.039211854338645935,0.015598327852785587
164,163,low,always_act,True,13,0,0.87,0.019139891490340233,0.037737008184194565
165,164,low,always_act,True,7,0,0.9299999999999999,0.03975031524896622,0.022027436643838882
166,165,low,always_act,True,12,0,0.88,0.03973879665136337,0.027310732752084732
167,166,low,always_act,True,12,0,0.88,0.0300653874874115,0.04877046123147011
168,167,low,always_act,True,11,0,0.89,0.02340908907353878,0.04269786924123764
169,168,low,always_act,True,5,0,0.95,0.05233088135719299,0.04067132994532585
170,169,low,always_act,True,15,0,0.85,0.014354757964611053,0.03357129544019699
171,170,low,always_act,True,20,0,0.7999999999999999,0.04756925627589226,0.023135123774409294
172,171,low,always_act,True,12,0,0.88,0.04467421770095825,0.05094534531235695
173,172,low,always_act,False,14,0,-0.39,0.07043951749801636,0.0579688660800457
174,173,low,always_act,False,8,0,-0.33,0.06722855567932129,0.03259427472949028
175,174,low,always_act,True,19,0,0.8099999999999999,0.04015473648905754,0.02479395642876625
176,175,low,always_act,True,13,0,0.87,0.02447366900742054,0.023279797285795212
177,176,low,always_act,False,14,0,-0.39,0.06296392530202866,0.05074351280927658
178,177,low,always_act,False,9,0,-0.34,0.07498174905776978,0.05420656502246857
179,178,low,always_act,True,12,0,0.88,0.038420964032411575,0.03888852894306183
180,179,low,always_act,True,20,0,0.7999999999999999,0.042236216366291046,0.030777515843510628
181,180,low,always_act,True,14,0,0.86,0.04638983681797981,0.03794597461819649
182,181,low,always_act,False,15,0,-0.4,0.06025627627968788,0.011377647519111633
183,182,low,always_act,True,7,0,0.9299999999999999,0.027420327067375183,0.046145934611558914
184,183,low,always_act,True,21,0,0.7899999999999999,0.012216921895742416,0.02147200144827366
185,184,low,always_act,False,9,0,-0.34,0.06282895803451538,0.05699373036623001
186,185,low,always_act,True,10,0,0.9,0.027180496603250504,0.02730572409927845
187,186,low,always_act,True,14,0,0.86,0.010611733421683311,0.04439420998096466
188,187,low,always_act,True,8,0,0.9199999999999999,0.024494173005223274,0.014818025752902031
189,188,low,always_act,True,12,0,0.88,0.01607384905219078,0.04715701937675476
190,189,low,always_act,True,9,0,0.91,0.025536909699440002,0.03306729719042778
191,190,low,always_act,True,9,0,0.91,0.03821825236082077,0.02079726569354534
192,191,low,always_act,True,19,0,0.8099999999999999,0.05323809012770653,0.05924106016755104
193,192,low,always_act,True,14,0,0.86,0.05348712205886841,0.029857849702239037
194,193,low,always_act,True,10,0,0.9,0.013980361633002758,0.025941209867596626
195,194,low,always_act,True,19,0,0.8099999999999999,0.030588556081056595,0.0369858592748642
196,195,low,always_act,True,3,0,0.97,0.03452509269118309,0.011149871163070202
197,196,low,always_act,True,16,0,0.84,0.025101585313677788,0.017676323652267456
198,197,low,always_act,True,19,0,0.8099999999999999,0.036433618515729904,0.01958809234201908
199,198,low,always_act,True,18,0,0.82,0.04332319647073746,0.015287546440958977
200,199,low,always_act,True,14,0,0.86,0.05729113146662712,0.03876097872853279
201,200,low,always_act,True,15,0,0.85,0.022447850555181503,0.016567017883062363
202,201,low,always_act,True,17,0,0.83,0.05713571608066559,0.012838619761168957
203,202,low,always_act,False,9,0,-0.34,0.06523263454437256,0.04445848613977432
204,203,low,always_act,True,14,0,0.86,0.02428499609231949,0.04544522240757942
205,204,low,always_act,True,16,0,0.84,0.02320786379277706,0.044524189084768295
206,205,low,always_act,True,15,0,0.85,0.017069121822714806,0.05630964785814285
207,206,low,always_act,True,15,0,0.85,0.028539400547742844,0.05771889165043831
208,207,low,always_act,False,9,0,-0.34,0.06598880887031555,0.052630845457315445
209,208,low,always_act,True,18,0,0.82,0.04965279996395111,0.027892954647541046
210,209,low,always_act,False,10,0,-0.35,0.07597490400075912,0.05595345050096512
211,210,low,always_act,True,16,0,0.84,0.02002924494445324,0.04328884184360504
212,211,low,always_act,True,10,0,0.9,0.035718608647584915,0.018855905160307884
213,212,low,always_act,True,11,0,0.89,0.019655032083392143,0.04286825284361839
214,213,low,always_act,True,15,0,0.85,0.04372840002179146,0.046489376574754715
215,214,low,always_act,True,8,0,0.9199999999999999,0.025424089282751083,0.016113078221678734
216,215,low,always_act,True,14,0,0.86,0.04324530065059662,0.03970169275999069
217,216,low,always_act,True,19,0,0.8099999999999999,0.007712189108133316,0.02414238452911377
218,217,low,always_act,False,17,0,-0.42000000000000004,0.060233138501644135,0.038543663918972015
219,218,low,always_act,True,18,0,0.82,0.023484917357563972,0.034845929592847824
220,219,low,always_act,True,13,0,0.87,0.04644862562417984,0.03447336703538895
221,220,low,always_act,True,14,0,0.86,0.04643379524350166,0.05153165012598038
222,221,low,always_act,True,9,0,0.91,0.036384373903274536,0.019353782758116722
223,222,low,always_act,True,13,0,0.87,0.043736860156059265,0.011718887835741043
224,223,low,always_act,True,15,0,0.85,0.05056365206837654,0.03031446412205696
225,224,low,always_act,True,10,0,0.9,0.03974725306034088,0.01029270887374878
226,225,low,always_act,False,11,0,-0.36,0.08924491703510284,0.05211314931511879
227,226,low,always_act,True,15,0,0.85,0.05184429883956909,0.014041989110410213
228,227,low,always_act,True,12,0,0.88,0.029791051521897316,0.023318571969866753
229,228,low,always_act,True,13,0,0.87,0.030235443264245987,0.027364499866962433
230,229,low,always_act,True,20,0,0.7999999999999999,0.011190413497388363,0.017050931230187416
231,230,low,always_act,True,9,0,0.91,0.01965133659541607,0.03710467368364334
232,231,low,always_act,True,16,0,0.84,0.03924375772476196,0.0503910630941391
233,232,low,always_act,True,14,0,0.86,0.040614429861307144,0.025282831862568855
234,233,low,always_act,True,10,0,0.9,0.02751687355339527,0.0543854646384716
235,234,low,always_act,True,15,0,0.85,0.012374184094369411,0.025888944044709206
236,235,low,always_act,True,9,0,0.91,0.02722657099366188,0.041548971086740494
237,236,low,always_act,True,14,0,0.86,0.04954062029719353,0.05836324393749237
238,237,low,always_act,True,9,0,0.91,0.012265241704881191,0.02056390419602394
239,238,low,always_act,True,16,0,0.84,0.020587770268321037,0.011154680512845516
240,239,low,always_act,True,5,0,0.95,0.041491564363241196,0.04559270292520523
241,240,low,always_act,True,11,0,0.89,0.020046018064022064,0.03510844707489014
242,241,low,always_act,True,8,0,0.9199999999999999,0.016737041994929314,0.03381149098277092
243,242,low,always_act,False,13,0,-0.38,0.0698910802602768,0.05166824534535408
244,243,low,always_act,False,15,0,-0.4,0.07026170194149017,0.052813462913036346
245,244,low,always_act,True,8,0,0.9199999999999999,0.0450928620994091,0.030645478516817093
246,245,low,always_act,True,11,0,0.89,0.0074651213362813,0.04968394339084625
247,246,low,always_act,True,8,0,0.9199999999999999,0.028635019436478615,0.02269618585705757
248,247,low,always_act,True,17,0,0.83,0.04102786257863045,0.027679670602083206
249,248,low,always_act,True,15,0,0.85,0.05848803371191025,0.0494261234998703
250,249,low,always_act,True,21,0,0.7899999999999999,0.02730536460876465,0.01579982228577137
251,250,low,always_act,False,10,0,-0.35,0.09406568109989166,0.04922205209732056
252,251,low,always_act,False,16,0,-0.41000000000000003,0.06930459290742874,0.038146257400512695
253,252,low,always_act,True,13,0,0.87,0.0086326003074646,0.02922029420733452
254,253,low,always_act,True,12,0,0.88,0.004646413028240204,0.03892199695110321
255,254,low,always_act,False,11,0,-0.36,0.06040557473897934,0.01679377257823944
256,255,low,always_act,True,15,0,0.85,0.03426714614033699,0.01936805620789528
257,256,low,always_act,True,19,0,0.8099999999999999,0.047577865421772,0.042449913918972015
258,257,low,always_act,False,17,0,-0.42000000000000004,0.06303342431783676,0.048905301839113235
259,258,low,always_act,True,15,0,0.85,0.02830204740166664,0.014425309374928474
260,259,low,always_act,True,13,0,0.87,0.034629181027412415,0.042246680706739426
261,260,low,always_act,True,19,0,0.8099999999999999,0.040200453251600266,0.025716247037053108
262,261,low,always_act,True,11,0,0.89,0.03490621596574783,0.02607191540300846
263,262,low,always_act,True,16,0,0.84,0.04128782078623772,0.030428364872932434
264,263,low,always_act,True,7,0,0.9299999999999999,0.01656949147582054,0.033989813178777695
265,264,low,always_act,True,11,0,0.89,0.024225255474448204,0.011349894106388092
266,265,low,always_act,True,6,0,0.94,0.046246834099292755,0.027612809091806412
267,266,low,always_act,True,9,0,0.91,0.020618364214897156,0.01437519770115614
268,267,low,always_act,True,12,0,0.88,0.015801172703504562,0.036512602120637894
269,268,low,always_act,True,17,0,0.83,0.03682477027177811,0.016726167872548103
270,269,low,always_act,True,10,0,0.9,0.02287008985877037,0.01705390214920044
271,270,low,always_act,True,15,0,0.85,0.019220616668462753,0.011915693990886211
272,271,low,always_act,False,17,0,-0.42000000000000004,0.09807749837636948,0.05952449142932892
273,272,low,always_act,True,10,0,0.9,0.021846963092684746,0.03370806947350502
274,273,low,always_act,True,13,0,0.87,0.046163156628608704,0.04083334654569626
275,274,low,always_act,False,15,0,-0.4,0.06282142549753189,0.03910037502646446
276,275,low,always_act,True,19,0,0.8099999999999999,0.028203444555401802,0.02463296428322792
277,276,low,always_act,True,13,0,0.87,0.040893666446208954,0.02515501342713833
278,277,low,always_act,True,10,0,0.9,0.026005472987890244,0.010157118551433086
279,278,low,always_act,True,11,0,0.89,0.0586739107966423,0.048721060156822205
280,279,low,always_act,False,13,0,-0.38,0.06977663934230804,0.03870042786002159
281,280,low,always_act,True,19,0,0.8099999999999999,0.03444693610072136,0.028672801330685616
282,281,low,always_act,True,16,0,0.84,0.041341643780469894,0.05324540659785271
283,282,low,always_act,False,10,0,-0.35,0.06943534314632416,0.021196210756897926
284,283,low,always_act,True,13,0,0.87,0.03485895320773125,0.04917691648006439
285,284,low,always_act,True,10,0,0.9,0.04659250006079674,0.03456641361117363
286,285,low,always_act,True,5,0,0.95,0.04702280834317207,0.011471648700535297
287,286,low,always_act,True,15,0,0.85,0.02674703299999237,0.015340711921453476
288,287,low,always_act,True,18,0,0.82,0.022488653659820557,0.017049897462129593
289,288,low,always_act,True,13,0,0.87,0.040878284722566605,0.04897158220410347
290,289,low,always_act,True,13,0,0.87,0.05245018005371094,0.04404354467988014
291,290,low,always_act,False,7,0,-0.32,0.0780843198299408,0.043090205639600754
292,291,low,always_act,True,9,0,0.91,0.05400099977850914,0.027086209505796432
293,292,low,always_act,True,16,0,0.84,0.03898477926850319,0.02990058995783329
294,293,low,always_act,True,17,0,0.83,0.039450664073228836,0.05211038514971733
295,294,low,always_act,True,14,0,0.86,0.012187130749225616,0.010914201848208904
296,295,low,always_act,True,4,0,0.96,0.027083223685622215,0.053096793591976166
297,296,low,always_act,True,13,0,0.87,0.05153047293424606,0.04660755395889282
298,297,low,always_act,False,5,0,-0.3,0.06374823302030563,0.04417257755994797
299,298,low,always_act,True,13,0,0.87,0.047386787831783295,0.04192882403731346
300,299,low,always_act,True,13,0,0.87,0.04687073826789856,0.026786351576447487
301,300,low,always_act,True,14,0,0.86,0.031872790306806564,0.030776824802160263
302,301,low,always_act,False,7,0,-0.32,0.08133938163518906,0.03924517333507538
303,302,low,always_act,False,15,0,-0.4,0.10098832100629807,0.05957326292991638
304,303,low,always_act,True,8,0,0.9199999999999999,0.04895097389817238,0.04166784882545471
305,304,low,always_act,True,17,0,0.83,0.011209632270038128,0.010786538012325764
306,305,low,always_act,True,16,0,0.84,0.02116340398788452,0.03422955796122551
307,306,low,always_act,False,5,0,-0.3,0.07646665722131729,0.032285258173942566
308,307,low,always_act,True,15,0,0.85,0.01962260529398918,0.01933269388973713
309,308,low,always_act,True,14,0,0.86,0.04042023792862892,0.013177171349525452
310,309,low,always_act,False,4,0,-0.29000000000000004,0.0860329419374466,0.05952471122145653
311,310,low,always_act,True,17,0,0.83,0.03920402377843857,0.030627235770225525
312,311,low,always_act,True,10,0,0.9,0.021299995481967926,0.038233302533626556
313,312,low,always_act,True,11,0,0.89,0.03155774250626564,0.049232080578804016
314,313,low,always_act,True,13,0,0.87,0.021080128848552704,0.01651543565094471
315,314,low,always_act,True,18,0,0.82,0.03905064985156059,0.04925122112035751
316,315,low,always_act,True,18,0,0.82,0.05344028025865555,0.04755258932709694
317,316,low,always_act,True,15,0,0.85,0.05280857905745506,0.013199221342802048
318,317,low,always_act,True,16,0,0.84,0.019987983629107475,0.011598481796681881
319,318,low,always_act,True,19,0,0.8099999999999999,0.04417683556675911,0.022549523040652275
320,319,low,always_act,True,14,0,0.86,0.03502262383699417,0.04989158362150192
321,320,low,always_act,True,17,0,0.83,0.02911701239645481,0.0412319153547287
322,321,low,always_act,True,17,0,0.83,0.05562910810112953,0.014045614749193192
323,322,low,always_act,True,10,0,0.9,0.017236273735761642,0.016697444021701813
324,323,low,always_act,True,15,0,0.85,0.03949597105383873,0.013498671352863312
325,324,low,always_act,True,11,0,0.89,0.026071548461914062,0.014566970057785511
326,325,low,always_act,True,10,0,0.9,0.04266012832522392,0.05018109828233719
327,326,low,always_act,False,8,0,-0.33,0.08257033675909042,0.05882733687758446
328,327,low,always_act,True,11,0,0.89,0.03789454326033592,0.019966604188084602
329,328,low,always_act,True,16,0,0.84,0.019621465355157852,0.01023703534156084
330,329,low,always_act,True,7,0,0.9299999999999999,0.04103921353816986,0.03689466789364815
331,330,low,always_act,True,21,0,0.7899999999999999,0.016678115352988243,0.03214719519019127
332,331,low,always_act,True,9,0,0.91,0.0161199402064085,0.024419985711574554
333,332,low,always_act,True,13,0,0.87,0.010187448002398014,0.011853917501866817
334,333,low,always_act,True,19,0,0.8099999999999999,0.04559802636504173,0.04249618574976921
335,334,low,always_act,False,9,0,-0.34,0.09114259481430054,0.0565108060836792
336,335,low,always_act,True,10,0,0.9,0.026617737486958504,0.033569615334272385
337,336,low,always_act,True,16,0,0.84,0.01450325082987547,0.03605211526155472
338,337,low,always_act,False,5,0,-0.3,0.06342411041259766,0.05697958171367645
339,338,low,always_act,False,18,0,-0.43000000000000005,0.07785027474164963,0.041765205562114716
340,339,low,always_act,True,15,0,0.85,0.028146184980869293,0.040198516100645065
341,340,low,always_act,True,16,0,0.84,0.023521414026618004,0.021057765930891037
342,341,low,always_act,False,12,0,-0.37,0.07144337892532349,0.05196484178304672
343,342,low,always_act,True,13,0,0.87,0.02109573595225811,0.029301175847649574
344,343,low,always_act,True,13,0,0.87,0.03872321546077728,0.013546554371714592
345,344,low,always_act,False,12,0,-0.37,0.09009499102830887,0.05723052844405174
346,345,low,always_act,True,12,0,0.88,0.055839963257312775,0.052157845348119736
347,346,low,always_act,False,10,0,-0.35,0.0784119963645935,0.03778013214468956
348,347,low,always_act,True,11,0,0.89,0.05546518787741661,0.0309333223849535
349,348,low,always_act,True,11,0,0.89,0.03368478640913963,0.027256445959210396
350,349,low,always_act,True,11,0,0.89,0.04399005323648453,0.05117174610495567
351,350,low,always_act,True,16,0,0.84,0.01859690621495247,0.011513294652104378
352,351,low,always_act,True,13,0,0.87,0.04498191550374031,0.046555399894714355
353,352,low,always_act,False,10,0,-0.35,0.06224549561738968,0.05588659644126892
354,353,low,always_act,True,14,0,0.86,0.043491411954164505,0.015454471111297607
355,354,low,always_act,True,11,0,0.89,0.022513413801789284,0.02553052455186844
356,355,low,always_act,True,12,0,0.88,0.02377215586602688,0.035515692085027695
357,356,low,always_act,True,9,0,0.91,0.010991963557898998,0.015136873349547386
358,357,low,always_act,True,8,0,0.9199999999999999,0.015157247893512249,0.013739355839788914
359,358,low,always_act,True,13,0,0.87,0.04188234731554985,0.05431285500526428
360,359,low,always_act,False,12,0,-0.37,0.06193595007061958,0.0562908872961998
361,360,low,always_act,True,20,0,0.7999999999999999,0.017123501747846603,0.01106981746852398
362,361,low,always_act,True,11,0,0.89,0.030601460486650467,0.024264946579933167
363,362,low,always_act,True,10,0,0.9,0.05730486288666725,0.024480363354086876
364,363,low,always_act,True,20,0,0.7999999999999999,0.040533646941185,0.034506622701883316
365,364,low,always_act,True,12,0,0.88,0.012558813206851482,0.020418018102645874
366,365,low,always_act,True,17,0,0.83,0.0299086757004261,0.039969973266124725
367,366,low,always_act,True,10,0,0.9,0.05543942376971245,0.051217079162597656
368,367,low,always_act,True,16,0,0.84,0.020811401307582855,0.012846201658248901
369,368,low,always_act,True,11,0,0.89,0.050080154091119766,0.046309102326631546
370,369,low,always_act,True,14,0,0.86,0.04185442626476288,0.05150735750794411
371,370,low,always_act,False,18,0,-0.43000000000000005,0.062060434371232986,0.04769991338253021
372,371,low,always_act,False,14,0,-0.39,0.07347236573696136,0.055439986288547516
373,372,low,always_act,True,15,0,0.85,0.037711773067712784,0.049713220447301865
374,373,low,always_act,False,16,0,-0.41000000000000003,0.07623938471078873,0.0513780415058136
375,374,low,always_act,False,9,0,-0.34,0.06284795701503754,0.047703541815280914
376,375,low,always_act,False,19,0,-0.44000000000000006,0.08846119791269302,0.056396014988422394
377,376,low,always_act,True,14,0,0.86,0.0033682205248624086,0.028379108756780624
378,377,low,always_act,True,9,0,0.91,0.008863565512001514,0.03391179442405701
379,378,low,always_act,True,10,0,0.9,0.017469441518187523,0.0179892685264349
380,379,low,always_act,True,14,0,0.86,0.025502122938632965,0.047507744282484055
381,380,low,always_act,True,5,0,0.95,0.013954873196780682,0.03228985518217087
382,381,low,always_act,True,19,0,0.8099999999999999,0.040653590112924576,0.02957722917199135
383,382,low,always_act,True,10,0,0.9,0.030730130150914192,0.052256181836128235
384,383,low,always_act,True,13,0,0.87,0.028811566531658173,0.03034254163503647
385,384,low,always_act,False,16,0,-0.41000000000000003,0.061998218297958374,0.04636458680033684
386,385,low,always_act,True,12,0,0.88,0.01630987972021103,0.010435379110276699
387,386,low,always_act,True,8,0,0.9199999999999999,0.02721099741756916,0.023020604625344276
388,387,low,always_act,True,9,0,0.91,0.03568083047866821,0.021257678046822548
389,388,low,always_act,True,14,0,0.86,0.028182514011859894,0.018661612644791603
390,389,low,always_act,True,9,0,0.91,0.027640007436275482,0.014391751028597355
391,390,low,always_act,True,19,0,0.8099999999999999,0.04519258067011833,0.010329779237508774
392,391,low,always_act,False,14,0,-0.39,0.06303109228610992,0.04445386677980423
393,392,low,always_act,True,9,0,0.91,0.01226813904941082,0.030971350148320198
394,393,low,always_act,True,9,0,0.91,0.017191320657730103,0.042527299374341965
395,394,low,always_act,True,13,0,0.87,0.015075622126460075,0.013606568798422813
396,395,low,always_act,True,11,0,0.89,0.011935925111174583,0.02155437506735325
397,396,low,always_act,True,8,0,0.9199999999999999,0.024243779480457306,0.014172667637467384
398,397,low,always_act,True,15,0,0.85,0.0020044809207320213,0.012143583036959171
399,398,low,always_act,False,14,0,-0.39,0.07395347952842712,0.05411037430167198
400,399,low,always_act,False,15,0,-0.4,0.06009724363684654,0.04155420511960983
401,400,low,always_act,True,11,0,0.89,0.032337967306375504,0.030194910243153572
402,401,low,always_act,True,13,0,0.87,0.034595414996147156,0.029330750927329063
403,402,low,always_act,False,14,0,-0.39,0.06498128175735474,0.04621410742402077
404,403,low,always_act,True,15,0,0.85,0.02859061397612095,0.03102789632976055
405,404,low,always_act,True,10,0,0.9,0.0029020479414612055,0.0205256175249815
406,405,low,always_act,True,14,0,0.86,0.04884937405586243,0.029091082513332367
407,406,low,always_act,True,3,0,0.97,0.047179076820611954,0.01611008308827877
408,407,low,always_act,True,6,0,0.94,0.03975798189640045,0.027941789478063583
409,408,low,always_act,False,10,0,-0.35,0.06390070915222168,0.01813625916838646
410,409,low,always_act,True,9,0,0.91,0.01678486354649067,0.015864428132772446
411,410,low,always_act,False,15,0,-0.4,0.06771942228078842,0.04295629262924194
412,411,low,always_act,True,14,0,0.86,0.05260677635669708,0.05007147043943405
413,412,low,always_act,False,13,0,-0.38,0.07970704138278961,0.05602988228201866
414,413,low,always_act,True,8,0,0.9199999999999999,0.049489978700876236,0.022789455950260162
415,414,low,always_act,True,12,0,0.88,0.022383594885468483,0.028123071417212486
416,415,low,always_act,False,16,0,-0.41000000000000003,0.06960764527320862,0.059017572551965714
417,416,low,always_act,True,8,0,0.9199999999999999,0.045322272926568985,0.03604845702648163
418,417,low,always_act,True,17,0,0.83,0.004991329740732908,0.023095084354281425
419,418,low,always_act,True,16,0,0.84,0.04730507731437683,0.04690844938158989
420,419,low,always_act,True,20,0,0.7999999999999999,0.010269124992191792,0.02041364461183548
421,420,low,always_act,False,18,0,-0.43000000000000005,0.0792766585946083,0.050266411155462265
422,421,low,always_act,True,6,0,0.94,0.01934739574790001,0.01965847797691822
423,422,low,always_act,False,14,0,-0.39,0.07535357773303986,0.052362486720085144
424,423,low,always_act,True,13,0,0.87,0.04459629952907562,0.027388503775000572
425,424,low,always_act,True,13,0,0.87,0.020095372572541237,0.027484092861413956
426,425,low,always_act,False,4,0,-0.29000000000000004,0.06016162410378456,0.05243669077754021
427,426,low,always_act,True,10,0,0.9,0.01788678579032421,0.023085661232471466
428,427,low,always_act,True,17,0,0.83,0.0441056489944458,0.05858030542731285
429,428,low,always_act,False,13,0,-0.38,0.09186847507953644,0.05847339704632759
430,429,low,always_act,False,8,0,-0.33,0.09456363320350647,0.056780144572257996
431,430,low,always_act,True,17,0,0.83,0.030477020889520645,0.020208803936839104
432,431,low,always_act,True,13,0,0.87,0.04471741244196892,0.02939426526427269
433,432,low,always_act,True,14,0,0.86,0.04276173561811447,0.01845913752913475
434,433,low,always_act,True,12,0,0.88,0.02482837438583374,0.023255277425050735
435,434,low,always_act,False,11,0,-0.36,0.06770499050617218,0.012066624127328396
436,435,low,always_act,True,14,0,0.86,0.029708687216043472,0.03455332666635513
437,436,low,always_act,True,9,0,0.91,0.01901848055422306,0.051114533096551895
438,437,low,always_act,True,13,0,0.87,0.043702468276023865,0.051773782819509506
439,438,low,always_act,True,17,0,0.83,0.04817641153931618,0.049164801836013794
440,439,low,always_act,True,18,0,0.82,0.0169246606528759,0.02533557452261448
441,440,low,always_act,True,16,0,0.84,0.012666392140090466,0.02237638831138611
442,441,low,always_act,True,10,0,0.9,0.02976408414542675,0.04560501128435135
443,442,low,always_act,True,14,0,0.86,0.055802106857299805,0.015008264221251011
444,443,low,always_act,False,7,0,-0.32,0.0717841163277626,0.04061577469110489
445,444,low,always_act,True,13,0,0.87,0.04548141732811928,0.028970466926693916
446,445,low,always_act,True,9,0,0.91,0.03246074914932251,0.04644434154033661
447,446,low,always_act,True,16,0,0.84,0.054272379726171494,0.05013493075966835
448,447,low,always_act,True,15,0,0.85,0.02314469777047634,0.03357389196753502
449,448,low,always_act,True,3,0,0.97,0.04863959923386574,0.031022915616631508
450,449,low,always_act,True,15,0,0.85,0.00992886908352375,0.03650609031319618
451,450,low,always_act,True,8,0,0.9199999999999999,0.05294195935130119,0.049611154943704605
452,451,low,always_act,True,8,0,0.9199999999999999,0.02868609130382538,0.03456604853272438
453,452,low,always_act,True,15,0,0.85,0.025692977011203766,0.018838247284293175
454,453,low,always_act,True,8,0,0.9199999999999999,0.05529144033789635,0.026134250685572624
455,454,low,always_act,True,9,0,0.91,0.01740258000791073,0.020320797339081764
456,455,low,always_act,False,16,0,-0.41000000000000003,0.07018186151981354,0.03948678448796272
457,456,low,always_act,True,11,0,0.89,0.033005040138959885,0.048553720116615295
458,457,low,always_act,True,15,0,0.85,0.016257066279649734,0.03261981159448624
459,458,low,always_act,True,12,0,0.88,0.009461726993322372,0.038467131555080414
460,459,low,always_act,True,15,0,0.85,0.034305639564991,0.0499383769929409
461,460,low,always_act,True,13,0,0.87,0.03429444506764412,0.03260088339447975
462,461,low,always_act,True,15,0,0.85,0.04835295304656029,0.02975902147591114
463,462,low,always_act,False,15,0,-0.4,0.0686381533741951,0.03918955475091934
464,463,low,always_act,True,15,0,0.85,0.043032385408878326,0.012777920812368393
465,464,low,always_act,True,12,0,0.88,0.03648899495601654,0.03573296591639519
466,465,low,always_act,True,15,0,0.85,0.0052147433161735535,0.051227111369371414
467,466,low,always_act,True,7,0,0.9299999999999999,0.028348339721560478,0.02190607413649559
468,467,low,always_act,True,13,0,0.87,0.040725961327552795,0.04571187496185303
469,468,low,always_act,True,19,0,0.8099999999999999,0.01934857852756977,0.02161950245499611
470,469,low,always_act,True,18,0,0.82,0.016112174838781357,0.018538042902946472
471,470,low,always_act,True,8,0,0.9199999999999999,0.047402266412973404,0.056021615862846375
472,471,low,always_act,True,7,0,0.9299999999999999,0.03489140048623085,0.036454834043979645
473,472,low,always_act,True,12,0,0.88,0.032257430255413055,0.03108559176325798
474,473,low,always_act,True,14,0,0.86,0.03216489404439926,0.05148738622665405
475,474,low,always_act,True,15,0,0.85,0.017951691523194313,0.011362900026142597
476,475,low,always_act,True,11,0,0.89,0.035196103155612946,0.050014086067676544
477,476,low,always_act,True,8,0,0.9199999999999999,0.021861905232071877,0.03112952969968319
478,477,low,always_act,False,16,0,-0.41000000000000003,0.07180728763341904,0.04690267890691757
479,478,low,always_act,True,10,0,0.9,0.02550513856112957,0.03267544507980347
480,479,low,always_act,True,10,0,0.9,0.05843092128634453,0.03544135019183159
481,480,low,always_act,True,15,0,0.85,0.05071623623371124,0.020528331398963928
482,481,low,always_act,True,17,0,0.83,0.038873665034770966,0.03851229324936867
483,482,low,always_act,True,12,0,0.88,0.04882170259952545,0.0457988940179348
484,483,low,always_act,False,6,0,-0.31,0.06366869062185287,0.012456643395125866
485,484,low,always_act,True,14,0,0.86,0.04704221710562706,0.02453034184873104
486,485,low,always_act,True,11,0,0.89,0.034613508731126785,0.04978681728243828
487,486,low,always_act,True,20,0,0.7999999999999999,0.01566888391971588,0.01489916630089283
488,487,low,always_act,False,9,0,-0.34,0.06608635187149048,0.059083953499794006
489,488,low,always_act,True,2,0,0.98,0.03770561143755913,0.05663732811808586
490,489,low,always_act,True,17,0,0.83,0.016395946964621544,0.026965392753481865
491,490,low,always_act,True,8,0,0.9199999999999999,0.02621273323893547,0.014264838770031929
492,491,low,always_act,True,19,0,0.8099999999999999,0.029623374342918396,0.05308936908841133
493,492,low,always_act,True,15,0,0.85,0.04289579018950462,0.03455989062786102
494,493,low,always_act,True,18,0,0.82,0.027781713753938675,0.03238324820995331
495,494,low,always_act,False,18,0,-0.43000000000000005,0.0651017278432846,0.03829968720674515
496,495,low,always_act,True,17,0,0.83,0.010872885584831238,0.028058413416147232
497,496,low,always_act,True,15,0,0.85,0.053091470152139664,0.058029890060424805
498,497,low,always_act,True,13,0,0.87,0.02877712808549404,0.024298910051584244
499,498,low,always_act,True,19,0,0.8099999999999999,0.02142334170639515,0.033499252051115036
500,499,low,always_act,False,16,0,-0.41000000000000003,0.06605440378189087,0.050812769681215286
501,500,low,always_act,True,16,0,0.84,0.038625940680503845,0.044018711894750595
502,501,low,always_act,True,18,0,0.82,0.04804408922791481,0.04016399383544922
503,502,low,always_act,True,7,0,0.9299999999999999,0.047546833753585815,0.023778053000569344
504,503,low,always_act,True,8,0,0.9199999999999999,0.055963609367609024,0.03430536016821861
505,504,low,always_act,True,2,0,0.98,0.046656738966703415,0.05120353028178215
506,505,low,always_act,True,17,0,0.83,0.052423007786273956,0.028997721150517464
507,506,low,always_act,True,9,0,0.91,0.02251017838716507,0.012725351378321648
508,507,low,always_act,True,8,0,0.9199999999999999,0.03226780891418457,0.02472362481057644
509,508,low,always_act,True,14,0,0.86,0.02415400929749012,0.043533340096473694
510,509,low,always_act,True,16,0,0.84,0.028151031583547592,0.03058443032205105
511,510,low,always_act,False,11,0,-0.36,0.07906819134950638,0.05765014886856079
512,511,low,always_act,True,16,0,0.84,0.049903739243745804,0.05182343348860741
513,512,low,always_act,True,16,0,0.84,0.01866655983030796,0.029256513342261314
514,513,low,always_act,True,8,0,0.9199999999999999,0.0458822026848793,0.04465008154511452
515,514,low,always_act,True,17,0,0.83,0.007081187330186367,0.015960942953824997
516,515,low,always_act,False,10,0,-0.35,0.0767945945262909,0.04568709060549736
517,516,low,always_act,True,11,0,0.89,0.018844816833734512,0.03414080664515495
518,517,low,always_act,True,14,0,0.86,0.034155018627643585,0.049282435327768326
519,518,low,always_act,False,14,0,-0.39,0.07618115097284317,0.05865814536809921
520,519,low,always_act,True,4,0,0.96,0.027899162843823433,0.02341274544596672
521,520,low,always_act,True,8,0,0.9199999999999999,0.0590088926255703,0.04780508950352669
522,521,low,always_act,True,13,0,0.87,0.05853688716888428,0.01190300565212965
523,522,low,always_act,True,11,0,0.89,0.04891328513622284,0.021776767447590828
524,523,low,always_act,False,14,0,-0.39,0.09747707843780518,0.05641845241189003
525,524,low,always_act,True,9,0,0.91,0.023221950978040695,0.048449963331222534
526,525,low,always_act,True,12,0,0.88,0.03166424110531807,0.025993719696998596
527,526,low,always_act,True,7,0,0.9299999999999999,0.004093423020094633,0.02530832029879093
528,527,low,always_act,True,12,0,0.88,0.021254481747746468,0.02774898335337639
529,528,low,always_act,True,14,0,0.86,0.05764903128147125,0.03270938992500305
530,529,low,always_act,True,7,0,0.9299999999999999,0.04249502718448639,0.02853226661682129
531,530,low,always_act,True,11,0,0.89,0.0156099246814847,0.02004357799887657
532,531,low,always_act,True,20,0,0.7999999999999999,0.01686536893248558,0.02590877190232277
533,532,low,always_act,True,4,0,0.96,0.04993506148457527,0.049773506820201874
534,533,low,always_act,True,14,0,0.86,0.01605289988219738,0.026248527690768242
535,534,low,always_act,True,17,0,0.83,0.03210599347949028,0.02794685773551464
536,535,low,always_act,True,16,0,0.84,0.024520209059119225,0.01205111388117075
537,536,low,always_act,True,5,0,0.95,0.04161165654659271,0.010669511742889881
538,537,low,always_act,False,14,0,-0.39,0.072191022336483,0.05536402016878128
539,538,low,always_act,True,17,0,0.83,0.0403391495347023,0.02160879224538803
540,539,low,always_act,True,8,0,0.9199999999999999,0.02444273792207241,0.012696156278252602
541,540,low,always_act,True,8,0,0.9199999999999999,0.025657184422016144,0.012771325185894966
542,541,low,always_act,True,13,0,0.87,0.05001667141914368,0.026880519464612007
543,542,low,always_act,True,20,0,0.7999999999999999,0.04990790784358978,0.041319701820611954
544,543,low,always_act,True,13,0,0.87,0.03935375064611435,0.039872705936431885
545,544,low,always_act,True,15,0,0.85,0.02405680902302265,0.03474750742316246
546,545,low,always_act,True,14,0,0.86,0.004251965321600437,0.016296327114105225
547,546,low,always_act,False,14,0,-0.39,0.06470880657434464,0.04413327947258949
548,547,low,always_act,False,11,0,-0.36,0.06662081927061081,0.01147148571908474
549,548,low,always_act,True,10,0,0.9,0.054159313440322876,0.04975628852844238
550,549,low,always_act,True,9,0,0.91,0.04970197007060051,0.04153057932853699
551,550,low,always_act,True,15,0,0.85,0.04900746792554855,0.01514314953237772
552,551,low,always_act,True,15,0,0.85,0.05316099897027016,0.04353531077504158
553,552,low,always_act,False,5,0,-0.3,0.06575185060501099,0.03951132670044899
554,553,low,always_act,True,15,0,0.85,0.04296378791332245,0.034470826387405396
555,554,low,always_act,True,17,0,0.83,0.02851116470992565,0.03430027514696121
556,555,low,always_act,False,4,0,-0.29000000000000004,0.06202683225274086,0.049093179404735565
557,556,low,always_act,False,11,0,-0.36,0.08064211905002594,0.05354291945695877
558,557,low,always_act,True,14,0,0.86,0.05556626617908478,0.04134800285100937
559,558,low,always_act,True,11,0,0.89,0.03299354016780853,0.017686577513813972
560,559,low,always_act,True,18,0,0.82,0.006033360958099365,0.02882525324821472
561,560,low,always_act,True,8,0,0.9199999999999999,0.03735702112317085,0.032298844307661057
562,561,low,always_act,True,17,0,0.83,0.038534894585609436,0.03928088769316673
563,562,low,always_act,True,11,0,0.89,0.020892806351184845,0.020653843879699707
564,563,low,always_act,True,15,0,0.85,0.028209300711750984,0.017652589827775955
565,564,low,always_act,True,14,0,0.86,0.044618185609579086,0.014421477913856506
566,565,low,always_act,True,13,0,0.87,0.03164398670196533,0.010551507584750652
567,566,low,always_act,False,19,0,-0.44000000000000006,0.06308019161224365,0.05931253358721733
568,567,low,always_act,True,16,0,0.84,0.04433945193886757,0.058348651975393295
569,568,low,always_act,False,18,0,-0.43000000000000005,0.06890890747308731,0.04409375786781311
570,569,low,always_act,True,13,0,0.87,0.03556223213672638,0.05509268864989281
571,570,low,always_act,False,11,0,-0.36,0.06337548792362213,0.057930272072553635
572,571,low,always_act,False,13,0,-0.38,0.06359271705150604,0.052778419107198715
573,572,low,always_act,False,10,0,-0.35,0.07207000255584717,0.05818405747413635
574,573,low,always_act,True,15,0,0.85,0.049232833087444305,0.04003781080245972
575,574,low,always_act,True,16,0,0.84,0.01021477859467268,0.0333290658891201
576,575,low,always_act,True,7,0,0.9299999999999999,0.0562051385641098,0.05662146210670471
577,576,low,always_act,True,18,0,0.82,0.04833950102329254,0.020122963935136795
578,577,low,always_act,True,11,0,0.89,0.012809921987354755,0.01125840749591589
579,578,low,always_act,False,7,0,-0.32,0.06410840153694153,0.03050175867974758
580,579,low,always_act,True,15,0,0.85,0.044869594275951385,0.04820019751787186
581,580,low,always_act,True,4,0,0.96,0.007830753922462463,0.0268287044018507
582,581,low,always_act,True,9,0,0.91,0.0521099716424942,0.047015056014060974
583,582,low,always_act,True,6,0,0.94,0.018835389986634254,0.011318174190819263
584,583,low,always_act,True,6,0,0.94,0.05992896482348442,0.03743361309170723
585,584,low,always_act,True,17,0,0.83,0.051068805158138275,0.03277413547039032
586,585,low,always_act,True,16,0,0.84,0.029368329793214798,0.028990421444177628
587,586,low,always_act,True,10,0,0.9,0.028961684554815292,0.03578238561749458
588,587,low,always_act,True,6,0,0.94,0.031070245429873466,0.013281883671879768
589,588,low,always_act,True,21,0,0.7899999999999999,0.05847792699933052,0.052814606577157974
590,589,low,always_act,True,12,0,0.88,0.009378833696246147,0.010490592569112778
591,590,low,always_act,True,13,0,0.87,0.030751908197999,0.037591177970170975
592,591,low,always_act,True,8,0,0.9199999999999999,0.04596191272139549,0.03826988860964775
593,592,low,always_act,True,3,0,0.97,0.04046523571014404,0.025756390765309334
594,593,low,always_act,True,18,0,0.82,0.012682109139859676,0.029356230050325394
595,594,low,always_act,True,9,0,0.91,0.041759029030799866,0.032063838094472885
596,595,low,always_act,False,17,0,-0.42000000000000004,0.06042792275547981,0.0237197894603014
597,596,low,always_act,True,12,0,0.88,0.02510378323495388,0.05133172124624252
598,597,low,always_act,True,15,0,0.85,0.037618137896060944,0.045256633311510086
599,598,low,always_act,True,21,0,0.7899999999999999,0.046577975153923035,0.025896478444337845
600,599,low,always_act,True,17,0,0.83,0.0337468758225441,0.015577285550534725
601,600,low,always_act,True,4,0,0.96,0.056566137820482254,0.041711654514074326
602,601,low,always_act,True,13,0,0.87,0.030712880194187164,0.04230854660272598
603,602,low,always_act,True,15,0,0.85,0.03266572207212448,0.022198496386408806
604,603,low,always_act,True,8,0,0.9199999999999999,0.018586991354823112,0.012470163404941559
605,604,low,always_act,True,5,0,0.95,0.050143174827098846,0.04045020416378975
606,605,low,always_act,True,13,0,0.87,0.04272817447781563,0.03797655552625656
607,606,low,always_act,True,17,0,0.83,0.0185999795794487,0.034936148673295975
608,607,low,always_act,True,14,0,0.86,0.059417974203825,0.04292556643486023
609,608,low,always_act,False,14,0,-0.39,0.08635314553976059,0.05924305319786072
610,609,low,always_act,True,12,0,0.88,0.03756467625498772,0.040461961179971695
611,610,low,always_act,True,10,0,0.9,0.005643556360155344,0.013472496531903744
612,611,low,always_act,True,17,0,0.83,0.026301270350813866,0.049288228154182434
613,612,low,always_act,True,7,0,0.9299999999999999,0.012820711359381676,0.028637878596782684
614,613,low,always_act,True,18,0,0.82,0.029460472986102104,0.04083039611577988
615,614,low,always_act,False,3,0,-0.28,0.06054871529340744,0.0525771826505661
616,615,low,always_act,True,16,0,0.84,0.04714907333254814,0.04621059447526932
617,616,low,always_act,True,15,0,0.85,0.053144168108701706,0.038753509521484375
618,617,low,always_act,True,5,0,0.95,0.02239128388464451,0.026601584628224373
619,618,low,always_act,True,13,0,0.87,0.045736584812402725,0.025467418134212494
620,619,low,always_act,True,9,0,0.91,0.03480972722172737,0.0475149042904377
621,620,low,always_act,True,16,0,0.84,0.04377996549010277,0.02834075130522251
622,621,low,always_act,True,12,0,0.88,0.025362804532051086,0.02185056544840336
623,622,low,always_act,True,4,0,0.96,0.05912649258971214,0.03731333464384079
624,623,low,always_act,True,14,0,0.86,0.02968081459403038,0.057680897414684296
625,624,low,always_act,True,3,0,0.97,0.03165660426020622,0.02579844370484352
626,625,low,always_act,True,11,0,0.89,0.057612430304288864,0.05648982897400856
627,626,low,always_act,True,15,0,0.85,0.05889026075601578,0.04018509387969971
628,627,low,always_act,True,9,0,0.91,0.043449822813272476,0.035886067897081375
629,628,low,always_act,True,17,0,0.83,0.059712402522563934,0.04380045458674431
630,629,low,always_act,True,14,0,0.86,0.05772772058844566,0.030925286933779716
631,630,low,always_act,False,8,0,-0.33,0.1009368896484375,0.05406874790787697
632,631,low,always_act,True,14,0,0.86,0.029788201674818993,0.05250253900885582
633,632,low,always_act,True,9,0,0.91,0.05098707228899002,0.055683527141809464
634,633,low,always_act,False,12,0,-0.37,0.06255064159631729,0.04815912991762161
635,634,low,always_act,True,17,0,0.83,0.03469373285770416,0.014361017383635044
636,635,low,always_act,True,15,0,0.85,0.049269430339336395,0.04750145971775055
637,636,low,always_act,True,8,0,0.9199999999999999,0.030333010479807854,0.01535793300718069
638,637,low,always_act,True,8,0,0.9199999999999999,0.019870946183800697,0.03486982360482216
639,638,low,always_act,True,12,0,0.88,0.033858925104141235,0.013560518622398376
640,639,low,always_act,True,19,0,0.8099999999999999,0.04175683856010437,0.022887639701366425
641,640,low,always_act,True,13,0,0.87,0.029054654762148857,0.01895461417734623
642,641,low,always_act,True,14,0,0.86,0.03603405877947807,0.05646101012825966
643,642,low,always_act,False,12,0,-0.37,0.06039607897400856,0.026623576879501343
644,643,low,always_act,True,3,0,0.97,0.02234037034213543,0.027192460373044014
645,644,low,always_act,False,11,0,-0.36,0.06419956684112549,0.01107440423220396
646,645,low,always_act,True,11,0,0.89,0.02406512200832367,0.03223023936152458
647,646,low,always_act,True,9,0,0.91,0.05776481702923775,0.05034377798438072
648,647,low,always_act,True,9,0,0.91,0.05043770372867584,0.05150874704122543
649,648,low,always_act,True,12,0,0.88,0.04211760684847832,0.03343189135193825
650,649,low,always_act,True,17,0,0.83,0.03040814958512783,0.03736797347664833
651,650,low,always_act,True,12,0,0.88,0.051489800214767456,0.048284076154232025
652,651,low,always_act,True,14,0,0.86,0.035703789442777634,0.021277351304888725
653,652,low,always_act,True,11,0,0.89,0.04552784562110901,0.02128933183848858
654,653,low,always_act,True,12,0,0.88,0.022040443494915962,0.025163646787405014
655,654,low,always_act,True,16,0,0.84,0.04820243641734123,0.037994634360075
656,655,low,always_act,True,8,0,0.9199999999999999,0.0241891797631979,0.02758662775158882
657,656,low,always_act,False,12,0,-0.37,0.07150628417730331,0.05372671037912369
658,657,low,always_act,True,17,0,0.83,0.03571261465549469,0.04640816152095795
659,658,low,always_act,True,3,0,0.97,0.05987777188420296,0.04590475186705589
660,659,low,always_act,False,1,0,-0.26,0.0849793329834938,0.056241147220134735
661,660,low,always_act,True,15,0,0.85,0.049876414239406586,0.01812835969030857
662,661,low,always_act,True,10,0,0.9,0.03661128506064415,0.028833851218223572
663,662,low,always_act,True,3,0,0.97,0.03928114101290703,0.03618486225605011
664,663,low,always_act,True,3,0,0.97,0.04351337254047394,0.059863463044166565
665,664,low,always_act,True,16,0,0.84,0.05253664404153824,0.02024509385228157
666,665,low,always_act,True,7,0,0.9299999999999999,0.040463972836732864,0.020096825435757637
667,666,low,always_act,False,14,0,-0.39,0.08644173294305801,0.04900147393345833
668,667,low,always_act,True,13,0,0.87,0.05392554774880409,0.05796012654900551
669,668,low,always_act,False,12,0,-0.37,0.07254907488822937,0.05972498655319214
670,669,low,always_act,True,4,0,0.96,0.014261268079280853,0.010281240567564964
671,670,low,always_act,True,9,0,0.91,0.03167952969670296,0.03661372885107994
672,671,low,always_act,True,17,0,0.83,0.02029656618833542,0.03620882332324982
673,672,low,always_act,True,14,0,0.86,0.03524979576468468,0.010734768584370613
674,673,low,always_act,False,18,0,-0.43000000000000005,0.06296253949403763,0.042653098702430725
675,674,low,always_act,True,13,0,0.87,0.0387582927942276,0.04618069529533386
676,675,low,always_act,False,14,0,-0.39,0.10108641535043716,0.054135460406541824
677,676,low,always_act,False,9,0,-0.34,0.06928165256977081,0.025901425629854202
678,677,low,always_act,True,11,0,0.89,0.03262936696410179,0.047103945165872574
679,678,low,always_act,True,13,0,0.87,0.04228693246841431,0.049134254455566406
680,679,low,always_act,True,7,0,0.9299999999999999,0.03607853502035141,0.04917611926794052
681,680,low,always_act,True,4,0,0.96,0.01171757560223341,0.012316481210291386
682,681,low,always_act,True,10,0,0.9,0.031022531911730766,0.018358765169978142
683,682,low,always_act,False,12,0,-0.37,0.06564874202013016,0.054557908326387405
684,683,low,always_act,True,20,0,0.7999999999999999,0.026334699243307114,0.0160202756524086
685,684,low,always_act,True,13,0,0.87,0.056807637214660645,0.0496293343603611
686,685,low,always_act,True,14,0,0.86,0.040413279086351395,0.01165050733834505
687,686,low,always_act,True,12,0,0.88,0.027460388839244843,0.03349854424595833
688,687,low,always_act,True,13,0,0.87,0.057791028171777725,0.05948152393102646
689,688,low,always_act,True,8,0,0.9199999999999999,0.03989936411380768,0.015930350869894028
690,689,low,always_act,True,13,0,0.87,0.02110457792878151,0.03927593305706978
691,690,low,always_act,True,21,0,0.7899999999999999,0.014611104503273964,0.01566906087100506
692,691,low,always_act,False,14,0,-0.39,0.07252690941095352,0.043932199478149414
693,692,low,always_act,True,4,0,0.96,0.029695309698581696,0.029336625710129738
694,693,low,always_act,True,14,0,0.86,0.05997486412525177,0.0532066747546196
695,694,low,always_act,True,14,0,0.86,0.012221607379615307,0.03831366449594498
696,695,low,always_act,True,6,0,0.94,0.04995410144329071,0.03352762386202812
697,696,low,always_act,True,10,0,0.9,0.04573046416044235,0.03633235767483711
698,697,low,always_act,True,7,0,0.9299999999999999,0.024258000776171684,0.0194257739931345
699,698,low,always_act,True,17,0,0.83,0.0527939572930336,0.058609236031770706
700,699,low,always_act,True,13,0,0.87,0.015335382893681526,0.027342408895492554
701,700,low,always_act,True,7,0,0.9299999999999999,0.025114009156823158,0.04907297343015671
702,701,low,always_act,True,20,0,0.7999999999999999,0.058733001351356506,0.03773820400238037
703,702,low,always_act,True,5,0,0.95,0.05212265998125076,0.01419652160257101
704,703,low,always_act,True,14,0,0.86,0.05127355083823204,0.05717463418841362
705,704,low,always_act,True,16,0,0.84,0.02322409301996231,0.023526091128587723
706,705,low,always_act,True,8,0,0.9199999999999999,0.042200762778520584,0.05197758600115776
707,706,low,always_act,True,7,0,0.9299999999999999,0.05369025096297264,0.05692797154188156
708,707,low,always_act,True,14,0,0.86,0.04308987408876419,0.04497962445020676
709,708,low,always_act,True,18,0,0.82,0.02143600396811962,0.017732571810483932
710,709,low,always_act,True,15,0,0.85,0.04863372817635536,0.022391363978385925
711,710,low,always_act,True,5,0,0.95,0.04017680510878563,0.010738441720604897
712,711,low,always_act,True,10,0,0.9,0.04238046705722809,0.047930702567100525
713,712,low,always_act,True,7,0,0.9299999999999999,0.041539400815963745,0.046224046498537064
714,713,low,always_act,True,10,0,0.9,0.04379058629274368,0.040389060974121094
715,714,low,always_act,True,10,0,0.9,0.013533690012991428,0.019026000052690506
716,715,low,always_act,True,6,0,0.94,0.034015506505966187,0.024151144549250603
717,716,low,always_act,True,19,0,0.8099999999999999,0.037766557186841965,0.04747505486011505
718,717,low,always_act,True,12,0,0.88,0.0324806272983551,0.021758731454610825
719,718,low,always_act,True,15,0,0.85,0.018700378015637398,0.023516984656453133
720,719,low,always_act,True,14,0,0.86,0.024016236886382103,0.027154920622706413
721,720,low,always_act,True,5,0,0.95,0.03708662837743759,0.030375102534890175
722,721,low,always_act,True,8,0,0.9199999999999999,0.028567783534526825,0.010714088566601276
723,722,low,always_act,True,16,0,0.84,0.028373152017593384,0.026015665382146835
724,723,low,always_act,True,9,0,0.91,0.036660946905612946,0.017613163217902184
725,724,low,always_act,True,14,0,0.86,0.022628221660852432,0.011465411633253098
726,725,low,always_act,True,16,0,0.84,0.05357583239674568,0.053117264062166214
727,726,low,always_act,False,9,0,-0.34,0.0813041627407074,0.05338403955101967
728,727,low,always_act,True,14,0,0.86,0.05530422553420067,0.053616371005773544
729,728,low,always_act,True,21,0,0.7899999999999999,0.020024962723255157,0.04589978605508804
730,729,low,always_act,True,18,0,0.82,0.004958710167557001,0.036749761551618576
731,730,low,always_act,False,11,0,-0.36,0.06596008688211441,0.047871362417936325
732,731,low,always_act,False,16,0,-0.41000000000000003,0.06430410593748093,0.026609698310494423
733,732,low,always_act,True,11,0,0.89,0.029804835096001625,0.0312606580555439
734,733,low,always_act,True,13,0,0.87,0.02223641239106655,0.013217482715845108
735,734,low,always_act,True,18,0,0.82,0.05332672595977783,0.029208943247795105
736,735,low,always_act,True,15,0,0.85,0.04359120875597,0.026837259531021118
737,736,low,always_act,True,13,0,0.87,0.016597960144281387,0.025704000145196915
738,737,low,always_act,True,7,0,0.9299999999999999,0.04479493945837021,0.035135071724653244
739,738,low,always_act,True,15,0,0.85,0.022462768480181694,0.02773885801434517
740,739,low,always_act,True,17,0,0.83,0.00458866311237216,0.012052076868712902
741,740,low,always_act,False,12,0,-0.37,0.07227898389101028,0.04078035056591034
742,741,low,always_act,True,9,0,0.91,0.024291081354022026,0.021294154226779938
743,742,low,always_act,True,18,0,0.82,0.02181750349700451,0.035252463072538376
744,743,low,always_act,True,4,0,0.96,0.023254327476024628,0.01485199574381113
745,744,low,always_act,True,17,0,0.83,0.017322732135653496,0.01690869964659214
746,745,low,always_act,True,14,0,0.86,0.04771902412176132,0.02374768629670143
747,746,low,always_act,True,12,0,0.88,0.05844526365399361,0.059275466948747635
748,747,low,always_act,False,13,0,-0.38,0.07402977347373962,0.05632205680012703
749,748,low,always_act,True,17,0,0.83,0.04348977282643318,0.05684704706072807
750,749,low,always_act,True,15,0,0.85,0.0397295281291008,0.05365955829620361
751,750,low,always_act,True,12,0,0.88,0.040732428431510925,0.03757328912615776
752,751,low,always_act,True,7,0,0.9299999999999999,0.05864197015762329,0.024560432881116867
753,752,low,always_act,True,17,0,0.83,0.014528915286064148,0.021128689870238304
754,753,low,always_act,True,6,0,0.94,0.02500150166451931,0.030612969771027565
755,754,low,always_act,True,13,0,0.87,0.03922370448708534,0.02599806897342205
756,755,low,always_act,True,19,0,0.8099999999999999,0.007641240954399109,0.021521663293242455
757,756,low,always_act,True,7,0,0.9299999999999999,0.04996064677834511,0.04555145278573036
758,757,low,always_act,True,13,0,0.87,0.04409513622522354,0.05294980853796005
759,758,low,always_act,True,17,0,0.83,0.04348788037896156,0.011762335896492004
760,759,low,always_act,True,7,0,0.9299999999999999,0.04198829084634781,0.030300425365567207
761,760,low,always_act,True,17,0,0.83,0.015409138053655624,0.021246539428830147
762,761,low,always_act,True,12,0,0.88,0.03323732316493988,0.03725425526499748
763,762,low,always_act,False,7,0,-0.32,0.09631643444299698,0.05332320183515549
764,763,low,always_act,True,16,0,0.84,0.048196014016866684,0.05292152613401413
765,764,low,always_act,True,19,0,0.8099999999999999,0.045915644615888596,0.05484382435679436
766,765,low,always_act,True,11,0,0.89,0.024667607620358467,0.04445210099220276
767,766,low,always_act,False,12,0,-0.37,0.07292066514492035,0.04182446748018265
768,767,low,always_act,False,14,0,-0.39,0.06443775445222855,0.03929240629076958
769,768,low,always_act,True,19,0,0.8099999999999999,0.03356485068798065,0.010104159824550152
770,769,low,always_act,True,18,0,0.82,0.039201389998197556,0.03432410955429077
771,770,low,always_act,True,18,0,0.82,0.014125612564384937,0.021647553890943527
772,771,low,always_act,True,11,0,0.89,0.027107354253530502,0.013359703123569489
773,772,low,always_act,False,11,0,-0.36,0.07942572236061096,0.057057928293943405
774,773,low,always_act,False,13,0,-0.38,0.07478548586368561,0.04402078315615654
775,774,low,always_act,True,11,0,0.89,0.025191999971866608,0.04121297225356102
776,775,low,always_act,True,10,0,0.9,0.013347342610359192,0.016907362267374992
777,776,low,always_act,False,9,0,-0.34,0.07620391249656677,0.0550830252468586
778,777,low,always_act,False,11,0,-0.36,0.07495500147342682,0.03567446768283844
779,778,low,always_act,True,6,0,0.94,0.011810416355729103,0.017187805846333504
780,779,low,always_act,True,7,0,0.9299999999999999,0.03068751096725464,0.020151754841208458
781,780,low,always_act,True,11,0,0.89,0.05484575033187866,0.03310120850801468
782,781,low,always_act,False,8,0,-0.33,0.07320929318666458,0.05818956345319748
783,782,low,always_act,False,4,0,-0.29000000000000004,0.06664510071277618,0.0428791381418705
784,783,low,always_act,False,9,0,-0.34,0.09207421541213989,0.05835622549057007
785,784,low,always_act,True,10,0,0.9,0.00021141617617104203,0.026365457102656364
786,785,low,always_act,True,16,0,0.84,0.042024675756692886,0.02466241829097271
787,786,low,always_act,True,16,0,0.84,0.011692823842167854,0.01705350913107395
788,787,low,always_act,True,8,0,0.9199999999999999,0.03509127348661423,0.017786536365747452
789,788,low,always_act,True,14,0,0.86,0.04135971888899803,0.024965109303593636
790,789,low,always_act,True,5,0,0.95,0.030604124069213867,0.03681057691574097
791,790,low,always_act,False,17,0,-0.42000000000000004,0.07905077189207077,0.0526236891746521
792,791,low,always_act,True,15,0,0.85,0.03549440577626228,0.036429792642593384
793,792,low,always_act,True,11,0,0.89,0.0053236340172588825,0.011555888690054417
794,793,low,always_act,True,17,0,0.83,0.02389610931277275,0.020303193479776382
795,794,low,always_act,False,14,0,-0.39,0.07286110520362854,0.041335493326187134
796,795,low,always_act,True,11,0,0.89,0.023072736337780952,0.023178283125162125
797,796,low,always_act,True,10,0,0.9,0.02039589174091816,0.0244914423674345
798,797,low,always_act,True,9,0,0.91,0.039731692522764206,0.0311373732984066
799,798,low,always_act,True,12,0,0.88,0.014516974799335003,0.0130105996504426
800,799,low,always_act,True,13,0,0.87,0.037812501192092896,0.014060822315514088
801,800,low,always_act,True,6,0,0.94,0.04555751010775566,0.051407601684331894
802,801,low,always_act,True,7,0,0.9299999999999999,0.03291816636919975,0.013337511569261551
803,802,low,always_act,False,16,0,-0.41000000000000003,0.07428360730409622,0.05677269399166107
804,803,low,always_act,True,12,0,0.88,0.04273156449198723,0.02863014116883278
805,804,low,always_act,True,18,0,0.82,0.018828028813004494,0.037966288626194
806,805,low,always_act,True,3,0,0.97,0.0368511937558651,0.027682343497872353
807,806,low,always_act,True,9,0,0.91,0.02051038295030594,0.010581403970718384
808,807,low,always_act,True,17,0,0.83,0.04512941464781761,0.021304719150066376
809,808,low,always_act,False,9,0,-0.34,0.06369619071483612,0.058189332485198975
810,809,low,always_act,True,17,0,0.83,0.019784903153777122,0.026455258950591087
811,810,low,always_act,True,9,0,0.91,0.029490511864423752,0.02084038406610489
812,811,low,always_act,True,16,0,0.84,0.03578218072652817,0.010510777123272419
813,812,low,always_act,True,12,0,0.88,0.03410954400897026,0.028626272454857826
814,813,low,always_act,True,10,0,0.9,0.029531486332416534,0.04781341552734375
815,814,low,always_act,True,9,0,0.91,0.029983513057231903,0.013664265163242817
816,815,low,always_act,True,19,0,0.8099999999999999,0.020363396033644676,0.01001433003693819
817,816,low,always_act,True,14,0,0.86,0.03396587818861008,0.029175836592912674
818,817,low,always_act,True,12,0,0.88,0.05497011914849281,0.04116854816675186
819,818,low,always_act,True,4,0,0.96,0.02311021089553833,0.038591690361499786
820,819,low,always_act,True,12,0,0.88,0.011819924227893353,0.03268154338002205
821,820,low,always_act,True,16,0,0.84,0.048971258103847504,0.05190449580550194
822,821,low,always_act,True,16,0,0.84,0.031029915437102318,0.024474451318383217
823,822,low,always_act,True,10,0,0.9,0.017386216670274734,0.036044541746377945
824,823,low,always_act,True,16,0,0.84,0.046739283949136734,0.04389182850718498
825,824,low,always_act,False,12,0,-0.37,0.06456086039543152,0.047828707844018936
826,825,low,always_act,True,5,0,0.95,0.02039109729230404,0.019634200260043144
827,826,low,always_act,True,13,0,0.87,0.05557004362344742,0.05422515794634819
828,827,low,always_act,True,16,0,0.84,0.032341159880161285,0.012118246406316757
829,828,low,always_act,True,4,0,0.96,0.04658125340938568,0.04121727868914604
830,829,low,always_act,True,9,0,0.91,0.045778799802064896,0.03589409589767456
831,830,low,always_act,True,6,0,0.94,0.05887681618332863,0.057767145335674286
832,831,low,always_act,True,11,0,0.89,0.042216453701257706,0.05047369748353958
833,832,low,always_act,True,16,0,0.84,0.021524028852581978,0.04093306511640549
834,833,low,always_act,True,11,0,0.89,0.02791721373796463,0.026978395879268646
835,834,low,always_act,True,15,0,0.85,0.05025853216648102,0.04575755074620247
836,835,low,always_act,True,17,0,0.83,0.04364529252052307,0.02496109902858734
837,836,low,always_act,True,9,0,0.91,0.03744788095355034,0.03377291560173035
838,837,low,always_act,False,10,0,-0.35,0.06357914209365845,0.05538764223456383
839,838,low,always_act,True,15,0,0.85,0.028550803661346436,0.025005757808685303
840,839,low,always_act,True,9,0,0.91,0.0455930195748806,0.012105087749660015
841,840,low,always_act,False,15,0,-0.4,0.06989267468452454,0.02230151928961277
842,841,low,always_act,True,9,0,0.91,0.01920188218355179,0.030166959390044212
843,842,low,always_act,False,17,0,-0.42000000000000004,0.0663532167673111,0.041129786521196365
844,843,low,always_act,True,15,0,0.85,0.05849497765302658,0.053175974637269974
845,844,low,always_act,True,11,0,0.89,0.03135335445404053,0.013357280753552914
846,845,low,always_act,True,12,0,0.88,0.02082665264606476,0.026032527908682823
847,846,low,always_act,True,16,0,0.84,0.03735508397221565,0.012806696817278862
848,847,low,always_act,True,14,0,0.86,0.0190829336643219,0.015560571104288101
849,848,low,always_act,True,11,0,0.89,0.021473729982972145,0.03400984779000282
850,849,low,always_act,True,12,0,0.88,0.038395822048187256,0.01932598650455475
851,850,low,always_act,True,8,0,0.9199999999999999,0.0301432516425848,0.012017901986837387
852,851,low,always_act,False,16,0,-0.41000000000000003,0.08853673189878464,0.05619620159268379
853,852,low,always_act,False,18,0,-0.43000000000000005,0.06680314242839813,0.01997048780322075
854,853,low,always_act,False,10,0,-0.35,0.06457124650478363,0.054457105696201324
855,854,low,always_act,False,17,0,-0.42000000000000004,0.06652572005987167,0.05717046931385994
856,855,low,always_act,True,17,0,0.83,0.007574855349957943,0.028026090934872627
857,856,low,always_act,True,5,0,0.95,0.05924443528056145,0.03659826144576073
858,857,low,always_act,True,13,0,0.87,0.03805144876241684,0.02955945022404194
859,858,low,always_act,False,17,0,-0.42000000000000004,0.06474798917770386,0.05193576589226723
860,859,low,always_act,True,12,0,0.88,0.04653867706656456,0.017525564879179
861,860,low,always_act,True,19,0,0.8099999999999999,0.04746666178107262,0.02701243758201599
862,861,low,always_act,True,14,0,0.86,0.05635267123579979,0.05426381900906563
863,862,low,always_act,True,15,0,0.85,0.04728468507528305,0.031637754291296005
864,863,low,always_act,True,16,0,0.84,0.020941341295838356,0.04695345461368561
865,864,low,always_act,True,9,0,0.91,0.020312096923589706,0.03031947836279869
866,865,low,always_act,True,18,0,0.82,0.00969020277261734,0.030241673812270164
867,866,low,always_act,True,8,0,0.9199999999999999,0.047395896166563034,0.04083788022398949
868,867,low,always_act,False,11,0,-0.36,0.06010390445590019,0.016586827114224434
869,868,low,always_act,False,10,0,-0.35,0.06688065826892853,0.021138736978173256
870,869,low,always_act,True,13,0,0.87,0.04475843533873558,0.03590814769268036
871,870,low,always_act,True,4,0,0.96,0.010361794382333755,0.021194327622652054
872,871,low,always_act,True,13,0,0.87,0.020492251962423325,0.059897784143686295
873,872,low,always_act,True,15,0,0.85,0.05100094899535179,0.040963925421237946
874,873,low,always_act,True,15,0,0.85,0.018187737092375755,0.020052412524819374
875,874,low,always_act,False,11,0,-0.36,0.06851815432310104,0.0584113784134388
876,875,low,always_act,True,17,0,0.83,0.022980503737926483,0.013335410505533218
877,876,low,always_act,True,9,0,0.91,0.0168012548238039,0.02270342782139778
878,877,low,always_act,True,11,0,0.89,0.03873402625322342,0.035979870706796646
879,878,low,always_act,True,10,0,0.9,0.05791037529706955,0.04411264881491661
880,879,low,always_act,False,12,0,-0.37,0.08286148309707642,0.05659108981490135
881,880,low,always_act,True,7,0,0.9299999999999999,0.01087070070207119,0.017447063699364662
882,881,low,always_act,True,13,0,0.87,0.03336523845791817,0.04532858356833458
883,882,low,always_act,True,11,0,0.89,0.004415177274495363,0.014454124495387077
884,883,low,always_act,True,18,0,0.82,0.021029960364103317,0.039913494139909744
885,884,low,always_act,True,14,0,0.86,0.021779118105769157,0.024314822629094124
886,885,low,always_act,True,17,0,0.83,0.02630719542503357,0.01844954676926136
887,886,low,always_act,False,8,0,-0.33,0.06333121657371521,0.028859728947281837
888,887,low,always_act,True,14,0,0.86,0.019584346562623978,0.04738803580403328
889,888,low,always_act,True,7,0,0.9299999999999999,0.03971735015511513,0.025313854217529297
890,889,low,always_act,True,13,0,0.87,0.05376801639795303,0.0344994030892849
891,890,low,always_act,True,14,0,0.86,0.05474504828453064,0.04170331358909607
892,891,low,always_act,True,14,0,0.86,0.040576424449682236,0.025036923587322235
893,892,low,always_act,True,14,0,0.86,0.046309709548950195,0.03578181192278862
894,893,low,always_act,True,14,0,0.86,0.034566693007946014,0.016272757202386856
895,894,low,always_act,True,8,0,0.9199999999999999,0.008946161717176437,0.022870803251862526
896,895,low,always_act,True,12,0,0.88,0.038543641567230225,0.04426691681146622
897,896,low,always_act,True,15,0,0.85,0.03194379061460495,0.021316731348633766
898,897,low,always_act,True,12,0,0.88,0.0216679610311985,0.03881203383207321
899,898,low,always_act,True,15,0,0.85,0.053498152643442154,0.032674577087163925
900,899,low,always_act,True,14,0,0.86,0.03659302368760109,0.02050202339887619
901,900,low,always_act,True,3,0,0.97,0.004490639083087444,0.012739153578877449
902,901,low,always_act,True,19,0,0.8099999999999999,0.02376020886003971,0.015550939366221428
903,902,low,always_act,True,15,0,0.85,0.01531012449413538,0.03277982771396637
904,903,low,always_act,True,11,0,0.89,0.0539463609457016,0.05186719447374344
905,904,low,always_act,True,12,0,0.88,0.022284524515271187,0.013844787143170834
906,905,low,always_act,True,19,0,0.8099999999999999,0.02240191027522087,0.024486292153596878
907,906,low,always_act,True,15,0,0.85,0.02945515513420105,0.037706777453422546
908,907,low,always_act,True,11,0,0.89,0.02735631726682186,0.015990503132343292
909,908,low,always_act,True,14,0,0.86,0.017366090789437294,0.04377106949687004
910,909,low,always_act,True,12,0,0.88,0.03665674105286598,0.01192146260291338
911,910,low,always_act,True,12,0,0.88,0.046853143721818924,0.042508721351623535
912,911,low,always_act,True,9,0,0.91,0.02008412778377533,0.016713015735149384
913,912,low,always_act,True,16,0,0.84,0.02337935008108616,0.034071024507284164
914,913,low,always_act,False,5,0,-0.3,0.06854983419179916,0.036914899945259094
915,914,low,always_act,True,12,0,0.88,0.021080641075968742,0.057729896157979965
916,915,low,always_act,True,6,0,0.94,0.01476699486374855,0.016875630244612694
917,916,low,always_act,True,10,0,0.9,0.025489915162324905,0.01048106700181961
918,917,low,always_act,True,11,0,0.89,0.006347812246531248,0.01531844399869442
919,918,low,always_act,True,6,0,0.94,0.006664300337433815,0.012881536968052387
920,919,low,always_act,True,19,0,0.8099999999999999,0.04026148468255997,0.016572268679738045
921,920,low,always_act,True,9,0,0.91,0.03842329606413841,0.04130269214510918
922,921,low,always_act,True,8,0,0.9199999999999999,0.03481001779437065,0.04947371035814285
923,922,low,always_act,True,8,0,0.9199999999999999,0.009120140224695206,0.01186458207666874
924,923,low,always_act,False,20,0,-0.45000000000000007,0.0744560956954956,0.04478544741868973
925,924,low,always_act,True,16,0,0.84,0.0282684788107872,0.0360715389251709
926,925,low,always_act,False,16,0,-0.41000000000000003,0.07421167939901352,0.052768152207136154
927,926,low,always_act,True,12,0,0.88,0.02587950974702835,0.035056985914707184
928,927,low,always_act,True,13,0,0.87,0.041450999677181244,0.025204796344041824
929,928,low,always_act,True,8,0,0.9199999999999999,0.04353886470198631,0.020657449960708618
930,929,low,always_act,True,10,0,0.9,0.04582402482628822,0.045855216681957245
931,930,low,always_act,True,15,0,0.85,0.020256811752915382,0.02774648182094097
932,931,low,always_act,False,10,0,-0.35,0.06173062324523926,0.04282277077436447
933,932,low,always_act,True,16,0,0.84,0.02420620620250702,0.03861473500728607
934,933,low,always_act,True,7,0,0.9299999999999999,0.05968007072806358,0.047057144343853
935,934,low,always_act,True,15,0,0.85,0.0328822024166584,0.0219134408980608
936,935,low,always_act,False,7,0,-0.32,0.06404827535152435,0.03709271922707558
937,936,low,always_act,True,12,0,0.88,0.05872856453061104,0.0516367182135582
938,937,low,always_act,True,10,0,0.9,0.058836158365011215,0.01800781860947609
939,938,low,always_act,True,13,0,0.87,0.053006015717983246,0.04270435869693756
940,939,low,always_act,False,18,0,-0.43000000000000005,0.07878759503364563,0.03416237607598305
941,940,low,always_act,False,13,0,-0.38,0.06433624774217606,0.05294432491064072
942,941,low,always_act,True,17,0,0.83,0.036269012838602066,0.03637281060218811
943,942,low,always_act,False,10,0,-0.35,0.06898641586303711,0.05507556349039078
944,943,low,always_act,True,15,0,0.85,0.04709196463227272,0.05272014066576958
945,944,low,always_act,True,12,0,0.88,0.03694494068622589,0.04036293551325798
946,945,low,always_act,False,12,0,-0.37,0.09079219400882721,0.05826083570718765
947,946,low,always_act,True,15,0,0.85,0.021164169535040855,0.02652071975171566
948,947,low,always_act,True,12,0,0.88,0.05801030248403549,0.039654266089200974
949,948,low,always_act,True,13,0,0.87,0.03168659284710884,0.035739731043577194
950,949,low,always_act,False,9,0,-0.34,0.07801051437854767,0.03422614932060242
951,950,low,always_act,False,6,0,-0.31,0.06300641596317291,0.031801749020814896
952,951,low,always_act,True,14,0,0.86,0.017499340698122978,0.039556220173835754
953,952,low,always_act,True,7,0,0.9299999999999999,0.032132603228092194,0.044367142021656036
954,953,low,always_act,True,8,0,0.9199999999999999,0.023331936448812485,0.037079472094774246
955,954,low,always_act,True,16,0,0.84,0.0317232720553875,0.05543389916419983
956,955,low,always_act,True,9,0,0.91,0.04347218945622444,0.013504651375114918
957,956,low,always_act,True,17,0,0.83,0.0313696414232254,0.020625265315175056
958,957,low,always_act,True,10,0,0.9,0.04904297739267349,0.049158431589603424
959,958,low,always_act,True,15,0,0.85,0.03849976882338524,0.041644979268312454
960,959,low,always_act,True,15,0,0.85,0.059604912996292114,0.029958369210362434
961,960,low,always_act,True,15,0,0.85,0.038575418293476105,0.03225605562329292
962,961,low,always_act,False,7,0,-0.32,0.07834157347679138,0.05523572862148285
963,962,low,always_act,True,8,0,0.9199999999999999,0.0349162258207798,0.0534227155148983
964,963,low,always_act,True,17,0,0.83,0.03572535142302513,0.013434837572276592
965,964,low,always_act,True,11,0,0.89,0.010916347615420818,0.018943307921290398
966,965,low,always_act,True,4,0,0.96,0.041164930909872055,0.033677101135253906
967,966,low,always_act,True,12,0,0.88,0.038062769919633865,0.04621093347668648
968,967,low,always_act,True,9,0,0.91,0.03872030973434448,0.03098008595407009
969,968,low,always_act,True,18,0,0.82,0.027836594730615616,0.033050816506147385
970,969,low,always_act,True,14,0,0.86,0.03802171349525452,0.05365269258618355
971,970,low,always_act,True,18,0,0.82,0.04470377415418625,0.030216390267014503
972,971,low,always_act,False,10,0,-0.35,0.0652637854218483,0.05970248207449913
973,972,low,always_act,True,17,0,0.83,0.049887657165527344,0.016487861052155495
974,973,low,always_act,True,8,0,0.9199999999999999,0.029795333743095398,0.03787177428603172
975,974,low,always_act,True,15,0,0.85,0.0320570133626461,0.011957063339650631
976,975,low,always_act,True,13,0,0.87,0.05088074877858162,0.051074665039777756
977,976,low,always_act,True,12,0,0.88,0.045395754277706146,0.03525373339653015
978,977,low,always_act,True,16,0,0.84,0.02478976547718048,0.02516321837902069
979,978,low,always_act,True,16,0,0.84,0.05976836383342743,0.022412914782762527
980,979,low,always_act,True,9,0,0.91,0.04214300215244293,0.02722620964050293
981,980,low,always_act,True,12,0,0.88,0.028937598690390587,0.03493879735469818
982,981,low,always_act,True,12,0,0.88,0.04817935824394226,0.029916753992438316
983,982,low,always_act,False,9,0,-0.34,0.08894951641559601,0.048148103058338165
984,983,low,always_act,True,13,0,0.87,0.022957706823945045,0.03663908690214157
985,984,low,always_act,False,9,0,-0.34,0.07349156588315964,0.04945807904005051
986,985,low,always_act,True,5,0,0.95,0.03351028636097908,0.03345521166920662
987,986,low,always_act,True,4,0,0.96,0.037116918712854385,0.03476071357727051
988,987,low,always_act,True,18,0,0.82,0.04224368929862976,0.03807336464524269
989,988,low,always_act,True,14,0,0.86,0.042265113443136215,0.03349653631448746
990,989,low,always_act,True,11,0,0.89,0.019320640712976456,0.01934812031686306
991,990,low,always_act,True,9,0,0.91,0.013480943627655506,0.04786064103245735
992,991,low,always_act,True,16,0,0.84,0.05531587451696396,0.0531369186937809
993,992,low,always_act,True,12,0,0.88,0.026014497503638268,0.026621730998158455
994,993,low,always_act,True,6,0,0.94,0.041328996419906616,0.05000791326165199
995,994,low,always_act,True,9,0,0.91,0.029248524457216263,0.02463431842625141
996,995,low,always_act,True,10,0,0.9,0.01572541892528534,0.014070929028093815
997,996,low,always_act,True,8,0,0.9199999999999999,0.02796526998281479,0.03678576275706291
998,997,low,always_act,True,15,0,0.85,0.055581025779247284,0.04124510660767555
999,998,low,always_act,True,13,0,0.87,0.010281446389853954,0.01724906824529171
1000,999,low,always_act,False,12,0,-0.37,0.07004762440919876,0.02978413552045822
1,0,low,inspect_once,True,12,1,0.85,0.05047030746936798,0.04877842217683792
2,1,low,inspect_once,True,18,1,0.7899999999999999,0.02379882149398327,0.027824170887470245
3,2,low,inspect_once,True,8,1,0.89,0.048494692891836166,0.05870998650789261
4,3,low,inspect_once,True,6,1,0.91,0.04219160974025726,0.04018519073724747
5,4,low,inspect_once,True,18,1,0.7899999999999999,0.019393565133213997,0.011846095323562622
6,5,low,inspect_once,True,19,1,0.7799999999999999,0.019410859793424606,0.02348417043685913
7,6,low,inspect_once,True,12,1,0.85,0.016312250867486,0.024095460772514343
8,7,low,inspect_once,True,18,1,0.7899999999999999,0.03516367822885513,0.029796408489346504
9,8,low,inspect_once,True,17,1,0.7999999999999999,0.04307252913713455,0.036943219602108
10,9,low,inspect_once,True,15,1,0.82,0.05540565028786659,0.05981526896357536
11,10,low,inspect_once,True,16,1,0.8099999999999999,0.04527599364519119,0.04423384740948677
12,11,low,inspect_once,True,10,1,0.87,0.023320892825722694,0.020334122702479362
13,12,low,inspect_once,True,16,1,0.8099999999999999,0.048466868698596954,0.04432911425828934
14,13,low,inspect_once,True,20,1,0.7699999999999999,0.022359563037753105,0.028175117447972298
15,14,low,inspect_once,True,15,1,0.82,0.05082610622048378,0.051585085690021515
16,15,low,inspect_once,True,18,1,0.7899999999999999,0.01993013359606266,0.01898311637341976
17,16,low,inspect_once,True,13,1,0.84,0.01979484036564827,0.024534406140446663
18,17,low,inspect_once,False,14,1,-0.42000000000000004,0.06190107762813568,0.0527019277215004
19,18,low,inspect_once,True,14,1,0.83,0.04344826191663742,0.05219273269176483
20,19,low,inspect_once,True,17,1,0.7999999999999999,0.029037034139037132,0.023388030007481575
21,20,low,inspect_once,True,10,1,0.87,0.04677220433950424,0.04578949883580208
22,21,low,inspect_once,False,16,1,-0.44000000000000006,0.06224294751882553,0.05950932577252388
23,22,low,inspect_once,True,9,1,0.88,0.014643481932580471,0.012404444627463818
24,23,low,inspect_once,True,16,1,0.8099999999999999,0.0334232822060585,0.026548005640506744
25,24,low,inspect_once,True,10,1,0.87,0.03632021322846413,0.03435220941901207
26,25,low,inspect_once,True,5,1,0.9199999999999999,0.020501162856817245,0.021602289751172066
27,26,low,inspect_once,True,10,1,0.87,0.048738524317741394,0.053353093564510345
28,27,low,inspect_once,True,13,1,0.84,0.05223630741238594,0.055679142475128174
29,28,low,inspect_once,True,20,1,0.7699999999999999,0.03056477941572666,0.03484427183866501
30,29,low,inspect_once,True,10,1,0.87,0.013278886675834656,0.012228619307279587
31,30,low,inspect_once,True,10,1,0.87,0.013206884264945984,0.02049414999783039
32,31,low,inspect_once,True,15,1,0.82,0.03914054110646248,0.04311472550034523
33,32,low,inspect_once,True,11,1,0.86,0.028856977820396423,0.019147764891386032
34,33,low,inspect_once,True,13,1,0.84,0.026614783331751823,0.02407262846827507
35,34,low,inspect_once,True,15,1,0.82,0.01304681971669197,0.011860639788210392
36,35,low,inspect_once,True,11,1,0.86,0.019548488780856133,0.023217564448714256
37,36,low,inspect_once,True,9,1,0.88,0.023541340604424477,0.02638072706758976
38,37,low,inspect_once,True,16,1,0.8099999999999999,0.04707248508930206,0.05232876539230347
39,38,low,inspect_once,True,10,1,0.87,0.05027021840214729,0.0535428524017334
40,39,low,inspect_once,True,13,1,0.84,0.03668303042650223,0.033578842878341675
41,40,low,inspect_once,True,17,1,0.7999999999999999,0.025425419211387634,0.018128888681530952
42,41,low,inspect_once,True,20,1,0.7699999999999999,0.028927672654390335,0.026102323085069656
43,42,low,inspect_once,True,15,1,0.82,0.04122934862971306,0.02950989454984665
44,43,low,inspect_once,False,11,1,-0.39,0.06327924132347107,0.0539562925696373
45,44,low,inspect_once,True,7,1,0.9,0.017791908234357834,0.02227480709552765
46,45,low,inspect_once,True,14,1,0.83,0.016445429995656013,0.016734130680561066
47,46,low,inspect_once,True,15,1,0.82,0.04223060607910156,0.03496690094470978
48,47,low,inspect_once,False,17,1,-0.45000000000000007,0.0609900988638401,0.053153667598962784
49,48,low,inspect_once,True,13,1,0.84,0.01730126515030861,0.013213738799095154
50,49,low,inspect_once,True,12,1,0.85,0.055764902383089066,0.05654965341091156
51,50,low,inspect_once,True,19,1,0.7799999999999999,0.02431502193212509,0.028476841747760773
52,51,low,inspect_once,True,16,1,0.8099999999999999,0.05773917958140373,0.054138608276844025
53,52,low,inspect_once,True,15,1,0.82,0.010129626840353012,0.013505506329238415
54,53,low,inspect_once,True,12,1,0.85,0.05652432516217232,0.058242298662662506
55,54,low,inspect_once,True,11,1,0.86,0.01248408854007721,0.016078516840934753
56,55,low,inspect_once,False,19,1,-0.4700000000000001,0.06396007537841797,0.05969803407788277
57,56,low,inspect_once,True,13,1,0.84,0.013676706701517105,0.014413122087717056
58,57,low,inspect_once,True,14,1,0.83,0.050009291619062424,0.051707345992326736
59,58,low,inspect_once,True,16,1,0.8099999999999999,0.017434652894735336,0.014731978066265583
60,59,low,inspect_once,True,17,1,0.7999999999999999,0.029557881876826286,0.024339282885193825
61,60,low,inspect_once,True,7,1,0.9,0.036041539162397385,0.030652521178126335
62,61,low,inspect_once,True,15,1,0.82,0.01918642781674862,0.01528868731111288
63,62,low,inspect_once,True,16,1,0.8099999999999999,0.04566388949751854,0.0415450781583786
64,63,low,inspect_once,True,19,1,0.7799999999999999,0.01611742563545704,0.02366427518427372
65,64,low,inspect_once,True,18,1,0.7899999999999999,0.02352544106543064,0.03240319713950157
66,65,low,inspect_once,True,10,1,0.87,0.021182140335440636,0.01672891341149807
67,66,low,inspect_once,True,19,1,0.7799999999999999,0.028409628197550774,0.018350038677453995
68,67,low,inspect_once,True,9,1,0.88,0.01732831820845604,0.025529375299811363
69,68,low,inspect_once,True,16,1,0.8099999999999999,0.052361298352479935,0.059129633009433746
70,69,low,inspect_once,True,14,1,0.83,0.021369900554418564,0.017044588923454285
71,70,low,inspect_once,True,14,1,0.83,0.04144872725009918,0.03753568232059479
72,71,low,inspect_once,True,11,1,0.86,0.0269858930259943,0.030411867424845695
73,72,low,inspect_once,True,14,1,0.83,0.0390445813536644,0.03147340938448906
74,73,low,inspect_once,True,11,1,0.86,0.025647474452853203,0.020162345841526985
75,74,low,inspect_once,True,17,1,0.7999999999999999,0.043026894330978394,0.038492653518915176
76,75,low,inspect_once,True,6,1,0.91,0.053848352283239365,0.055915720760822296
77,76,low,inspect_once,False,20,1,-0.4800000000000001,0.06236355006694794,0.05918644368648529
78,77,low,inspect_once,True,16,1,0.8099999999999999,0.041774142533540726,0.043962616473436356
79,78,low,inspect_once,True,17,1,0.7999999999999999,0.021528474986553192,0.021226495504379272
80,79,low,inspect_once,True,15,1,0.82,0.05091863498091698,0.05733778700232506
81,80,low,inspect_once,True,13,1,0.84,0.023167653009295464,0.01474740169942379
82,81,low,inspect_once,True,10,1,0.87,0.006216764450073242,0.01106101181358099
83,82,low,inspect_once,True,21,1,0.7599999999999999,0.04015253111720085,0.03537517786026001
84,83,low,inspect_once,True,7,1,0.9,0.03406763821840286,0.03021693229675293
85,84,low,inspect_once,True,19,1,0.7799999999999999,0.032842591404914856,0.028089217841625214
86,85,low,inspect_once,True,9,1,0.88,0.03878447040915489,0.040558479726314545
87,86,low,inspect_once,False,11,1,-0.39,0.06101788580417633,0.05798513442277908
88,87,low,inspect_once,True,16,1,0.8099999999999999,0.04850797727704048,0.04410718008875847
89,88,low,inspect_once,True,13,1,0.84,0.02622775174677372,0.0297098308801651
90,89,low,inspect_once,True,16,1,0.8099999999999999,0.043126191943883896,0.04725448042154312
91,90,low,inspect_once,True,14,1,0.83,0.01209532655775547,0.011254969984292984
92,91,low,inspect_once,True,16,1,0.8099999999999999,0.03076930344104767,0.030621632933616638
93,92,low,inspect_once,True,11,1,0.86,0.03226115182042122,0.030948635190725327
94,93,low,inspect_once,True,18,1,0.7899999999999999,0.05601739138364792,0.056513890624046326
95,94,low,inspect_once,True,14,1,0.83,0.04028192162513733,0.040096111595630646
96,95,low,inspect_once,True,18,1,0.7899999999999999,0.01326843909919262,0.01653214357793331
97,96,low,inspect_once,True,17,1,0.7999999999999999,0.045441191643476486,0.04932509735226631
98,97,low,inspect_once,True,14,1,0.83,0.0299330223351717,0.022088397294282913
99,98,low,inspect_once,True,21,1,0.7599999999999999,0.010566349141299725,0.015445016324520111
100,99,low,inspect_once,True,13,1,0.84,0.05289265140891075,0.0520583800971508
101,100,low,inspect_once,True,17,1,0.7999999999999999,0.038805391639471054,0.03750996291637421
102,101,low,inspect_once,True,17,1,0.7999999999999999,0.02195303700864315,0.021131640300154686
103,102,low,inspect_once,True,11,1,0.86,0.03805651515722275,0.04093607887625694
104,103,low,inspect_once,True,8,1,0.89,0.040333304554224014,0.03897438943386078
105,104,low,inspect_once,True,18,1,0.7899999999999999,0.0315396711230278,0.03172558173537254
106,105,low,inspect_once,True,19,1,0.7799999999999999,0.04476776346564293,0.04836489260196686
107,106,low,inspect_once,True,16,1,0.8099999999999999,0.042550716549158096,0.045827507972717285
108,107,low,inspect_once,True,14,1,0.83,0.034506116062402725,0.029708154499530792
109,108,low,inspect_once,True,18,1,0.7899999999999999,0.015094762668013573,0.020932015031576157
110,109,low,inspect_once,True,17,1,0.7999999999999999,0.02063872292637825,0.024257704615592957
111,110,low,inspect_once,False,17,1,-0.45000000000000007,0.06182384490966797,0.05603178218007088
112,111,low,inspect_once,True,6,1,0.91,0.03147226199507713,0.04027244821190834
113,112,low,inspect_once,True,15,1,0.82,0.00797134917229414,0.01422201469540596
114,113,low,inspect_once,True,5,1,0.9199999999999999,0.034709781408309937,0.04766203835606575
115,114,low,inspect_once,True,13,1,0.84,0.029158346354961395,0.03519158065319061
116,115,low,inspect_once,True,16,1,0.8099999999999999,0.01913403533399105,0.0159296877682209
117,116,low,inspect_once,True,15,1,0.82,0.035491522401571274,0.04167930781841278
118,117,low,inspect_once,True,15,1,0.82,0.03175216168165207,0.029941106215119362
119,118,low,inspect_once,True,21,1,0.7599999999999999,0.0455005019903183,0.045916035771369934
120,119,low,inspect_once,True,20,1,0.7699999999999999,0.013175438158214092,0.014484728686511517
121,120,low,inspect_once,True,15,1,0.82,0.006968379020690918,0.01190259587019682
122,121,low,inspect_once,True,13,1,0.84,0.006695002783089876,0.014528598636388779
123,122,low,inspect_once,True,14,1,0.83,0.05113896355032921,0.04609161242842674
124,123,low,inspect_once,True,12,1,0.85,0.03493824228644371,0.03989669680595398
125,124,low,inspect_once,True,18,1,0.7899999999999999,0.04837680980563164,0.05339138209819794
126,125,low,inspect_once,True,16,1,0.8099999999999999,0.057674262672662735,0.05262031406164169
127,126,low,inspect_once,False,15,1,-0.43000000000000005,0.06149272993206978,0.05492285639047623
128,127,low,inspect_once,True,6,1,0.91,0.020804395899176598,0.021783243864774704
129,128,low,inspect_once,True,14,1,0.83,0.037832632660865784,0.04274383559823036
130,129,low,inspect_once,True,9,1,0.88,0.03414147347211838,0.03543369844555855
131,130,low,inspect_once,True,9,1,0.88,0.03254399448633194,0.034207429736852646
132,131,low,inspect_once,True,15,1,0.82,0.03874409571290016,0.049071989953517914
133,132,low,inspect_once,True,14,1,0.83,0.032045286148786545,0.026495937258005142
134,133,low,inspect_once,True,18,1,0.7899999999999999,0.03882022202014923,0.04709700495004654
135,134,low,inspect_once,True,18,1,0.7899999999999999,0.0321677066385746,0.027229974046349525
136,135,low,inspect_once,True,11,1,0.86,0.04995403066277504,0.05849919840693474
137,136,low,inspect_once,True,5,1,0.9199999999999999,0.021094826981425285,0.023975690826773643
138,137,low,inspect_once,True,15,1,0.82,0.044602882117033005,0.04003337025642395
139,138,low,inspect_once,True,16,1,0.8099999999999999,0.05114741250872612,0.050197139382362366
140,139,low,inspect_once,True,13,1,0.84,0.018798815086483955,0.024186106398701668
141,140,low,inspect_once,True,15,1,0.82,0.059504251927137375,0.05451475828886032
142,141,low,inspect_once,True,20,1,0.7699999999999999,0.03777458891272545,0.03340649604797363
143,142,low,inspect_once,True,4,1,0.9299999999999999,0.04139811173081398,0.04092614725232124
144,143,low,inspect_once,True,17,1,0.7999999999999999,0.05881732329726219,0.054757505655288696
145,144,low,inspect_once,True,14,1,0.83,0.011922178789973259,0.012906769290566444
146,145,low,inspect_once,True,12,1,0.85,0.02729681134223938,0.025726616382598877
147,146,low,inspect_once,True,15,1,0.82,0.03715464472770691,0.03902081400156021
148,147,low,inspect_once,True,20,1,0.7699999999999999,0.05322318151593208,0.05304531380534172
149,148,low,inspect_once,False,14,1,-0.42000000000000004,0.06007087603211403,0.056393273174762726
150,149,low,inspect_once,True,6,1,0.91,0.05636567994952202,0.050837185233831406
151,150,low,inspect_once,True,15,1,0.82,0.053670190274715424,0.043397463858127594
152,151,low,inspect_once,True,11,1,0.86,0.047486379742622375,0.04327165335416794
153,152,low,inspect_once,True,7,1,0.9,0.058661092072725296,0.05807873606681824
154,153,low,inspect_once,True,18,1,0.7899999999999999,0.0263221338391304,0.023383375257253647
155,154,low,inspect_once,True,15,1,0.82,0.037342894822359085,0.03616264462471008
156,155,low,inspect_once,True,15,1,0.82,0.03841806948184967,0.027006786316633224
157,156,low,inspect_once,True,4,1,0.9299999999999999,0.0564044713973999,0.05621320754289627
158,157,low,inspect_once,True,15,1,0.82,0.044145647436380386,0.04234450310468674
159,158,low,inspect_once,True,20,1,0.7699999999999999,0.04341232031583786,0.03421429544687271
160,159,low,inspect_once,True,17,1,0.7999999999999999,0.015880482271313667,0.020098527893424034
161,160,low,inspect_once,True,14,1,0.83,0.03815354034304619,0.028691621497273445
162,161,low,inspect_once,True,15,1,0.82,0.02272726222872734,0.015974991023540497
163,162,low,inspect_once,True,6,1,0.91,0.03573717549443245,0.039992865175008774
164,163,low,inspect_once,True,14,1,0.83,0.018600566312670708,0.03032505139708519
165,164,low,inspect_once,True,8,1,0.89,0.01616034097969532,0.010872953571379185
166,165,low,inspect_once,True,13,1,0.84,0.03875578194856644,0.04029230773448944
167,166,low,inspect_once,True,13,1,0.84,0.02678571827709675,0.026991810649633408
168,167,low,inspect_once,True,12,1,0.85,0.02159522846341133,0.020734332501888275
169,168,low,inspect_once,True,6,1,0.91,0.05130736529827118,0.05580629035830498
170,169,low,inspect_once,True,15,1,0.82,0.048358991742134094,0.05134003609418869
171,170,low,inspect_once,True,20,1,0.7699999999999999,0.039036624133586884,0.04419882968068123
172,171,low,inspect_once,True,13,1,0.84,0.04438251629471779,0.0469447486102581
173,172,low,inspect_once,True,16,1,0.8099999999999999,0.018814237788319588,0.013396314345300198
174,173,low,inspect_once,True,10,1,0.87,0.017135290428996086,0.013814599253237247
175,174,low,inspect_once,True,20,1,0.7699999999999999,0.039727602154016495,0.03267471864819527
176,175,low,inspect_once,True,14,1,0.83,0.012428740039467812,0.020990973338484764
177,176,low,inspect_once,True,15,1,0.82,0.05453135818243027,0.04742369428277016
178,177,low,inspect_once,True,11,1,0.86,0.02439497597515583,0.027235958725214005
179,178,low,inspect_once,True,13,1,0.84,0.03873578459024429,0.03988233953714371
180,179,low,inspect_once,True,21,1,0.7599999999999999,0.04112634062767029,0.036095064133405685
181,180,low,inspect_once,True,15,1,0.82,0.03806562349200249,0.03403366357088089
182,181,low,inspect_once,True,16,1,0.8099999999999999,0.05788962543010712,0.05975717678666115
183,182,low,inspect_once,True,8,1,0.89,0.02007860504090786,0.02083822339773178
184,183,low,inspect_once,True,21,1,0.7599999999999999,0.039169006049633026,0.03069455735385418
185,184,low,inspect_once,True,11,1,0.86,0.012820394709706306,0.022270848974585533
186,185,low,inspect_once,True,11,1,0.86,0.022318394854664803,0.018085844814777374
187,186,low,inspect_once,True,14,1,0.83,0.05747012421488762,0.05676319822669029
188,187,low,inspect_once,True,9,1,0.88,0.023147039115428925,0.021306166425347328
189,188,low,inspect_once,True,13,1,0.84,0.01803753711283207,0.018963346257805824
190,189,low,inspect_once,True,10,1,0.87,0.018137849867343903,0.01635378785431385
191,190,low,inspect_once,True,10,1,0.87,0.03584948182106018,0.029950996860861778
192,191,low,inspect_once,True,20,1,0.7699999999999999,0.049398571252822876,0.04890265315771103
193,192,low,inspect_once,True,15,1,0.82,0.04740433394908905,0.05498013272881508
194,193,low,inspect_once,True,11,1,0.86,0.014221696183085442,0.01349717564880848
195,194,low,inspect_once,True,20,1,0.7699999999999999,0.027370871976017952,0.03640938922762871
196,195,low,inspect_once,True,4,1,0.9299999999999999,0.031786125153303146,0.03566250950098038
197,196,low,inspect_once,True,16,1,0.8099999999999999,0.050142694264650345,0.04306460916996002
198,197,low,inspect_once,True,20,1,0.7699999999999999,0.02513330802321434,0.027397705242037773
199,198,low,inspect_once,True,19,1,0.7799999999999999,0.022731084376573563,0.02461349032819271
200,199,low,inspect_once,True,15,1,0.82,0.05551396310329437,0.0509585440158844
201,200,low,inspect_once,True,16,1,0.8099999999999999,0.01967986673116684,0.024454712867736816
202,201,low,inspect_once,True,19,1,0.7799999999999999,0.0073771048337221146,0.014929573982954025
203,202,low,inspect_once,True,11,1,0.86,0.016850685700774193,0.016539694741368294
204,203,low,inspect_once,True,15,1,0.82,0.018351810052990913,0.014671940356492996
205,204,low,inspect_once,True,16,1,0.8099999999999999,0.05069730803370476,0.04734322428703308
206,205,low,inspect_once,True,16,1,0.8099999999999999,0.01708245277404785,0.01893286593258381
207,206,low,inspect_once,True,16,1,0.8099999999999999,0.02843642607331276,0.026519982144236565
208,207,low,inspect_once,True,11,1,0.86,0.016241420060396194,0.01581299863755703
209,208,low,inspect_once,True,19,1,0.7799999999999999,0.04082418233156204,0.03669402748346329
210,209,low,inspect_once,True,12,1,0.85,0.022726034745573997,0.01194037776440382
211,210,low,inspect_once,True,17,1,0.7999999999999999,0.01702798157930374,0.01796014793217182
212,211,low,inspect_once,True,11,1,0.86,0.031093353405594826,0.026635505259037018
213,212,low,inspect_once,True,12,1,0.85,0.018982524052262306,0.02313060499727726
214,213,low,inspect_once,True,16,1,0.8099999999999999,0.043054983019828796,0.03636576607823372
215,214,low,inspect_once,True,9,1,0.88,0.014397618360817432,0.01617862656712532
216,215,low,inspect_once,True,15,1,0.82,0.04345036670565605,0.0361042246222496
217,216,low,inspect_once,True,19,1,0.7799999999999999,0.042958617210388184,0.0399639718234539
218,217,low,inspect_once,True,19,1,0.7799999999999999,0.007922099903225899,0.014291578903794289
219,218,low,inspect_once,True,19,1,0.7799999999999999,0.02289355918765068,0.023407474160194397
220,219,low,inspect_once,True,13,1,0.84,0.03985130041837692,0.03345519304275513
221,220,low,inspect_once,True,15,1,0.82,0.04618043079972267,0.05529358983039856
222,221,low,inspect_once,True,10,1,0.87,0.03646036982536316,0.040652114897966385
223,222,low,inspect_once,True,14,1,0.83,0.026943987235426903,0.025544635951519012
224,223,low,inspect_once,True,16,1,0.8099999999999999,0.05056470260024071,0.055241409689188004
225,224,low,inspect_once,True,11,1,0.86,0.035177603363990784,0.03718950226902962
226,225,low,inspect_once,True,13,1,0.84,0.03919633477926254,0.039757274091243744
227,226,low,inspect_once,True,16,1,0.8099999999999999,0.051706183701753616,0.0551217719912529
228,227,low,inspect_once,True,12,1,0.85,0.05994098633527756,0.05647997930645943
229,228,low,inspect_once,True,14,1,0.83,0.03008795529603958,0.04045765846967697
230,229,low,inspect_once,True,21,1,0.7599999999999999,0.011649670079350471,0.01888478919863701
231,230,low,inspect_once,True,10,1,0.87,0.015064416453242302,0.010812699794769287
232,231,low,inspect_once,True,17,1,0.7999999999999999,0.03906440734863281,0.03458230197429657
233,232,low,inspect_once,True,15,1,0.82,0.04043589532375336,0.03417119383811951
234,233,low,inspect_once,True,11,1,0.86,0.02009292133152485,0.024323776364326477
235,234,low,inspect_once,True,16,1,0.8099999999999999,0.011430662125349045,0.011670238338410854
236,235,low,inspect_once,True,10,1,0.87,0.013925539329648018,0.01020654384046793
237,236,low,inspect_once,True,15,1,0.82,0.03541109710931778,0.030879506841301918
238,237,low,inspect_once,True,9,1,0.88,0.04975736141204834,0.054948024451732635
239,238,low,inspect_once,True,16,1,0.8099999999999999,0.031275901943445206,0.024940652772784233
240,239,low,inspect_once,True,6,1,0.91,0.02834184281527996,0.02812628634274006
241,240,low,inspect_once,True,12,1,0.85,0.015279136598110199,0.013642731122672558
242,241,low,inspect_once,False,8,1,-0.36,0.061838842928409576,0.05977902188897133
243,242,low,inspect_once,True,15,1,0.82,0.021865278482437134,0.018551282584667206
244,243,low,inspect_once,True,17,1,0.7999999999999999,0.015508506447076797,0.023768581449985504
245,244,low,inspect_once,True,9,1,0.88,0.030408982187509537,0.03347528725862503
246,245,low,inspect_once,True,11,1,0.86,0.055719099938869476,0.05065270513296127
247,246,low,inspect_once,True,8,1,0.89,0.05491254851222038,0.052184659987688065
248,247,low,inspect_once,True,18,1,0.7899999999999999,0.01329477597028017,0.01895134709775448
249,248,low,inspect_once,True,17,1,0.7999999999999999,0.007242393214255571,0.011860229074954987
250,249,low,inspect_once,True,22,1,0.7499999999999999,0.027668679133057594,0.030437616631388664
251,250,low,inspect_once,True,12,1,0.85,0.044058267027139664,0.04890056326985359
252,251,low,inspect_once,True,17,1,0.7999999999999999,0.05041118338704109,0.05277947708964348
253,252,low,inspect_once,True,13,1,0.84,0.05861031636595726,0.0593266524374485
254,253,low,inspect_once,True,12,1,0.85,0.04548734053969383,0.039587486535310745
255,254,low,inspect_once,True,12,1,0.85,0.05115159600973129,0.04400672763586044
256,255,low,inspect_once,True,16,1,0.8099999999999999,0.026129906997084618,0.030778583139181137
257,256,low,inspect_once,True,20,1,0.7699999999999999,0.024836763739585876,0.018626701086759567
258,257,low,inspect_once,True,19,1,0.7799999999999999,0.012390846386551857,0.015533615835011005
259,258,low,inspect_once,True,16,1,0.8099999999999999,0.027406614273786545,0.026256905868649483
260,259,low,inspect_once,True,14,1,0.83,0.03386515751481056,0.026629066094756126
261,260,low,inspect_once,True,19,1,0.7799999999999999,0.03263412043452263,0.032781533896923065
262,261,low,inspect_once,True,12,1,0.85,0.03398323059082031,0.03474681079387665
263,262,low,inspect_once,True,17,1,0.7999999999999999,0.03867192938923836,0.04025551676750183
264,263,low,inspect_once,True,8,1,0.89,0.015429520979523659,0.017590994015336037
265,264,low,inspect_once,True,11,1,0.86,0.04665597155690193,0.04862503334879875
266,265,low,inspect_once,True,7,1,0.9,0.043354641646146774,0.04870400205254555
267,266,low,inspect_once,True,10,1,0.87,0.01995246857404709,0.015054645948112011
268,267,low,inspect_once,True,12,1,0.85,0.05636771768331528,0.057498663663864136
269,268,low,inspect_once,True,18,1,0.7899999999999999,0.03532391041517258,0.03692864999175072
270,269,low,inspect_once,True,11,1,0.86,0.0034786835312843323,0.014765325002372265
271,270,low,inspect_once,True,16,1,0.8099999999999999,0.014004177413880825,0.01086969394236803
272,271,low,inspect_once,True,19,1,0.7799999999999999,0.02738327719271183,0.024859655648469925
273,272,low,inspect_once,True,11,1,0.86,0.0137960035353899,0.01217045821249485
274,273,low,inspect_once,True,14,1,0.83,0.04526705667376518,0.045195259153842926
275,274,low,inspect_once,True,17,1,0.7999999999999999,0.01281658560037613,0.014298930764198303
276,275,low,inspect_once,True,20,1,0.7699999999999999,0.02585614286363125,0.024765437468886375
277,276,low,inspect_once,True,14,1,0.83,0.032325923442840576,0.030954109504818916
278,277,low,inspect_once,False,10,1,-0.38,0.06480050086975098,0.0570676326751709
279,278,low,inspect_once,True,12,1,0.85,0.05775003507733345,0.058012574911117554
280,279,low,inspect_once,True,14,1,0.83,0.05344768986105919,0.0469442754983902
281,280,low,inspect_once,True,20,1,0.7699999999999999,0.034441202878952026,0.03120337426662445
282,281,low,inspect_once,True,17,1,0.7999999999999999,0.024286523461341858,0.030132818967103958
283,282,low,inspect_once,True,12,1,0.85,0.017117435112595558,0.010679056867957115
284,283,low,inspect_once,True,14,1,0.83,0.03424505889415741,0.03464541584253311
285,284,low,inspect_once,True,11,1,0.86,0.04509775713086128,0.05211552605032921
286,285,low,inspect_once,True,6,1,0.91,0.03293583542108536,0.030173905193805695
287,286,low,inspect_once,True,15,1,0.82,0.03668629750609398,0.045361585915088654
288,287,low,inspect_once,True,18,1,0.7899999999999999,0.048334717750549316,0.053563203662633896
289,288,low,inspect_once,True,14,1,0.83,0.04107945039868355,0.05069786310195923
290,289,low,inspect_once,True,14,1,0.83,0.051007140427827835,0.05091090872883797
291,290,low,inspect_once,True,9,1,0.88,0.026197798550128937,0.030542727559804916
292,291,low,inspect_once,True,10,1,0.87,0.0297806765884161,0.0327572226524353
293,292,low,inspect_once,True,17,1,0.7999999999999999,0.03450003266334534,0.034495074301958084
294,293,low,inspect_once,True,18,1,0.7899999999999999,0.03394933417439461,0.031484268605709076
295,294,low,inspect_once,True,14,1,0.83,0.0591721385717392,0.059596508741378784
296,295,low,inspect_once,True,5,1,0.9199999999999999,0.027269113808870316,0.0296598169952631
297,296,low,inspect_once,True,14,1,0.83,0.05092249810695648,0.052198003977537155
298,297,low,inspect_once,True,7,1,0.9,0.013578500598669052,0.014570933766663074
299,298,low,inspect_once,True,14,1,0.83,0.03814532607793808,0.03728155791759491
300,299,low,inspect_once,True,14,1,0.83,0.03378691151738167,0.03316131979227066
301,300,low,inspect_once,True,15,1,0.82,0.03196317330002785,0.029278315603733063
302,301,low,inspect_once,True,9,1,0.88,0.03216641768813133,0.026677289977669716
303,302,low,inspect_once,True,17,1,0.7999999999999999,0.047248952090740204,0.05100512504577637
304,303,low,inspect_once,True,9,1,0.88,0.046503469347953796,0.05140390992164612
305,304,low,inspect_once,False,17,1,-0.45000000000000007,0.06111781671643257,0.057576488703489304
306,305,low,inspect_once,True,17,1,0.7999999999999999,0.01867479830980301,0.014121688902378082
307,306,low,inspect_once,True,7,1,0.9,0.028353555127978325,0.023566873744130135
308,307,low,inspect_once,False,15,1,-0.43000000000000005,0.06772758066654205,0.05965738743543625
309,308,low,inspect_once,True,15,1,0.82,0.035469356924295425,0.03758646175265312
310,309,low,inspect_once,True,6,1,0.91,0.03330434486269951,0.02204599790275097
311,310,low,inspect_once,True,18,1,0.7899999999999999,0.030081087723374367,0.03463083133101463
312,311,low,inspect_once,True,11,1,0.86,0.020817821845412254,0.0173370111733675
313,312,low,inspect_once,True,12,1,0.85,0.029942873865365982,0.02783202938735485
314,313,low,inspect_once,False,13,1,-0.41000000000000003,0.06899814307689667,0.05724945291876793
315,314,low,inspect_once,True,19,1,0.7799999999999999,0.03622080758213997,0.03739563375711441
316,315,low,inspect_once,True,19,1,0.7799999999999999,0.04722224920988083,0.05502934381365776
317,316,low,inspect_once,True,16,1,0.8099999999999999,0.05273103713989258,0.059186797589063644
318,317,low,inspect_once,True,16,1,0.8099999999999999,0.031187275424599648,0.03448103368282318
319,318,low,inspect_once,True,20,1,0.7699999999999999,0.028415005654096603,0.037539515644311905
320,319,low,inspect_once,True,15,1,0.82,0.03534768894314766,0.04131843522191048
321,320,low,inspect_once,True,18,1,0.7899999999999999,0.022096658125519753,0.024218501523137093
322,321,low,inspect_once,True,18,1,0.7899999999999999,0.05535338446497917,0.05353613570332527
323,322,low,inspect_once,False,10,1,-0.38,0.06659142673015594,0.05647509545087814
324,323,low,inspect_once,True,15,1,0.82,0.0308129470795393,0.029494578018784523
325,324,low,inspect_once,True,12,1,0.85,0.023748580366373062,0.028065582737326622
326,325,low,inspect_once,True,11,1,0.86,0.04341614618897438,0.03911520168185234
327,326,low,inspect_once,True,10,1,0.87,0.027665438130497932,0.024814799427986145
328,327,low,inspect_once,True,12,1,0.85,0.0378950871527195,0.03730539605021477
329,328,low,inspect_once,True,17,1,0.7999999999999999,0.01906982809305191,0.024319661781191826
330,329,low,inspect_once,True,8,1,0.89,0.021474290639162064,0.013270988129079342
331,330,low,inspect_once,True,22,1,0.7499999999999999,0.015205848030745983,0.02032407931983471
332,331,low,inspect_once,True,9,1,0.88,0.05953075736761093,0.05184640735387802
333,332,low,inspect_once,True,13,1,0.84,0.05137564241886139,0.04726821184158325
334,333,low,inspect_once,True,20,1,0.7699999999999999,0.03817688673734665,0.040883101522922516
335,334,low,inspect_once,True,11,1,0.86,0.04089074581861496,0.034254126250743866
336,335,low,inspect_once,True,11,1,0.86,0.019748907536268234,0.0170089453458786
337,336,low,inspect_once,True,17,1,0.7999999999999999,0.014513799920678139,0.010187436826527119
338,337,low,inspect_once,True,7,1,0.9,0.017067939043045044,0.018894655629992485
339,338,low,inspect_once,True,20,1,0.7699999999999999,0.020855017006397247,0.01621091179549694
340,339,low,inspect_once,True,16,1,0.8099999999999999,0.028919389471411705,0.02802710235118866
341,340,low,inspect_once,True,17,1,0.7999999999999999,0.020626692101359367,0.013895326294004917
342,341,low,inspect_once,True,14,1,0.83,0.02057504467666149,0.027197113260626793
343,342,low,inspect_once,True,13,1,0.84,0.055228110402822495,0.05032389611005783
344,343,low,inspect_once,False,13,1,-0.41000000000000003,0.060296230018138885,0.05581231042742729
345,344,low,inspect_once,True,14,1,0.83,0.03629843890666962,0.03737042099237442
346,345,low,inspect_once,True,13,1,0.84,0.05120626464486122,0.047683749347925186
347,346,low,inspect_once,True,12,1,0.85,0.028483591973781586,0.03102961555123329
348,347,low,inspect_once,True,12,1,0.85,0.034422263503074646,0.030462229624390602
349,348,low,inspect_once,True,12,1,0.85,0.0349569208920002,0.03211976960301399
350,349,low,inspect_once,True,12,1,0.85,0.04240657016634941,0.04266669973731041
351,350,low,inspect_once,True,17,1,0.7999999999999999,0.01832619123160839,0.026636486873030663
352,351,low,inspect_once,True,14,1,0.83,0.04396440088748932,0.03781541436910629
353,352,low,inspect_once,False,11,1,-0.39,0.06197035312652588,0.057923249900341034
354,353,low,inspect_once,True,13,1,0.84,0.05854034051299095,0.04910607635974884
355,354,low,inspect_once,False,11,1,-0.39,0.06255216151475906,0.05553247034549713
356,355,low,inspect_once,True,13,1,0.84,0.016484180465340614,0.021637538447976112
357,356,low,inspect_once,False,9,1,-0.37,0.060130197554826736,0.056959137320518494
358,357,low,inspect_once,True,8,1,0.89,0.04758010804653168,0.04940108209848404
359,358,low,inspect_once,True,14,1,0.83,0.04129345715045929,0.04068831726908684
360,359,low,inspect_once,True,13,1,0.84,0.0575706921517849,0.05605781823396683
361,360,low,inspect_once,True,21,1,0.7599999999999999,0.01719602197408676,0.012075310572981834
362,361,low,inspect_once,True,11,1,0.86,0.05237746611237526,0.04137450084090233
363,362,low,inspect_once,True,11,1,0.86,0.03873072564601898,0.0399940051138401
364,363,low,inspect_once,True,21,1,0.7599999999999999,0.04046393930912018,0.036144956946372986
365,364,low,inspect_once,True,12,1,0.85,0.039580028504133224,0.04363685101270676
366,365,low,inspect_once,True,18,1,0.7899999999999999,0.025750093162059784,0.0215169545263052
367,366,low,inspect_once,True,11,1,0.86,0.05492712929844856,0.05603098124265671
368,367,low,inspect_once,True,17,1,0.7999999999999999,0.018843544647097588,0.021258801221847534
369,368,low,inspect_once,True,12,1,0.85,0.04278605431318283,0.040569007396698
370,369,low,inspect_once,True,15,1,0.82,0.035586584359407425,0.03719459846615791
371,370,low,inspect_once,True,19,1,0.7799999999999999,0.03789837658405304,0.03346804156899452
372,371,low,inspect_once,True,16,1,0.8099999999999999,0.023523176088929176,0.026054486632347107
373,372,low,inspect_once,True,16,1,0.8099999999999999,0.0377243235707283,0.044936418533325195
374,373,low,inspect_once,True,18,1,0.7899999999999999,0.02618507854640484,0.016360962763428688
375,374,low,inspect_once,True,11,1,0.86,0.014329969882965088,0.01797586865723133
376,375,low,inspect_once,True,21,1,0.7599999999999999,0.03407520055770874,0.03433208540081978
377,376,low,inspect_once,True,14,1,0.83,0.04840107262134552,0.05475066229701042
378,377,low,inspect_once,True,9,1,0.88,0.05756598711013794,0.05240050330758095
379,378,low,inspect_once,True,11,1,0.86,0.018569983541965485,0.02338198386132717
380,379,low,inspect_once,False,14,1,-0.42000000000000004,0.06133727356791496,0.054392002522945404
381,380,low,inspect_once,False,5,1,-0.33,0.06345775723457336,0.05934435501694679
382,381,low,inspect_once,True,20,1,0.7699999999999999,0.04044878110289574,0.04831167683005333
383,382,low,inspect_once,True,11,1,0.86,0.03001292794942856,0.031451575458049774
384,383,low,inspect_once,True,14,1,0.83,0.02140512689948082,0.0222932118922472
385,384,low,inspect_once,False,17,1,-0.45000000000000007,0.06067734584212303,0.056874342262744904
386,385,low,inspect_once,True,12,1,0.85,0.035486675798892975,0.03148237615823746
387,386,low,inspect_once,True,9,1,0.88,0.025608934462070465,0.026711639016866684
388,387,low,inspect_once,True,10,1,0.87,0.030575772747397423,0.03422386571764946
389,388,low,inspect_once,True,15,1,0.82,0.025884348899126053,0.02193744294345379
390,389,low,inspect_once,True,10,1,0.87,0.026179689913988113,0.03164558857679367
391,390,low,inspect_once,True,18,1,0.7899999999999999,0.05501563102006912,0.0507381334900856
392,391,low,inspect_once,True,15,1,0.82,0.05766786262392998,0.054051753133535385
393,392,low,inspect_once,True,10,1,0.87,0.012276417575776577,0.019808132201433182
394,393,low,inspect_once,True,9,1,0.88,0.0521119125187397,0.04574409872293472
395,394,low,inspect_once,True,14,1,0.83,0.01433019433170557,0.022024797275662422
396,395,low,inspect_once,True,12,1,0.85,0.01281514298170805,0.015162418596446514
397,396,low,inspect_once,True,9,1,0.88,0.024205315858125687,0.025712577626109123
398,397,low,inspect_once,True,15,1,0.82,0.04942818358540535,0.054949987679719925
399,398,low,inspect_once,True,16,1,0.8099999999999999,0.019683348014950752,0.017598798498511314
400,399,low,inspect_once,True,17,1,0.7999999999999999,0.015129344537854195,0.012653864920139313
401,400,low,inspect_once,True,12,1,0.85,0.015264281071722507,0.010313408449292183
402,401,low,inspect_once,True,14,1,0.83,0.024035470560193062,0.017169833183288574
403,402,low,inspect_once,True,15,1,0.82,0.050213247537612915,0.048158321529626846
404,403,low,inspect_once,True,16,1,0.8099999999999999,0.02764100395143032,0.03230921924114227
405,404,low,inspect_once,True,10,1,0.87,0.05068796128034592,0.051442645490169525
406,405,low,inspect_once,True,15,1,0.82,0.04873714596033096,0.03902837261557579
407,406,low,inspect_once,True,4,1,0.9299999999999999,0.04661039263010025,0.04736814647912979
408,407,low,inspect_once,True,7,1,0.9,0.0310263242572546,0.03265375643968582
409,408,low,inspect_once,True,12,1,0.85,0.011752660386264324,0.014553790912032127
410,409,low,inspect_once,True,9,1,0.88,0.050649143755435944,0.050113745033741
411,410,low,inspect_once,False,16,1,-0.44000000000000006,0.06123662367463112,0.05706484615802765
412,411,low,inspect_once,True,15,1,0.82,0.04298350587487221,0.047483302652835846
413,412,low,inspect_once,True,15,1,0.82,0.023033732548356056,0.0203867107629776
414,413,low,inspect_once,True,9,1,0.88,0.04986163228750229,0.05493439733982086
415,414,low,inspect_once,True,13,1,0.84,0.014468096196651459,0.023776240646839142
416,415,low,inspect_once,False,17,1,-0.45000000000000007,0.06376640498638153,0.05617139860987663
417,416,low,inspect_once,True,9,1,0.88,0.04529537633061409,0.046098630875349045
418,417,low,inspect_once,True,17,1,0.7999999999999999,0.04958892613649368,0.04856153205037117
419,418,low,inspect_once,True,17,1,0.7999999999999999,0.041511401534080505,0.04005049914121628
420,419,low,inspect_once,True,20,1,0.7699999999999999,0.04521266371011734,0.049871671944856644
421,420,low,inspect_once,True,20,1,0.7699999999999999,0.026871496811509132,0.028084121644496918
422,421,low,inspect_once,True,7,1,0.9,0.012663854286074638,0.01316056214272976
423,422,low,inspect_once,True,16,1,0.8099999999999999,0.018604114651679993,0.020886795595288277
424,423,low,inspect_once,True,14,1,0.83,0.038679637014865875,0.0450841560959816
425,424,low,inspect_once,True,14,1,0.83,0.015277890488505363,0.015598218888044357
426,425,low,inspect_once,True,5,1,0.9199999999999999,0.05714019387960434,0.0569058395922184
427,426,low,inspect_once,True,10,1,0.87,0.05823761597275734,0.05875717103481293
428,427,low,inspect_once,True,18,1,0.7899999999999999,0.04435079172253609,0.03533615916967392
429,428,low,inspect_once,True,15,1,0.82,0.03349420800805092,0.025332406163215637
430,429,low,inspect_once,True,10,1,0.87,0.043967682868242264,0.04891952872276306
431,430,low,inspect_once,True,17,1,0.7999999999999999,0.04450345039367676,0.037488240748643875
432,431,low,inspect_once,True,14,1,0.83,0.0436188206076622,0.04097083583474159
433,432,low,inspect_once,True,15,1,0.82,0.039214447140693665,0.03750923275947571
434,433,low,inspect_once,False,12,1,-0.4,0.062186870723962784,0.0588051900267601
435,434,low,inspect_once,True,13,1,0.84,0.01098492369055748,0.0161548163741827
436,435,low,inspect_once,True,15,1,0.82,0.023105930536985397,0.023159004747867584
437,436,low,inspect_once,True,10,1,0.87,0.0182387325912714,0.012292826548218727
438,437,low,inspect_once,True,14,1,0.83,0.04368973523378372,0.04714740067720413
439,438,low,inspect_once,True,18,1,0.7899999999999999,0.03974166512489319,0.04496105760335922
440,439,low,inspect_once,True,18,1,0.7899999999999999,0.05255848541855812,0.04542696103453636
441,440,low,inspect_once,True,16,1,0.8099999999999999,0.04016982764005661,0.03744400665163994
442,441,low,inspect_once,True,11,1,0.86,0.025530725717544556,0.026054449379444122
443,442,low,inspect_once,True,15,1,0.82,0.04917198419570923,0.05784575268626213
444,443,low,inspect_once,True,9,1,0.88,0.02180732972919941,0.029035784304142
445,444,low,inspect_once,True,14,1,0.83,0.040343236178159714,0.04381727799773216
446,445,low,inspect_once,True,10,1,0.87,0.023761611431837082,0.027457786723971367
447,446,low,inspect_once,True,17,1,0.7999999999999999,0.04685952141880989,0.047651588916778564
448,447,low,inspect_once,True,16,1,0.8099999999999999,0.02292815037071705,0.0207735076546669
449,448,low,inspect_once,True,4,1,0.9299999999999999,0.04711785167455673,0.04622265696525574
450,449,low,inspect_once,True,15,1,0.82,0.04303217679262161,0.04080289602279663
451,450,low,inspect_once,True,9,1,0.88,0.052963316440582275,0.059672243893146515
452,451,low,inspect_once,True,9,1,0.88,0.02861863002181053,0.02496977522969246
453,452,low,inspect_once,True,16,1,0.8099999999999999,0.025766417384147644,0.01994330994784832
454,453,low,inspect_once,True,9,1,0.88,0.05533557012677193,0.05880621820688248
455,454,low,inspect_once,True,10,1,0.87,0.016501473262906075,0.012168141081929207
456,455,low,inspect_once,True,18,1,0.7899999999999999,0.020100023597478867,0.020406601950526237
457,456,low,inspect_once,True,12,1,0.85,0.026220427826046944,0.014896413311362267
458,457,low,inspect_once,False,15,1,-0.43000000000000005,0.062490154057741165,0.05762037634849548
459,458,low,inspect_once,True,13,1,0.84,0.004153611604124308,0.011619479395449162
460,459,low,inspect_once,True,16,1,0.8099999999999999,0.034099556505680084,0.03362327069044113
461,460,low,inspect_once,True,14,1,0.83,0.03462328016757965,0.035354483872652054
462,461,low,inspect_once,True,16,1,0.8099999999999999,0.04356202110648155,0.04323100671172142
463,462,low,inspect_once,True,16,1,0.8099999999999999,0.055038027465343475,0.05555799603462219
464,463,low,inspect_once,True,16,1,0.8099999999999999,0.03272765502333641,0.035497937351465225
465,464,low,inspect_once,True,13,1,0.84,0.028679488226771355,0.03454504907131195
466,465,low,inspect_once,True,15,1,0.82,0.04490387439727783,0.04013992100954056
467,466,low,inspect_once,True,8,1,0.89,0.021647652611136436,0.02982986345887184
468,467,low,inspect_once,True,14,1,0.83,0.0413418710231781,0.04350154474377632
469,468,low,inspect_once,True,20,1,0.7699999999999999,0.015339827165007591,0.01760193333029747
470,469,low,inspect_once,True,18,1,0.7899999999999999,0.03515450283885002,0.039185233414173126
471,470,low,inspect_once,True,9,1,0.88,0.04535551369190216,0.0588553361594677
472,471,low,inspect_once,True,8,1,0.89,0.03425692394375801,0.03568028658628464
473,472,low,inspect_once,True,13,1,0.84,0.028074141591787338,0.02689623273909092
474,473,low,inspect_once,True,15,1,0.82,0.03121788427233696,0.029656054452061653
475,474,low,inspect_once,True,15,1,0.82,0.037419989705085754,0.030882440507411957
476,475,low,inspect_once,True,12,1,0.85,0.0273662768304348,0.032834719866514206
477,476,low,inspect_once,True,9,1,0.88,0.014296580106019974,0.010369827970862389
478,477,low,inspect_once,True,18,1,0.7899999999999999,0.02261490747332573,0.020741228014230728
479,478,low,inspect_once,False,10,1,-0.38,0.062338050454854965,0.05372655764222145
480,479,low,inspect_once,True,12,1,0.85,0.008842837996780872,0.011866538785398006
481,480,low,inspect_once,True,16,1,0.8099999999999999,0.047489557415246964,0.0563184916973114
482,481,low,inspect_once,True,18,1,0.7899999999999999,0.03815288469195366,0.040310632437467575
483,482,low,inspect_once,True,13,1,0.84,0.043652452528476715,0.04171852022409439
484,483,low,inspect_once,True,7,1,0.9,0.05051622912287712,0.04189140349626541
485,484,low,inspect_once,True,15,1,0.82,0.047577112913131714,0.047591451555490494
486,485,low,inspect_once,True,12,1,0.85,0.03418023884296417,0.03647615760564804
487,486,low,inspect_once,True,21,1,0.7599999999999999,0.012452645227313042,0.015096854418516159
488,487,low,inspect_once,True,11,1,0.86,0.018880151212215424,0.013951370492577553
489,488,low,inspect_once,True,3,1,0.94,0.035600680857896805,0.029245195910334587
490,489,low,inspect_once,True,17,1,0.7999999999999999,0.04606028273701668,0.048051606863737106
491,490,low,inspect_once,True,9,1,0.88,0.025480041280388832,0.030206818133592606
492,491,low,inspect_once,True,20,1,0.7699999999999999,0.028893033042550087,0.023581603541970253
493,492,low,inspect_once,True,16,1,0.8099999999999999,0.04382866248488426,0.04881047084927559
494,493,low,inspect_once,True,19,1,0.7799999999999999,0.02477138489484787,0.012687649577856064
495,494,low,inspect_once,True,20,1,0.7699999999999999,0.013497925363481045,0.018030492588877678
496,495,low,inspect_once,True,17,1,0.7999999999999999,0.050876434892416,0.04780616983771324
497,496,low,inspect_once,True,16,1,0.8099999999999999,0.0515255443751812,0.046966083347797394
498,497,low,inspect_once,True,14,1,0.83,0.0173892080783844,0.015328219160437584
499,498,low,inspect_once,True,20,1,0.7699999999999999,0.016306843608617783,0.02365785837173462
500,499,low,inspect_once,False,17,1,-0.45000000000000007,0.0642053484916687,0.05683179199695587
501,500,low,inspect_once,True,17,1,0.7999999999999999,0.03867827728390694,0.03678610175848007
502,501,low,inspect_once,True,19,1,0.7799999999999999,0.04803358018398285,0.05285217612981796
503,502,low,inspect_once,True,8,1,0.89,0.04756233096122742,0.036793775856494904
504,503,low,inspect_once,True,9,1,0.88,0.05522749945521355,0.053959596902132034
505,504,low,inspect_once,True,3,1,0.94,0.03915933519601822,0.041466958820819855
506,505,low,inspect_once,True,18,1,0.7899999999999999,0.042932964861392975,0.041378553956747055
507,506,low,inspect_once,True,10,1,0.87,0.01377771981060505,0.01663128100335598
508,507,low,inspect_once,True,8,1,0.89,0.022314103320240974,0.026688918471336365
509,508,low,inspect_once,True,15,1,0.82,0.023728223517537117,0.02776900678873062
510,509,low,inspect_once,True,17,1,0.7999999999999999,0.028213785961270332,0.02178480662405491
511,510,low,inspect_once,True,13,1,0.84,0.029072850942611694,0.02930651605129242
512,511,low,inspect_once,True,17,1,0.7999999999999999,0.04981298744678497,0.04341236129403114
513,512,low,inspect_once,True,16,1,0.8099999999999999,0.03807278722524643,0.03617396950721741
514,513,low,inspect_once,True,9,1,0.88,0.045548513531684875,0.04871606454253197
515,514,low,inspect_once,True,17,1,0.7999999999999999,0.05745701491832733,0.04803043231368065
516,515,low,inspect_once,True,12,1,0.85,0.026327576488256454,0.029546013101935387
517,516,low,inspect_once,True,12,1,0.85,0.019275246188044548,0.01616121642291546
518,517,low,inspect_once,True,15,1,0.82,0.0291366595774889,0.0220863725990057
519,518,low,inspect_once,True,16,1,0.8099999999999999,0.02577248215675354,0.02486444264650345
520,519,low,inspect_once,True,5,1,0.9199999999999999,0.024912862107157707,0.02170144021511078
521,520,low,inspect_once,True,9,1,0.88,0.05834316089749336,0.05731844902038574
522,521,low,inspect_once,True,14,1,0.83,0.04706919193267822,0.041519228368997574
523,522,low,inspect_once,True,12,1,0.85,0.02167317271232605,0.016855474561452866
524,523,low,inspect_once,True,16,1,0.8099999999999999,0.04514028877019882,0.05159823223948479
525,524,low,inspect_once,True,10,1,0.87,0.022379416972398758,0.024424154311418533
526,525,low,inspect_once,True,13,1,0.84,0.0247786957770586,0.022772319614887238
527,526,low,inspect_once,True,7,1,0.9,0.04903154447674751,0.04288816079497337
528,527,low,inspect_once,True,13,1,0.84,0.009075311943888664,0.0131370285525918
529,528,low,inspect_once,True,15,1,0.82,0.057741377502679825,0.047936566174030304
530,529,low,inspect_once,True,8,1,0.89,0.039605069905519485,0.04311540350317955
531,530,low,inspect_once,False,11,1,-0.39,0.061102885752916336,0.05084048584103584
532,531,low,inspect_once,True,20,1,0.7699999999999999,0.04707012698054314,0.043611038476228714
533,532,low,inspect_once,True,5,1,0.9199999999999999,0.050000403076410294,0.05175769701600075
534,533,low,inspect_once,True,15,1,0.82,0.015836622565984726,0.013221397064626217
535,534,low,inspect_once,True,17,1,0.7999999999999999,0.03798122704029083,0.03830861300230026
536,535,low,inspect_once,True,17,1,0.7999999999999999,0.023055799305438995,0.015940295532345772
537,536,low,inspect_once,True,6,1,0.91,0.027202408760786057,0.03223621845245361
538,537,low,inspect_once,True,16,1,0.8099999999999999,0.019302716478705406,0.025360705330967903
539,538,low,inspect_once,True,18,1,0.7899999999999999,0.03383227810263634,0.02457139454782009
540,539,low,inspect_once,True,9,1,0.88,0.011411895975470543,0.011872428469359875
541,540,low,inspect_once,True,8,1,0.89,0.05518588796257973,0.05157092958688736
542,541,low,inspect_once,True,14,1,0.83,0.048192743211984634,0.0414864681661129
543,542,low,inspect_once,True,21,1,0.7599999999999999,0.049893371760845184,0.04846549779176712
544,543,low,inspect_once,True,14,1,0.83,0.03610636293888092,0.03171217069029808
545,544,low,inspect_once,True,16,1,0.8099999999999999,0.02320520021021366,0.012341585010290146
546,545,low,inspect_once,True,14,1,0.83,0.05051157996058464,0.04582420736551285
547,546,low,inspect_once,True,16,1,0.8099999999999999,0.014664769172668457,0.014824229292571545
548,547,low,inspect_once,True,11,1,0.86,0.033903054893016815,0.03179556131362915
549,548,low,inspect_once,True,11,1,0.86,0.05263051390647888,0.057444021105766296
550,549,low,inspect_once,True,10,1,0.87,0.04972469434142113,0.04594549164175987
551,550,low,inspect_once,True,16,1,0.8099999999999999,0.039543114602565765,0.033259809017181396
552,551,low,inspect_once,True,16,1,0.8099999999999999,0.052283406257629395,0.05167500302195549
553,552,low,inspect_once,True,7,1,0.9,0.01377034094184637,0.014223888516426086
554,553,low,inspect_once,True,16,1,0.8099999999999999,0.03594156354665756,0.04533771052956581
555,554,low,inspect_once,True,18,1,0.7899999999999999,0.022006597369909286,0.024239148944616318
556,555,low,inspect_once,True,5,1,0.9199999999999999,0.0594848208129406,0.05028316378593445
557,556,low,inspect_once,True,13,1,0.84,0.03052701987326145,0.03181939572095871
558,557,low,inspect_once,True,15,1,0.82,0.05260789394378662,0.04365819692611694
559,558,low,inspect_once,True,12,1,0.85,0.03294662758708,0.02955382689833641
560,559,low,inspect_once,True,18,1,0.7899999999999999,0.054114487022161484,0.04149350896477699
561,560,low,inspect_once,True,9,1,0.88,0.03727646544575691,0.036398570984601974
562,561,low,inspect_once,True,18,1,0.7899999999999999,0.013050355017185211,0.018568847328424454
563,562,low,inspect_once,True,12,1,0.85,0.02065391093492508,0.017439691349864006
564,563,low,inspect_once,True,15,1,0.82,0.056620292365550995,0.05551249533891678
565,564,low,inspect_once,True,15,1,0.82,0.011451574973762035,0.011434578336775303
566,565,low,inspect_once,True,13,1,0.84,0.03172319382429123,0.03346710279583931
567,566,low,inspect_once,True,20,1,0.7699999999999999,0.05863354727625847,0.05640337988734245
568,567,low,inspect_once,True,17,1,0.7999999999999999,0.029856106266379356,0.02797730080783367
569,568,low,inspect_once,False,19,1,-0.4700000000000001,0.06425268948078156,0.05895433947443962
570,569,low,inspect_once,True,14,1,0.83,0.03558112308382988,0.025010470300912857
571,570,low,inspect_once,True,13,1,0.84,0.009080407209694386,0.01552089024335146
572,571,low,inspect_once,True,15,1,0.82,0.014435031451284885,0.011034569703042507
573,572,low,inspect_once,True,12,1,0.85,0.020592130720615387,0.023001817986369133
574,573,low,inspect_once,True,16,1,0.8099999999999999,0.03910578042268753,0.03792653605341911
575,574,low,inspect_once,True,17,1,0.7999999999999999,0.008112980984151363,0.011262957006692886
576,575,low,inspect_once,True,8,1,0.89,0.055798083543777466,0.05482419580221176
577,576,low,inspect_once,True,19,1,0.7799999999999999,0.04835471883416176,0.047347541898489
578,577,low,inspect_once,False,11,1,-0.39,0.06187177076935768,0.05971119925379753
579,578,low,inspect_once,True,9,1,0.88,0.013538460247218609,0.016651570796966553
580,579,low,inspect_once,True,16,1,0.8099999999999999,0.04489104077219963,0.04810646176338196
581,580,low,inspect_once,True,4,1,0.9299999999999999,0.04509320855140686,0.047091927379369736
582,581,low,inspect_once,True,10,1,0.87,0.05058876797556877,0.045830484479665756
583,582,low,inspect_once,True,7,1,0.9,0.018455196171998978,0.021319177001714706
584,583,low,inspect_once,True,7,1,0.9,0.05306754633784294,0.05357549339532852
585,584,low,inspect_once,True,18,1,0.7899999999999999,0.03444648161530495,0.038063257932662964
586,585,low,inspect_once,True,17,1,0.7999999999999999,0.02976326271891594,0.026877522468566895
587,586,low,inspect_once,True,11,1,0.86,0.02891116589307785,0.030351344496011734
588,587,low,inspect_once,False,6,1,-0.34,0.06813397258520126,0.05950234830379486
589,588,low,inspect_once,True,23,1,0.74,0.00740397023037076,0.015798993408679962
590,589,low,inspect_once,True,13,1,0.84,0.0073137544095516205,0.01049190852791071
591,590,low,inspect_once,True,13,1,0.84,0.04019059240818024,0.042362093925476074
592,591,low,inspect_once,True,9,1,0.88,0.04301857948303223,0.044920679181814194
593,592,low,inspect_once,True,4,1,0.9299999999999999,0.039736561477184296,0.03944113478064537
594,593,low,inspect_once,True,18,1,0.7899999999999999,0.04012072831392288,0.04929991811513901
595,594,low,inspect_once,True,10,1,0.87,0.03672182187438011,0.027256092056632042
596,595,low,inspect_once,False,18,1,-0.4600000000000001,0.06023029983043671,0.05798318237066269
597,596,low,inspect_once,True,13,1,0.84,0.021734440699219704,0.030469238758087158
598,597,low,inspect_once,True,16,1,0.8099999999999999,0.03929492458701134,0.03813893720507622
599,598,low,inspect_once,True,22,1,0.7499999999999999,0.04060608148574829,0.035586584359407425
600,599,low,inspect_once,True,17,1,0.7999999999999999,0.023090913891792297,0.017495328560471535
601,600,low,inspect_once,True,5,1,0.9199999999999999,0.05657297372817993,0.04748750478029251
602,601,low,inspect_once,True,14,1,0.83,0.030960161238908768,0.029130594804883003
603,602,low,inspect_once,True,16,1,0.8099999999999999,0.012867453508079052,0.01149584911763668
604,603,low,inspect_once,True,9,1,0.88,0.018442895263433456,0.015508905984461308
605,604,low,inspect_once,True,6,1,0.91,0.019707849249243736,0.019110290333628654
606,605,low,inspect_once,True,14,1,0.83,0.041806794703006744,0.03721915930509567
607,606,low,inspect_once,True,18,1,0.7899999999999999,0.016339419409632683,0.021573618054389954
608,607,low,inspect_once,True,16,1,0.8099999999999999,0.01062543410807848,0.013106041587889194
609,608,low,inspect_once,True,16,1,0.8099999999999999,0.03410419076681137,0.04056810587644577
610,609,low,inspect_once,True,13,1,0.84,0.015859032049775124,0.0207603108137846
611,610,low,inspect_once,True,10,1,0.87,0.05564502626657486,0.05887371301651001
612,611,low,inspect_once,True,18,1,0.7899999999999999,0.027358781546354294,0.0244041308760643
613,612,low,inspect_once,True,8,1,0.89,0.010540117509663105,0.012068911455571651
614,613,low,inspect_once,True,19,1,0.7799999999999999,0.02694505825638771,0.02158701978623867
615,614,low,inspect_once,True,5,1,0.9199999999999999,0.010733390226960182,0.015180940739810467
616,615,low,inspect_once,True,17,1,0.7999999999999999,0.044071536511182785,0.04062016308307648
617,616,low,inspect_once,True,16,1,0.8099999999999999,0.03331295773386955,0.03802194446325302
618,617,low,inspect_once,True,6,1,0.91,0.02164090983569622,0.015926456078886986
619,618,low,inspect_once,True,14,1,0.83,0.044465478509664536,0.04633766785264015
620,619,low,inspect_once,True,10,1,0.87,0.022193660959601402,0.024190716445446014
621,620,low,inspect_once,True,17,1,0.7999999999999999,0.037377677857875824,0.036893997341394424
622,621,low,inspect_once,True,13,1,0.84,0.02521730773150921,0.030907273292541504
623,622,low,inspect_once,True,5,1,0.9199999999999999,0.05070227384567261,0.05177079886198044
624,623,low,inspect_once,True,15,1,0.82,0.02049221657216549,0.023900218307971954
625,624,low,inspect_once,True,4,1,0.9299999999999999,0.029795903712511063,0.030590977519750595
626,625,low,inspect_once,True,12,1,0.85,0.05769749730825424,0.05418040230870247
627,626,low,inspect_once,True,17,1,0.7999999999999999,0.010280454531311989,0.013109918683767319
628,627,low,inspect_once,True,10,1,0.87,0.038041647523641586,0.038029249757528305
629,628,low,inspect_once,True,18,1,0.7899999999999999,0.05827702581882477,0.056010305881500244
630,629,low,inspect_once,True,15,1,0.82,0.029092922806739807,0.034505657851696014
631,630,low,inspect_once,True,10,1,0.87,0.049489304423332214,0.05594202131032944
632,631,low,inspect_once,True,15,1,0.82,0.028526976704597473,0.032607946544885635
633,632,low,inspect_once,True,10,1,0.87,0.05043122544884682,0.05305861681699753
634,633,low,inspect_once,True,13,1,0.84,0.05200881138443947,0.0431860089302063
635,634,low,inspect_once,True,18,1,0.7899999999999999,0.03308830410242081,0.043664999306201935
636,635,low,inspect_once,True,16,1,0.8099999999999999,0.04720393568277359,0.04182896390557289
637,636,low,inspect_once,True,8,1,0.89,0.03291254863142967,0.028263365849852562
638,637,low,inspect_once,True,9,1,0.88,0.018992483615875244,0.019919827580451965
639,638,low,inspect_once,True,13,1,0.84,0.03375495225191116,0.030120952054858208
640,639,low,inspect_once,True,20,1,0.7699999999999999,0.03927505761384964,0.03763995319604874
641,640,low,inspect_once,True,14,1,0.83,0.02861105464398861,0.021665921434760094
642,641,low,inspect_once,True,15,1,0.82,0.03658202290534973,0.035145312547683716
643,642,low,inspect_once,True,14,1,0.83,0.00943058729171753,0.016756411641836166
644,643,low,inspect_once,True,4,1,0.9299999999999999,0.02242421731352806,0.021297242492437363
645,644,low,inspect_once,False,12,1,-0.4,0.06428355723619461,0.05689172074198723
646,645,low,inspect_once,True,12,1,0.85,0.01515311747789383,0.011166905984282494
647,646,low,inspect_once,True,10,1,0.87,0.05710803344845772,0.05446532741189003
648,647,low,inspect_once,True,10,1,0.87,0.04884347319602966,0.04292815551161766
649,648,low,inspect_once,True,13,1,0.84,0.03661790490150452,0.02908375672996044
650,649,low,inspect_once,True,18,1,0.7899999999999999,0.021548455581068993,0.018131166696548462
651,650,low,inspect_once,True,13,1,0.84,0.05145926773548126,0.05918265879154205
652,651,low,inspect_once,True,15,1,0.82,0.02046024613082409,0.018528521060943604
653,652,low,inspect_once,True,12,1,0.85,0.03669583052396774,0.03395416587591171
654,653,low,inspect_once,True,13,1,0.84,0.018781809136271477,0.020162275061011314
655,654,low,inspect_once,True,17,1,0.7999999999999999,0.044206444174051285,0.04324616119265556
656,655,low,inspect_once,False,8,1,-0.36,0.07032362371683121,0.058360081166028976
657,656,low,inspect_once,True,14,1,0.83,0.02151588723063469,0.01629982888698578
658,657,low,inspect_once,True,18,1,0.7899999999999999,0.035240959376096725,0.03671152517199516
659,658,low,inspect_once,True,4,1,0.9299999999999999,0.059606727212667465,0.05597882345318794
660,659,low,inspect_once,True,3,1,0.94,0.035218533128499985,0.045080866664648056
661,660,low,inspect_once,True,16,1,0.8099999999999999,0.04436532407999039,0.03898024559020996
662,661,low,inspect_once,True,11,1,0.86,0.028188569471240044,0.028497684746980667
663,662,low,inspect_once,True,4,1,0.9299999999999999,0.03983296453952789,0.040634818375110626
664,663,low,inspect_once,True,4,1,0.9299999999999999,0.043376848101615906,0.04848197102546692
665,664,low,inspect_once,True,17,1,0.7999999999999999,0.05198534578084946,0.039552364498376846
666,665,low,inspect_once,True,8,1,0.89,0.037539537996053696,0.03905642405152321
667,666,low,inspect_once,True,16,1,0.8099999999999999,0.029467729851603508,0.03965064510703087
668,667,low,inspect_once,True,14,1,0.83,0.053172606974840164,0.059421028941869736
669,668,low,inspect_once,True,14,1,0.83,0.022587614133954048,0.01353294774889946
670,669,low,inspect_once,True,4,1,0.9299999999999999,0.05602011829614639,0.053860221058130264
671,670,low,inspect_once,True,9,1,0.88,0.05933146923780441,0.0546969473361969
672,671,low,inspect_once,True,18,1,0.7899999999999999,0.015172810293734074,0.011441216804087162
673,672,low,inspect_once,True,15,1,0.82,0.0341307558119297,0.02617638185620308
674,673,low,inspect_once,True,20,1,0.7699999999999999,0.012939885258674622,0.014464353211224079
675,674,low,inspect_once,True,14,1,0.83,0.03832913935184479,0.028938399627804756
676,675,low,inspect_once,True,16,1,0.8099999999999999,0.05114918574690819,0.05214942991733551
677,676,low,inspect_once,False,10,1,-0.38,0.062021758407354355,0.05996362864971161
678,677,low,inspect_once,True,12,1,0.85,0.031214233487844467,0.030296603217720985
679,678,low,inspect_once,True,14,1,0.83,0.04314928874373436,0.03537433221936226
680,679,low,inspect_once,True,8,1,0.89,0.03239058330655098,0.03234262764453888
681,680,low,inspect_once,True,4,1,0.9299999999999999,0.0574759840965271,0.05650046840310097
682,681,low,inspect_once,True,11,1,0.86,0.022721081972122192,0.01800031028687954
683,682,low,inspect_once,True,14,1,0.83,0.017219223082065582,0.012476115487515926
684,683,low,inspect_once,True,21,1,0.7599999999999999,0.024256039410829544,0.026303859427571297
685,684,low,inspect_once,True,14,1,0.83,0.05375073850154877,0.053344473242759705
686,685,low,inspect_once,True,15,1,0.82,0.04055876284837723,0.034225378185510635
687,686,low,inspect_once,True,13,1,0.84,0.02679680846631527,0.027273638173937798
688,687,low,inspect_once,True,14,1,0.83,0.05576925352215767,0.053919222205877304
689,688,low,inspect_once,True,9,1,0.88,0.04115593433380127,0.03458802029490471
690,689,low,inspect_once,True,14,1,0.83,0.02140212617814541,0.019645201042294502
691,690,low,inspect_once,False,21,1,-0.4900000000000001,0.06055617332458496,0.054596059024333954
692,691,low,inspect_once,True,16,1,0.8099999999999999,0.02229405753314495,0.03134496137499809
693,692,low,inspect_once,True,5,1,0.9199999999999999,0.017093632370233536,0.020983755588531494
694,693,low,inspect_once,True,15,1,0.82,0.05839254707098007,0.04898510128259659
695,694,low,inspect_once,True,15,1,0.82,0.006151893176138401,0.013750746846199036
696,695,low,inspect_once,True,7,1,0.9,0.04070710018277168,0.04892707243561745
697,696,low,inspect_once,True,11,1,0.86,0.02991092950105667,0.02319205366075039
698,697,low,inspect_once,True,8,1,0.89,0.0248753372579813,0.02268081344664097
699,698,low,inspect_once,True,18,1,0.7899999999999999,0.049446333199739456,0.05451105162501335
700,699,low,inspect_once,True,14,1,0.83,0.02453857660293579,0.018992800265550613
701,700,low,inspect_once,True,8,1,0.89,0.02450942061841488,0.02844838798046112
702,701,low,inspect_once,True,21,1,0.7599999999999999,0.04980910196900368,0.05490491911768913
703,702,low,inspect_once,True,6,1,0.91,0.028859199956059456,0.026779042556881905
704,703,low,inspect_once,True,15,1,0.82,0.051143381744623184,0.049599990248680115
705,704,low,inspect_once,True,16,1,0.8099999999999999,0.03040769137442112,0.03213443234562874
706,705,low,inspect_once,True,9,1,0.88,0.04218963533639908,0.04209558293223381
707,706,low,inspect_once,True,8,1,0.89,0.05366823449730873,0.05351100116968155
708,707,low,inspect_once,True,15,1,0.82,0.027002403512597084,0.02458236552774906
709,708,low,inspect_once,True,18,1,0.7899999999999999,0.03143038973212242,0.017886245623230934
710,709,low,inspect_once,True,15,1,0.82,0.05124599114060402,0.051656391471624374
711,710,low,inspect_once,True,6,1,0.91,0.03955507650971413,0.043516650795936584
712,711,low,inspect_once,True,11,1,0.86,0.04066367447376251,0.04497505724430084
713,712,low,inspect_once,True,8,1,0.89,0.04173434153199196,0.046717118471860886
714,713,low,inspect_once,True,11,1,0.86,0.043832216411828995,0.04508236423134804
715,714,low,inspect_once,True,10,1,0.87,0.05440964177250862,0.05082160606980324
716,715,low,inspect_once,True,7,1,0.9,0.03091035969555378,0.029849374666810036
717,716,low,inspect_once,True,20,1,0.7699999999999999,0.03681792691349983,0.03593435883522034
718,717,low,inspect_once,True,13,1,0.84,0.021622024476528168,0.02435942552983761
719,718,low,inspect_once,True,16,1,0.8099999999999999,0.018631447106599808,0.03394467756152153
720,719,low,inspect_once,True,15,1,0.82,0.02169407531619072,0.012797070667147636
721,720,low,inspect_once,True,6,1,0.91,0.0347793810069561,0.027677025645971298
722,721,low,inspect_once,True,9,1,0.88,0.028012342751026154,0.02847554162144661
723,722,low,inspect_once,True,17,1,0.7999999999999999,0.02676505036652088,0.024745341390371323
724,723,low,inspect_once,True,10,1,0.87,0.036886196583509445,0.0239445548504591
725,724,low,inspect_once,True,15,1,0.82,0.022574249655008316,0.014072276651859283
726,725,low,inspect_once,True,17,1,0.7999999999999999,0.04758608341217041,0.04671550542116165
727,726,low,inspect_once,True,11,1,0.86,0.026789551600813866,0.029572566971182823
728,727,low,inspect_once,True,15,1,0.82,0.0544162355363369,0.05991097912192345
729,728,low,inspect_once,True,21,1,0.7599999999999999,0.04628059267997742,0.04434777796268463
730,729,low,inspect_once,True,18,1,0.7899999999999999,0.05388376861810684,0.049594487994909286
731,730,low,inspect_once,True,13,1,0.84,0.014535133726894855,0.018126705661416054
732,731,low,inspect_once,True,18,1,0.7899999999999999,0.01329460833221674,0.0146326357498765
733,732,low,inspect_once,True,12,1,0.85,0.030182573944330215,0.03394755721092224
734,733,low,inspect_once,True,14,1,0.83,0.02011789195239544,0.01601054146885872
735,734,low,inspect_once,True,19,1,0.7799999999999999,0.044467583298683167,0.03728586062788963
736,735,low,inspect_once,True,16,1,0.8099999999999999,0.0235044714063406,0.02193891629576683
737,736,low,inspect_once,True,13,1,0.84,0.045081060379743576,0.04775426536798477
738,737,low,inspect_once,True,8,1,0.89,0.044705830514431,0.04933018982410431
739,738,low,inspect_once,True,15,1,0.82,0.04174799472093582,0.04418789595365524
740,739,low,inspect_once,True,17,1,0.7999999999999999,0.05438525974750519,0.055405788123607635
741,740,low,inspect_once,True,14,1,0.83,0.022323455661535263,0.019066166132688522
742,741,low,inspect_once,True,10,1,0.87,0.023975593969225883,0.016212427988648415
743,742,low,inspect_once,True,19,1,0.7799999999999999,0.018064619973301888,0.017274681478738785
744,743,low,inspect_once,True,5,1,0.9199999999999999,0.023049229755997658,0.025707541033625603
745,744,low,inspect_once,True,18,1,0.7899999999999999,0.011703122407197952,0.02025078795850277
746,745,low,inspect_once,True,15,1,0.82,0.036098409444093704,0.03309778869152069
747,746,low,inspect_once,True,14,1,0.83,0.008009166456758976,0.01177767850458622
748,747,low,inspect_once,True,15,1,0.82,0.024181852117180824,0.023601023480296135
749,748,low,inspect_once,True,18,1,0.7899999999999999,0.0430460162460804,0.04281153157353401
750,749,low,inspect_once,True,16,1,0.8099999999999999,0.0403209887444973,0.03724583610892296
751,750,low,inspect_once,True,13,1,0.84,0.017446547746658325,0.015380379743874073
752,751,low,inspect_once,True,9,1,0.88,0.008462578989565372,0.011798935011029243
753,752,low,inspect_once,True,17,1,0.7999999999999999,0.05305391922593117,0.04225367680191994
754,753,low,inspect_once,True,7,1,0.9,0.01846463419497013,0.01780024729669094
755,754,low,inspect_once,True,14,1,0.83,0.02964208461344242,0.021193528547883034
756,755,low,inspect_once,True,19,1,0.7799999999999999,0.055779118090867996,0.048679009079933167
757,756,low,inspect_once,True,8,1,0.89,0.042657677084207535,0.047588396817445755
758,757,low,inspect_once,True,14,1,0.83,0.033546462655067444,0.03202497214078903
759,758,low,inspect_once,True,17,1,0.7999999999999999,0.00992442574352026,0.012912505306303501
760,759,low,inspect_once,True,8,1,0.89,0.03705495223402977,0.03857172653079033
761,760,low,inspect_once,True,17,1,0.7999999999999999,0.04204823449254036,0.04049499332904816
762,761,low,inspect_once,True,13,1,0.84,0.02465326339006424,0.01963600516319275
763,762,low,inspect_once,True,9,1,0.88,0.04405717924237251,0.04395044967532158
764,763,low,inspect_once,True,17,1,0.7999999999999999,0.048310648649930954,0.04968137666583061
765,764,low,inspect_once,True,20,1,0.7699999999999999,0.04403528943657875,0.03629583492875099
766,765,low,inspect_once,True,12,1,0.85,0.02449764870107174,0.032552774995565414
767,766,low,inspect_once,True,14,1,0.83,0.016920311376452446,0.014530708082020283
768,767,low,inspect_once,True,16,1,0.8099999999999999,0.014363025315105915,0.01774514466524124
769,768,low,inspect_once,True,19,1,0.7799999999999999,0.04311758279800415,0.043763719499111176
770,769,low,inspect_once,True,19,1,0.7799999999999999,0.03138221800327301,0.027308298274874687
771,770,low,inspect_once,True,19,1,0.7799999999999999,0.013341071084141731,0.011716524139046669
772,771,low,inspect_once,True,12,1,0.85,0.02381659299135208,0.021531030535697937
773,772,low,inspect_once,True,13,1,0.84,0.028846412897109985,0.02676966041326523
774,773,low,inspect_once,True,15,1,0.82,0.01965387351810932,0.02281460352241993
775,774,low,inspect_once,True,12,1,0.85,0.02309662476181984,0.02983042225241661
776,775,low,inspect_once,False,10,1,-0.38,0.06346020847558975,0.05735904723405838
777,776,low,inspect_once,True,11,1,0.86,0.025338269770145416,0.01821557618677616
778,777,low,inspect_once,True,13,1,0.84,0.024176832288503647,0.025247573852539062
779,778,low,inspect_once,True,6,1,0.91,0.040967512875795364,0.04043187201023102
780,779,low,inspect_once,True,8,1,0.89,0.030635034665465355,0.03267962858080864
781,780,low,inspect_once,True,12,1,0.85,0.04674622789025307,0.04598023742437363
782,781,low,inspect_once,True,10,1,0.87,0.024441400542855263,0.021177615970373154
783,782,low,inspect_once,True,6,1,0.91,0.013747332617640495,0.018887223675847054
784,783,low,inspect_once,True,11,1,0.86,0.040272705256938934,0.03554704412817955
785,784,low,inspect_once,True,10,1,0.87,0.04986631125211716,0.05137598142027855
786,785,low,inspect_once,True,16,1,0.8099999999999999,0.05212600529193878,0.0532369539141655
787,786,low,inspect_once,True,16,1,0.8099999999999999,0.05598898604512215,0.04781113937497139
788,787,low,inspect_once,True,9,1,0.88,0.030212001875042915,0.0223224014043808
789,788,low,inspect_once,True,15,1,0.82,0.04200274869799614,0.039142265915870667
790,789,low,inspect_once,True,6,1,0.91,0.030486609786748886,0.03820754587650299
791,790,low,inspect_once,True,19,1,0.7799999999999999,0.01726500876247883,0.021768882870674133
792,791,low,inspect_once,True,16,1,0.8099999999999999,0.03545499965548515,0.03715640306472778
793,792,low,inspect_once,True,11,1,0.86,0.05470656231045723,0.04999861121177673
794,793,low,inspect_once,True,17,1,0.7999999999999999,0.044939637184143066,0.05386893451213837
795,794,low,inspect_once,True,16,1,0.8099999999999999,0.02317688800394535,0.02723637782037258
796,795,low,inspect_once,True,12,1,0.85,0.022918783128261566,0.016993893310427666
797,796,low,inspect_once,True,10,1,0.87,0.03267163783311844,0.031808141618967056
798,797,low,inspect_once,True,10,1,0.87,0.03874722495675087,0.04690169915556908
799,798,low,inspect_once,True,12,1,0.85,0.043026573956012726,0.03773006424307823
800,799,low,inspect_once,True,14,1,0.83,0.033848706632852554,0.03528490662574768
801,800,low,inspect_once,True,7,1,0.9,0.044441137462854385,0.04140909016132355
802,801,low,inspect_once,True,7,1,0.9,0.03124336339533329,0.03152788057923317
803,802,low,inspect_once,True,18,1,0.7899999999999999,0.02183583378791809,0.018834078684449196
804,803,low,inspect_once,True,13,1,0.84,0.04227480664849281,0.040891002863645554
805,804,low,inspect_once,True,18,1,0.7899999999999999,0.034846242517232895,0.03331366553902626
806,805,low,inspect_once,True,4,1,0.9299999999999999,0.03514711186289787,0.03351572901010513
807,806,low,inspect_once,True,10,1,0.87,0.011249878443777561,0.010359173640608788
808,807,low,inspect_once,True,18,1,0.7899999999999999,0.045774202793836594,0.053749002516269684
809,808,low,inspect_once,True,11,1,0.86,0.010363591834902763,0.0109581733122468
810,809,low,inspect_once,True,18,1,0.7899999999999999,0.017350614070892334,0.01143911387771368
811,810,low,inspect_once,True,10,1,0.87,0.02587183006107807,0.0350511334836483
812,811,low,inspect_once,True,17,1,0.7999999999999999,0.01684068702161312,0.01964777708053589
813,812,low,inspect_once,True,12,1,0.85,0.04283782094717026,0.045104384422302246
814,813,low,inspect_once,True,11,1,0.86,0.024862172082066536,0.030263258144259453
815,814,low,inspect_once,True,10,1,0.87,0.028302108868956566,0.031002754345536232
816,815,low,inspect_once,True,19,1,0.7799999999999999,0.039272699505090714,0.03718161582946777
817,816,low,inspect_once,True,15,1,0.82,0.03349721431732178,0.03914494812488556
818,817,low,inspect_once,True,13,1,0.84,0.04204951971769333,0.03569912910461426
819,818,low,inspect_once,True,5,1,0.9199999999999999,0.02312837913632393,0.020308854058384895
820,819,low,inspect_once,True,13,1,0.84,0.008836785331368446,0.012517919763922691
821,820,low,inspect_once,True,17,1,0.7999999999999999,0.046914245933294296,0.0406392440199852
822,821,low,inspect_once,True,17,1,0.7999999999999999,0.017275754362344742,0.020783167332410812
823,822,low,inspect_once,True,11,1,0.86,0.01773304119706154,0.014255519956350327
824,823,low,inspect_once,True,17,1,0.7999999999999999,0.04667907580733299,0.051489003002643585
825,824,low,inspect_once,False,13,1,-0.41000000000000003,0.06191401928663254,0.05377759784460068
826,825,low,inspect_once,True,6,1,0.91,0.02209576405584812,0.027756137773394585
827,826,low,inspect_once,True,14,1,0.83,0.05267234146595001,0.05334112048149109
828,827,low,inspect_once,True,17,1,0.7999999999999999,0.032391466200351715,0.03282765671610832
829,828,low,inspect_once,True,5,1,0.9199999999999999,0.04682302474975586,0.03983918949961662
830,829,low,inspect_once,True,10,1,0.87,0.041770003736019135,0.04299711808562279
831,830,low,inspect_once,True,7,1,0.9,0.058055780827999115,0.05250788480043411
832,831,low,inspect_once,True,12,1,0.85,0.035687822848558426,0.03875443711876869
833,832,low,inspect_once,True,16,1,0.8099999999999999,0.049215275794267654,0.050073232501745224
834,833,low,inspect_once,True,12,1,0.85,0.02835320681333542,0.02545706182718277
835,834,low,inspect_once,True,16,1,0.8099999999999999,0.025165308266878128,0.0321052260696888
836,835,low,inspect_once,True,18,1,0.7899999999999999,0.043416332453489304,0.030092673376202583
837,836,low,inspect_once,True,10,1,0.87,0.037536416202783585,0.030778907239437103
838,837,low,inspect_once,True,12,1,0.85,0.013347327709197998,0.013568801805377007
839,838,low,inspect_once,True,16,1,0.8099999999999999,0.03123488463461399,0.024716714397072792
840,839,low,inspect_once,True,9,1,0.88,0.03478454798460007,0.040004052221775055
841,840,low,inspect_once,True,17,1,0.7999999999999999,0.0166555717587471,0.016810568049550056
842,841,low,inspect_once,True,10,1,0.87,0.017864510416984558,0.01564200408756733
843,842,low,inspect_once,True,19,1,0.7799999999999999,0.016108250245451927,0.013436767272651196
844,843,low,inspect_once,True,16,1,0.8099999999999999,0.04636906832456589,0.045916248112916946
845,844,low,inspect_once,True,12,1,0.85,0.029979456216096878,0.021117912605404854
846,845,low,inspect_once,True,13,1,0.84,0.020049942657351494,0.026912176981568336
847,846,low,inspect_once,True,16,1,0.8099999999999999,0.051781054586172104,0.05082400143146515
848,847,low,inspect_once,False,14,1,-0.42000000000000004,0.06068771332502365,0.0578649640083313
849,848,low,inspect_once,True,12,1,0.85,0.02165960893034935,0.014804556034505367
850,849,low,inspect_once,True,13,1,0.84,0.03114766627550125,0.030021581798791885
851,850,low,inspect_once,True,8,1,0.89,0.035983797162771225,0.02586500160396099
852,851,low,inspect_once,True,18,1,0.7899999999999999,0.02815580554306507,0.020542727783322334
853,852,low,inspect_once,True,19,1,0.7799999999999999,0.05087151378393173,0.05223531648516655
854,853,low,inspect_once,True,12,1,0.85,0.014456909149885178,0.012650278396904469
855,854,low,inspect_once,False,18,1,-0.4600000000000001,0.060414571315050125,0.058695100247859955
856,855,low,inspect_once,True,17,1,0.7999999999999999,0.05260389298200607,0.05207328125834465
857,856,low,inspect_once,True,6,1,0.91,0.056741662323474884,0.05785849690437317
858,857,low,inspect_once,True,14,1,0.83,0.03617062792181969,0.04005517438054085
859,858,low,inspect_once,True,19,1,0.7799999999999999,0.015633339062333107,0.020662792026996613
860,859,low,inspect_once,True,13,1,0.84,0.037017133086919785,0.04381978511810303
861,860,low,inspect_once,True,20,1,0.7699999999999999,0.04652956873178482,0.04657972976565361
862,861,low,inspect_once,True,15,1,0.82,0.05601209029555321,0.058090489357709885
863,862,low,inspect_once,True,16,1,0.8099999999999999,0.04709814488887787,0.04449068754911423
864,863,low,inspect_once,True,17,1,0.7999999999999999,0.017439045011997223,0.014249623753130436
865,864,low,inspect_once,True,10,1,0.87,0.018974823877215385,0.02932891622185707
866,865,low,inspect_once,True,18,1,0.7899999999999999,0.04712486267089844,0.05542522296309471
867,866,low,inspect_once,True,9,1,0.88,0.04157457500696182,0.04472092166543007
868,867,low,inspect_once,True,13,1,0.84,0.0035806267987936735,0.01325488556176424
869,868,low,inspect_once,True,12,1,0.85,0.014949393458664417,0.013054602779448032
870,869,low,inspect_once,True,14,1,0.83,0.03484296426177025,0.04032040387392044
871,870,low,inspect_once,True,5,1,0.9199999999999999,0.007107533980160952,0.011957715265452862
872,871,low,inspect_once,True,14,1,0.83,0.020298220217227936,0.021448837593197823
873,872,low,inspect_once,True,16,1,0.8099999999999999,0.04670078679919243,0.05605684220790863
874,873,low,inspect_once,True,15,1,0.82,0.05733666568994522,0.05991990864276886
875,874,low,inspect_once,True,13,1,0.84,0.01694898121058941,0.015373201109468937
876,875,low,inspect_once,True,17,1,0.7999999999999999,0.03298475965857506,0.03494326397776604
877,876,low,inspect_once,True,10,1,0.87,0.011068109422922134,0.014137080870568752
878,877,low,inspect_once,True,12,1,0.85,0.038519199937582016,0.0452708899974823
879,878,low,inspect_once,True,11,1,0.86,0.056826841086149216,0.05721568316221237
880,879,low,inspect_once,True,14,1,0.83,0.03450785204768181,0.033566664904356
881,880,low,inspect_once,True,7,1,0.9,0.04107656329870224,0.044018134474754333
882,881,low,inspect_once,True,14,1,0.83,0.02903684973716736,0.030839163810014725
883,882,low,inspect_once,True,11,1,0.86,0.055179204791784286,0.05781623348593712
884,883,low,inspect_once,True,19,1,0.7799999999999999,0.020679404959082603,0.027628453448414803
885,884,low,inspect_once,True,15,1,0.82,0.017529675737023354,0.021555595099925995
886,885,low,inspect_once,True,18,1,0.7899999999999999,0.025580303743481636,0.023117808625102043
887,886,low,inspect_once,True,10,1,0.87,0.01328603271394968,0.015773022547364235
888,887,low,inspect_once,True,14,1,0.83,0.057397883385419846,0.059179842472076416
889,888,low,inspect_once,True,8,1,0.89,0.03132682666182518,0.035509947687387466
890,889,low,inspect_once,True,14,1,0.83,0.05019092932343483,0.05649750679731369
891,890,low,inspect_once,True,15,1,0.82,0.04950752481818199,0.046220798045396805
892,891,low,inspect_once,True,15,1,0.82,0.0271354541182518,0.02621794492006302
893,892,low,inspect_once,True,15,1,0.82,0.0262832660228014,0.019087497144937515
894,893,low,inspect_once,True,14,1,0.83,0.026514489203691483,0.024228081107139587
895,894,low,inspect_once,True,8,1,0.89,0.056319452822208405,0.05644358694553375
896,895,low,inspect_once,True,13,1,0.84,0.036186788231134415,0.040992360562086105
897,896,low,inspect_once,True,16,1,0.8099999999999999,0.022146567702293396,0.022023089230060577
898,897,low,inspect_once,False,12,1,-0.4,0.06606273353099823,0.05758211016654968
899,898,low,inspect_once,True,16,1,0.8099999999999999,0.05002320557832718,0.04748918488621712
900,899,low,inspect_once,True,15,1,0.82,0.03753162547945976,0.03785993903875351
901,900,low,inspect_once,True,3,1,0.94,0.04740528762340546,0.04281672462821007
902,901,low,inspect_once,True,19,1,0.7799999999999999,0.048567093908786774,0.05445365607738495
903,902,low,inspect_once,False,15,1,-0.43000000000000005,0.06309806555509567,0.059954866766929626
904,903,low,inspect_once,True,12,1,0.85,0.05079769715666771,0.04439736157655716
905,904,low,inspect_once,True,12,1,0.85,0.049798812717199326,0.04628315567970276
906,905,low,inspect_once,True,20,1,0.7699999999999999,0.02225371263921261,0.02287507802248001
907,906,low,inspect_once,True,16,1,0.8099999999999999,0.01671406254172325,0.01545412465929985
908,907,low,inspect_once,True,12,1,0.85,0.025345496833324432,0.029217945411801338
909,908,low,inspect_once,False,14,1,-0.42000000000000004,0.06169735640287399,0.05589185655117035
910,909,low,inspect_once,True,13,1,0.84,0.033624567091464996,0.03449370339512825
911,910,low,inspect_once,True,13,1,0.84,0.04549435153603554,0.04887610301375389
912,911,low,inspect_once,True,10,1,0.87,0.01616295799612999,0.021377088502049446
913,912,low,inspect_once,True,17,1,0.7999999999999999,0.023607654497027397,0.021823082119226456
914,913,low,inspect_once,True,7,1,0.9,0.017628924921154976,0.021539997309446335
915,914,low,inspect_once,True,13,1,0.84,0.01998107135295868,0.01751730777323246
916,915,low,inspect_once,True,6,1,0.91,0.04770743474364281,0.058141257613897324
917,916,low,inspect_once,True,11,1,0.86,0.022546863183379173,0.01784641295671463
918,917,low,inspect_once,True,11,1,0.86,0.05635053291916847,0.058641042560338974
919,918,low,inspect_once,True,6,1,0.91,0.046652209013700485,0.04174315929412842
920,919,low,inspect_once,True,20,1,0.7699999999999999,0.039200861006975174,0.045730166137218475
921,920,low,inspect_once,True,10,1,0.87,0.02870159223675728,0.03116709180176258
922,921,low,inspect_once,True,9,1,0.88,0.03418706730008125,0.038718465715646744
923,922,low,inspect_once,True,9,1,0.88,0.005987093783915043,0.010251482017338276
924,923,low,inspect_once,True,21,1,0.7599999999999999,0.051910243928432465,0.053419966250658035
925,924,low,inspect_once,True,17,1,0.7999999999999999,0.02755698934197426,0.030202513560652733
926,925,low,inspect_once,True,18,1,0.7899999999999999,0.024407749995589256,0.01673552393913269
927,926,low,inspect_once,True,13,1,0.84,0.023354507982730865,0.01562116015702486
928,927,low,inspect_once,True,14,1,0.83,0.03864602744579315,0.03703339397907257
929,928,low,inspect_once,True,9,1,0.88,0.04352043569087982,0.03885038569569588
930,929,low,inspect_once,True,11,1,0.86,0.04586192965507507,0.043064337223768234
931,930,low,inspect_once,True,16,1,0.8099999999999999,0.018393298611044884,0.013518347404897213
932,931,low,inspect_once,False,11,1,-0.39,0.06050395593047142,0.053161583840847015
933,932,low,inspect_once,True,17,1,0.7999999999999999,0.017200082540512085,0.01311362162232399
934,933,low,inspect_once,True,8,1,0.89,0.055371854454278946,0.05706631392240524
935,934,low,inspect_once,True,16,1,0.8099999999999999,0.03237498179078102,0.027255946770310402
936,935,low,inspect_once,True,9,1,0.88,0.00746332760900259,0.012148313224315643
937,936,low,inspect_once,True,13,1,0.84,0.05319424718618393,0.05679863318800926
938,937,low,inspect_once,True,11,1,0.86,0.056503843516111374,0.058491893112659454
939,938,low,inspect_once,True,14,1,0.83,0.051090605556964874,0.05005091056227684
940,939,low,inspect_once,True,20,1,0.7699999999999999,0.025282040238380432,0.016497749835252762
941,940,low,inspect_once,True,15,1,0.82,0.01131800189614296,0.013153024949133396
942,941,low,inspect_once,True,18,1,0.7899999999999999,0.02992609515786171,0.02797752618789673
943,942,low,inspect_once,True,12,1,0.85,0.018708111718297005,0.019687620922923088
944,943,low,inspect_once,True,16,1,0.8099999999999999,0.04677853733301163,0.04779168218374252
945,944,low,inspect_once,True,13,1,0.84,0.034913070499897,0.04025396704673767
946,945,low,inspect_once,True,14,1,0.83,0.04073521867394447,0.04692928493022919
947,946,low,inspect_once,True,16,1,0.8099999999999999,0.019271187484264374,0.013929380103945732
948,947,low,inspect_once,True,13,1,0.84,0.054836105555295944,0.04671458527445793
949,948,low,inspect_once,True,13,1,0.84,0.05999863147735596,0.05938098952174187
950,949,low,inspect_once,True,10,1,0.87,0.04002182558178902,0.03676639869809151
951,950,low,inspect_once,True,7,1,0.9,0.05783412978053093,0.05945078656077385
952,951,low,inspect_once,True,15,1,0.82,0.011758111417293549,0.013956657610833645
953,952,low,inspect_once,True,8,1,0.89,0.03149121627211571,0.03378121182322502
954,953,low,inspect_once,True,9,1,0.88,0.023481687530875206,0.027760237455368042
955,954,low,inspect_once,True,17,1,0.7999999999999999,0.013900731690227985,0.01984546147286892
956,955,low,inspect_once,True,10,1,0.87,0.041518840938806534,0.041458237916231155
957,956,low,inspect_once,True,18,1,0.7899999999999999,0.026218682527542114,0.020835136994719505
958,957,low,inspect_once,True,11,1,0.86,0.048942774534225464,0.04345202445983887
959,958,low,inspect_once,True,16,1,0.8099999999999999,0.03870999068021774,0.03733063489198685
960,959,low,inspect_once,True,16,1,0.8099999999999999,0.037935223430395126,0.038141291588544846
961,960,low,inspect_once,True,16,1,0.8099999999999999,0.035223498940467834,0.031462542712688446
962,961,low,inspect_once,True,9,1,0.88,0.02943698689341545,0.02802535705268383
963,962,low,inspect_once,True,9,1,0.88,0.025238418951630592,0.023128047585487366
964,963,low,inspect_once,True,17,1,0.7999999999999999,0.024538060650229454,0.024179143831133842
965,964,low,inspect_once,True,11,1,0.86,0.04051043093204498,0.0493677593767643
966,965,low,inspect_once,True,5,1,0.9199999999999999,0.022977858781814575,0.02730606310069561
967,966,low,inspect_once,True,13,1,0.84,0.035116519778966904,0.03471139073371887
968,967,low,inspect_once,True,10,1,0.87,0.03881494700908661,0.04730849340558052
969,968,low,inspect_once,True,19,1,0.7799999999999999,0.02085469663143158,0.018023325130343437
970,969,low,inspect_once,True,15,1,0.82,0.033077310770750046,0.03325876221060753
971,970,low,inspect_once,True,19,1,0.7799999999999999,0.03566741570830345,0.03648308292031288
972,971,low,inspect_once,True,12,1,0.85,0.014855720102787018,0.013760014437139034
973,972,low,inspect_once,True,18,1,0.7899999999999999,0.037093386054039,0.03526170179247856
974,973,low,inspect_once,True,9,1,0.88,0.011631887406110764,0.015570568852126598
975,974,low,inspect_once,False,15,1,-0.43000000000000005,0.06260120123624802,0.05921626836061478
976,975,low,inspect_once,True,14,1,0.83,0.04582655802369118,0.04763500764966011
977,976,low,inspect_once,True,13,1,0.84,0.045312754809856415,0.05364939942955971
978,977,low,inspect_once,True,16,1,0.8099999999999999,0.05125879496335983,0.04788586124777794
979,978,low,inspect_once,True,17,1,0.7999999999999999,0.05982476472854614,0.050506915897130966
980,979,low,inspect_once,True,10,1,0.87,0.023292213678359985,0.024647189304232597
981,980,low,inspect_once,True,13,1,0.84,0.01729530096054077,0.011761244386434555
982,981,low,inspect_once,True,13,1,0.84,0.04298170655965805,0.03779311850667
983,982,low,inspect_once,True,11,1,0.86,0.038366056978702545,0.04234330728650093
984,983,low,inspect_once,True,14,1,0.83,0.019066520035266876,0.019640186801552773
985,984,low,inspect_once,True,11,1,0.86,0.02042800560593605,0.01550557091832161
986,985,low,inspect_once,True,6,1,0.91,0.031764037907123566,0.03563585504889488
987,986,low,inspect_once,True,5,1,0.9199999999999999,0.035767361521720886,0.033897269517183304
988,987,low,inspect_once,True,19,1,0.7799999999999999,0.0420500710606575,0.03567042946815491
989,988,low,inspect_once,True,15,1,0.82,0.03466425836086273,0.04001268744468689
990,989,low,inspect_once,True,11,1,0.86,0.05955997854471207,0.059408433735370636
991,990,low,inspect_once,True,9,1,0.88,0.05760486423969269,0.053994499146938324
992,991,low,inspect_once,True,17,1,0.7999999999999999,0.052861735224723816,0.05401035025715828
993,992,low,inspect_once,True,13,1,0.84,0.016724376007914543,0.026564212515950203
994,993,low,inspect_once,True,7,1,0.9,0.04133705422282219,0.0412173867225647
995,994,low,inspect_once,True,10,1,0.87,0.02283373847603798,0.02674061805009842
996,995,low,inspect_once,True,11,1,0.86,0.012068129144608974,0.010739835910499096
997,996,low,inspect_once,True,9,1,0.88,0.02748117595911026,0.02741779200732708
998,997,low,inspect_once,True,16,1,0.8099999999999999,0.05420375242829323,0.054775435477495193
999,998,low,inspect_once,True,13,1,0.84,0.05497921258211136,0.05315738171339035
1000,999,low,inspect_once,True,14,1,0.83,0.019392389804124832,0.020971208810806274
1,0,medium,always_act,True,12,0,0.88,0.013453344814479351,0.050379104912281036
2,1,medium,always_act,False,15,0,-0.4,0.14495256543159485,0.049921389669179916
3,2,medium,always_act,False,4,0,-0.29000000000000004,0.23175305128097534,0.05995640158653259
4,3,medium,always_act,False,5,0,-0.3,0.06553338468074799,0.022669944912195206
5,4,medium,always_act,False,20,0,-0.45000000000000007,0.13238856196403503,0.01086312998086214
6,5,medium,always_act,True,18,0,0.82,0.04159104824066162,0.02968958392739296
7,6,medium,always_act,False,7,0,-0.32,0.24616432189941406,0.05702471360564232
8,7,medium,always_act,False,16,0,-0.41000000000000003,0.08863560855388641,0.01486959122121334
9,8,medium,always_act,False,15,0,-0.4,0.13115304708480835,0.032950013875961304
10,9,medium,always_act,False,12,0,-0.37,0.18407216668128967,0.05773738771677017
11,10,medium,always_act,False,14,0,-0.39,0.10229481011629105,0.04150008782744408
12,11,medium,always_act,False,9,0,-0.34,0.10471878200769424,0.030438173562288284
13,12,medium,always_act,False,17,0,-0.42000000000000004,0.06405309587717056,0.02162170596420765
14,13,medium,always_act,True,20,0,0.7999999999999999,0.05519675835967064,0.03179185837507248
15,14,medium,always_act,False,11,0,-0.36,0.27198171615600586,0.010448592714965343
16,15,medium,always_act,False,14,0,-0.39,0.1743481457233429,0.03924350067973137
17,16,medium,always_act,False,14,0,-0.39,0.08232761919498444,0.03501157835125923
18,17,medium,always_act,False,12,0,-0.37,0.14207664132118225,0.051544126123189926
19,18,medium,always_act,False,12,0,-0.37,0.13008634746074677,0.05158515274524689
20,19,medium,always_act,False,15,0,-0.4,0.09344964474439621,0.05052347853779793
21,20,medium,always_act,False,11,0,-0.36,0.0881441980600357,0.03532359004020691
22,21,medium,always_act,False,15,0,-0.4,0.19864368438720703,0.059546567499637604
23,22,medium,always_act,False,5,0,-0.3,0.16087931394577026,0.045811887830495834
24,23,medium,always_act,False,13,0,-0.38,0.1949576437473297,0.016739830374717712
25,24,medium,always_act,False,8,0,-0.33,0.1081535741686821,0.02005738765001297
26,25,medium,always_act,False,4,0,-0.29000000000000004,0.17254480719566345,0.028308477252721786
27,26,medium,always_act,False,12,0,-0.37,0.11552087962627411,0.043000344187021255
28,27,medium,always_act,False,13,0,-0.38,0.10522368550300598,0.042257338762283325
29,28,medium,always_act,False,18,0,-0.43000000000000005,0.08203885704278946,0.03762529417872429
30,29,medium,always_act,False,8,0,-0.33,0.06401176005601883,0.04752909392118454
31,30,medium,always_act,False,8,0,-0.33,0.08593321591615677,0.010642093606293201
32,31,medium,always_act,False,15,0,-0.4,0.08053596317768097,0.03105350211262703
33,32,medium,always_act,True,11,0,0.89,0.027884291484951973,0.027645068243145943
34,33,medium,always_act,True,12,0,0.88,0.04061514884233475,0.05816724896430969
35,34,medium,always_act,False,15,0,-0.4,0.190201073884964,0.04541442170739174
36,35,medium,always_act,False,12,0,-0.37,0.08758015930652618,0.022741541266441345
37,36,medium,always_act,False,7,0,-0.32,0.07370436936616898,0.046605587005615234
38,37,medium,always_act,False,15,0,-0.4,0.12151643633842468,0.015439319424331188
39,38,medium,always_act,True,10,0,0.9,0.018394140526652336,0.05874715745449066
40,39,medium,always_act,False,11,0,-0.36,0.10375392436981201,0.04868443310260773
41,40,medium,always_act,False,16,0,-0.41000000000000003,0.08837632834911346,0.028856707736849785
42,41,medium,always_act,True,19,0,0.8099999999999999,0.04090217128396034,0.05318918451666832
43,42,medium,always_act,False,16,0,-0.41000000000000003,0.06632952392101288,0.03222234919667244
44,43,medium,always_act,False,9,0,-0.34,0.12966948747634888,0.059835851192474365
45,44,medium,always_act,False,8,0,-0.33,0.0847296416759491,0.010065748356282711
46,45,medium,always_act,True,14,0,0.86,0.05197976902127266,0.021618174389004707
47,46,medium,always_act,False,14,0,-0.39,0.07317187637090683,0.031872909516096115
48,47,medium,always_act,False,12,0,-0.37,0.260953426361084,0.043734561651945114
49,48,medium,always_act,False,14,0,-0.39,0.0950905978679657,0.020329585298895836
50,49,medium,always_act,False,10,0,-0.35,0.13744673132896423,0.021729998290538788
51,50,medium,always_act,False,17,0,-0.42000000000000004,0.13665223121643066,0.03772515803575516
52,51,medium,always_act,False,16,0,-0.41000000000000003,0.08638469874858856,0.05387084558606148
53,52,medium,always_act,False,13,0,-0.38,0.060076840221881866,0.05115683749318123
54,53,medium,always_act,False,10,0,-0.35,0.13276763260364532,0.046059783548116684
55,54,medium,always_act,False,13,0,-0.38,0.14038100838661194,0.03160863742232323
56,55,medium,always_act,False,20,0,-0.45000000000000007,0.09949693828821182,0.03548888862133026
57,56,medium,always_act,False,15,0,-0.4,0.1462666094303131,0.013757549226284027
58,57,medium,always_act,False,17,0,-0.42000000000000004,0.15054166316986084,0.013568656519055367
59,58,medium,always_act,False,12,0,-0.37,0.21143484115600586,0.012609186582267284
60,59,medium,always_act,False,18,0,-0.43000000000000005,0.13560664653778076,0.0283436831086874
61,60,medium,always_act,False,7,0,-0.32,0.09860602766275406,0.043339867144823074
62,61,medium,always_act,False,12,0,-0.37,0.11776029318571091,0.021841760724782944
63,62,medium,always_act,False,14,0,-0.39,0.09585614502429962,0.04540073499083519
64,63,medium,always_act,False,16,0,-0.41000000000000003,0.1609906405210495,0.049812544137239456
65,64,medium,always_act,False,15,0,-0.4,0.16037480533123016,0.05679186433553696
66,65,medium,always_act,False,7,0,-0.32,0.17737171053886414,0.040364716202020645
67,66,medium,always_act,False,16,0,-0.41000000000000003,0.13568221032619476,0.04661336541175842
68,67,medium,always_act,False,7,0,-0.32,0.07121632248163223,0.0484626330435276
69,68,medium,always_act,True,16,0,0.84,0.04610704258084297,0.0341041162610054
70,69,medium,always_act,False,15,0,-0.4,0.19679076969623566,0.05025998502969742
71,70,medium,always_act,False,13,0,-0.38,0.08694982528686523,0.050248537212610245
72,71,medium,always_act,True,10,0,0.9,0.0273122675716877,0.016528956592082977
73,72,medium,always_act,False,14,0,-0.39,0.13084208965301514,0.03804248198866844
74,73,medium,always_act,True,10,0,0.9,0.04374655708670616,0.01318241748958826
75,74,medium,always_act,True,17,0,0.83,0.04482908174395561,0.0349964015185833
76,75,medium,always_act,True,6,0,0.94,0.007193088065832853,0.05104296654462814
77,76,medium,always_act,True,21,0,0.7899999999999999,0.050105754286050797,0.04359309747815132
78,77,medium,always_act,False,18,0,-0.43000000000000005,0.2372724860906601,0.0186220221221447
79,78,medium,always_act,False,14,0,-0.39,0.12177696824073792,0.02931845374405384
80,79,medium,always_act,True,15,0,0.85,0.04488338902592659,0.028812309727072716
81,80,medium,always_act,False,11,0,-0.36,0.11572686582803726,0.020169749855995178
82,81,medium,always_act,False,8,0,-0.33,0.08381202071905136,0.030250633135437965
83,82,medium,always_act,False,21,0,-0.4600000000000001,0.11532601714134216,0.013040123507380486
84,83,medium,always_act,True,6,0,0.94,0.04384850338101387,0.04093731567263603
85,84,medium,always_act,False,17,0,-0.42000000000000004,0.2147919088602066,0.04989444464445114
86,85,medium,always_act,False,6,0,-0.31,0.15061160922050476,0.05654526129364967
87,86,medium,always_act,True,12,0,0.88,0.051189858466386795,0.032103393226861954
88,87,medium,always_act,False,18,0,-0.43000000000000005,0.10915518552064896,0.02235841378569603
89,88,medium,always_act,False,12,0,-0.37,0.09176655113697052,0.03786405548453331
90,89,medium,always_act,False,17,0,-0.42000000000000004,0.07624763995409012,0.016146110370755196
91,90,medium,always_act,True,13,0,0.87,0.02961757406592369,0.04428030177950859
92,91,medium,always_act,False,14,0,-0.39,0.11974811553955078,0.012158484198153019
93,92,medium,always_act,False,8,0,-0.33,0.16174204647541046,0.012702599167823792
94,93,medium,always_act,False,20,0,-0.45000000000000007,0.09422456473112106,0.012766851112246513
95,94,medium,always_act,False,13,0,-0.38,0.06674300134181976,0.03799618035554886
96,95,medium,always_act,False,19,0,-0.44000000000000006,0.1562013477087021,0.019891686737537384
97,96,medium,always_act,False,13,0,-0.38,0.20369365811347961,0.04827628284692764
98,97,medium,always_act,False,11,0,-0.36,0.13797074556350708,0.05950070545077324
99,98,medium,always_act,True,21,0,0.7899999999999999,0.04098992049694061,0.030574453994631767
100,99,medium,always_act,True,13,0,0.87,0.03158031776547432,0.04586463049054146
101,100,medium,always_act,False,18,0,-0.43000000000000005,0.06185956671833992,0.014277745969593525
102,101,medium,always_act,True,17,0,0.83,0.043862465769052505,0.04029926285147667
103,102,medium,always_act,False,9,0,-0.34,0.1339358389377594,0.043322931975126266
104,103,medium,always_act,False,7,0,-0.32,0.10983830690383911,0.039413511753082275
105,104,medium,always_act,False,16,0,-0.41000000000000003,0.08732694387435913,0.04350975155830383
106,105,medium,always_act,False,20,0,-0.45000000000000007,0.13750497996807098,0.038573067635297775
107,106,medium,always_act,True,16,0,0.84,0.01869751140475273,0.029750913381576538
108,107,medium,always_act,False,15,0,-0.4,0.12500444054603577,0.026545386761426926
109,108,medium,always_act,False,18,0,-0.43000000000000005,0.16408459842205048,0.052565798163414
110,109,medium,always_act,False,14,0,-0.39,0.13384976983070374,0.03900415450334549
111,110,medium,always_act,False,18,0,-0.43000000000000005,0.06155306100845337,0.04758698120713234
112,111,medium,always_act,False,4,0,-0.29000000000000004,0.09003008157014847,0.05364491790533066
113,112,medium,always_act,True,14,0,0.86,0.0480375699698925,0.0135921910405159
114,113,medium,always_act,False,2,0,-0.27,0.17510975897312164,0.047487370669841766
115,114,medium,always_act,False,11,0,-0.36,0.11788966506719589,0.03544421121478081
116,115,medium,always_act,False,15,0,-0.4,0.09339547902345657,0.029781924560666084
117,116,medium,always_act,False,12,0,-0.37,0.17703469097614288,0.03491972014307976
118,117,medium,always_act,False,13,0,-0.38,0.17117395997047424,0.02282620035111904
119,118,medium,always_act,False,18,0,-0.43000000000000005,0.1902652084827423,0.046582143753767014
120,119,medium,always_act,False,17,0,-0.42000000000000004,0.1162460669875145,0.04966370388865471
121,120,medium,always_act,False,13,0,-0.38,0.07695410400629044,0.05114420875906944
122,121,medium,always_act,False,11,0,-0.36,0.10124064981937408,0.041925106197595596
123,122,medium,always_act,False,14,0,-0.39,0.07649073004722595,0.029617225751280785
124,123,medium,always_act,False,13,0,-0.38,0.06513421982526779,0.0390668660402298
125,124,medium,always_act,False,15,0,-0.4,0.1484397053718567,0.01849857158958912
126,125,medium,always_act,False,15,0,-0.4,0.061118774116039276,0.027109812945127487
127,126,medium,always_act,False,17,0,-0.42000000000000004,0.10487880557775497,0.05000198259949684
128,127,medium,always_act,False,4,0,-0.29000000000000004,0.0810602679848671,0.05490538850426674
129,128,medium,always_act,False,13,0,-0.38,0.08429494500160217,0.016328221186995506
130,129,medium,always_act,False,7,0,-0.32,0.08401399105787277,0.05076621472835541
131,130,medium,always_act,False,7,0,-0.32,0.08846256136894226,0.030759377405047417
132,131,medium,always_act,False,13,0,-0.38,0.08904313296079636,0.03000565432012081
133,132,medium,always_act,False,12,0,-0.37,0.14881561696529388,0.0503290593624115
134,133,medium,always_act,False,15,0,-0.4,0.1462336927652359,0.015003650449216366
135,134,medium,always_act,True,17,0,0.83,0.055417463183403015,0.04541163146495819
136,135,medium,always_act,False,9,0,-0.34,0.12977392971515656,0.043564699590206146
137,136,medium,always_act,False,7,0,-0.32,0.13150499761104584,0.03766005486249924
138,137,medium,always_act,False,13,0,-0.38,0.09613970667123795,0.04788908734917641
139,138,medium,always_act,False,13,0,-0.38,0.15548399090766907,0.017344027757644653
140,139,medium,always_act,False,10,0,-0.35,0.12214997410774231,0.04671477526426315
141,140,medium,always_act,False,16,0,-0.41000000000000003,0.19573372602462769,0.05307301506400108
142,141,medium,always_act,False,18,0,-0.43000000000000005,0.09102006256580353,0.052898090332746506
143,142,medium,always_act,True,4,0,0.96,0.035992398858070374,0.0520794577896595
144,143,medium,always_act,True,17,0,0.83,0.014844493009150028,0.04622858762741089
145,144,medium,always_act,False,12,0,-0.37,0.08361472934484482,0.05595320835709572
146,145,medium,always_act,False,7,0,-0.32,0.2287147045135498,0.0506100207567215
147,146,medium,always_act,False,13,0,-0.38,0.11521345376968384,0.019980687648057938
148,147,medium,always_act,False,19,0,-0.44000000000000006,0.06097622588276863,0.03665832057595253
149,148,medium,always_act,False,17,0,-0.42000000000000004,0.1604127734899521,0.034667130559682846
150,149,medium,always_act,False,7,0,-0.32,0.08819331228733063,0.01724863611161709
151,150,medium,always_act,False,17,0,-0.42000000000000004,0.0987870916724205,0.03540828824043274
152,151,medium,always_act,False,10,0,-0.35,0.13631626963615417,0.05520143732428551
153,152,medium,always_act,False,6,0,-0.31,0.07986203581094742,0.031342629343271255
154,153,medium,always_act,True,18,0,0.82,0.03218428045511246,0.05161960795521736
155,154,medium,always_act,False,13,0,-0.38,0.1298466920852661,0.013508034870028496
156,155,medium,always_act,True,14,0,0.86,0.04889180138707161,0.03146436810493469
157,156,medium,always_act,False,2,0,-0.27,0.14361876249313354,0.040781646966934204
158,157,medium,always_act,False,17,0,-0.42000000000000004,0.12318729609251022,0.03152436017990112
159,158,medium,always_act,False,16,0,-0.41000000000000003,0.1916625052690506,0.05766614153981209
160,159,medium,always_act,True,16,0,0.84,0.05364589765667915,0.05449459329247475
161,160,medium,always_act,False,12,0,-0.37,0.10864144563674927,0.04922758415341377
162,161,medium,always_act,False,15,0,-0.4,0.1006738618016243,0.022840159013867378
163,162,medium,always_act,False,4,0,-0.29000000000000004,0.11346034705638885,0.01581457071006298
164,163,medium,always_act,True,14,0,0.86,0.03647638484835625,0.04559852555394173
165,164,medium,always_act,False,8,0,-0.33,0.14631547033786774,0.01598607748746872
166,165,medium,always_act,False,11,0,-0.36,0.09829387813806534,0.04576558247208595
167,166,medium,always_act,False,14,0,-0.39,0.09174134582281113,0.01733151264488697
168,167,medium,always_act,True,12,0,0.88,0.04588215798139572,0.05767389386892319
169,168,medium,always_act,False,5,0,-0.3,0.06962405890226364,0.0124439662322402
170,169,medium,always_act,False,17,0,-0.42000000000000004,0.1147412657737732,0.04073513299226761
171,170,medium,always_act,False,20,0,-0.45000000000000007,0.12222153693437576,0.05712685361504555
172,171,medium,always_act,True,13,0,0.87,0.03345940634608269,0.02271326817572117
173,172,medium,always_act,False,14,0,-0.39,0.11739779263734818,0.03786702826619148
174,173,medium,always_act,False,6,0,-0.31,0.17589327692985535,0.03618545085191727
175,174,medium,always_act,False,18,0,-0.43000000000000005,0.0941244438290596,0.03098016418516636
176,175,medium,always_act,False,14,0,-0.39,0.09521181881427765,0.016772298142313957
177,176,medium,always_act,False,14,0,-0.39,0.14509783685207367,0.054064687341451645
178,177,medium,always_act,False,8,0,-0.33,0.13270531594753265,0.04631165415048599
179,178,medium,always_act,True,12,0,0.88,0.03888148441910744,0.04041046276688576
180,179,medium,always_act,False,19,0,-0.44000000000000006,0.10157430171966553,0.051963962614536285
181,180,medium,always_act,False,14,0,-0.39,0.11216520518064499,0.044106677174568176
182,181,medium,always_act,False,12,0,-0.37,0.22097636759281158,0.02532760053873062
183,182,medium,always_act,False,9,0,-0.34,0.10766226798295975,0.03194187954068184
184,183,medium,always_act,False,23,0,-0.4800000000000001,0.11272305995225906,0.019826006144285202
185,184,medium,always_act,False,9,0,-0.34,0.06342636793851852,0.03967088833451271
186,185,medium,always_act,False,10,0,-0.35,0.06568172574043274,0.04679896682500839
187,186,medium,always_act,False,16,0,-0.41000000000000003,0.09718203544616699,0.05646347999572754
188,187,medium,always_act,False,7,0,-0.32,0.08073310554027557,0.042104870080947876
189,188,medium,always_act,False,14,0,-0.39,0.08425162732601166,0.04069768637418747
190,189,medium,always_act,False,10,0,-0.35,0.076032355427742,0.03253873437643051
191,190,medium,always_act,False,8,0,-0.33,0.10234667360782623,0.0288064144551754
192,191,medium,always_act,False,20,0,-0.45000000000000007,0.08346933871507645,0.04305335134267807
193,192,medium,always_act,False,13,0,-0.38,0.14216269552707672,0.033976033329963684
194,193,medium,always_act,True,11,0,0.89,0.040700074285268784,0.01428161095827818
195,194,medium,always_act,True,20,0,0.7999999999999999,0.059137169271707535,0.017133185639977455
196,195,medium,always_act,False,2,0,-0.27,0.10557307302951813,0.019954189658164978
197,196,medium,always_act,False,17,0,-0.42000000000000004,0.10880271345376968,0.025640539824962616
198,197,medium,always_act,False,18,0,-0.43000000000000005,0.12859618663787842,0.05805911123752594
199,198,medium,always_act,False,17,0,-0.42000000000000004,0.16289710998535156,0.05279114842414856
200,199,medium,always_act,False,13,0,-0.38,0.12080641835927963,0.04057080298662186
201,200,medium,always_act,False,14,0,-0.39,0.08177635073661804,0.058672115206718445
202,201,medium,always_act,False,14,0,-0.39,0.20879089832305908,0.03158228471875191
203,202,medium,always_act,False,8,0,-0.33,0.12436816841363907,0.037429939955472946
204,203,medium,always_act,False,16,0,-0.41000000000000003,0.11437518149614334,0.04346572980284691
205,204,medium,always_act,False,19,0,-0.44000000000000006,0.17284031212329865,0.029881717637181282
206,205,medium,always_act,False,18,0,-0.43000000000000005,0.132956400513649,0.02406037040054798
207,206,medium,always_act,False,17,0,-0.42000000000000004,0.07242324203252792,0.0457441471517086
208,207,medium,always_act,False,9,0,-0.34,0.07978431135416031,0.016959328204393387
209,208,medium,always_act,False,17,0,-0.42000000000000004,0.14592185616493225,0.044990576803684235
210,209,medium,always_act,False,10,0,-0.35,0.1264498382806778,0.015568931587040424
211,210,medium,always_act,False,18,0,-0.43000000000000005,0.09367114305496216,0.023979146033525467
212,211,medium,always_act,False,9,0,-0.34,0.11192086338996887,0.04096366837620735
213,212,medium,always_act,False,13,0,-0.38,0.08480127900838852,0.0159254539757967
214,213,medium,always_act,True,15,0,0.85,0.05781172960996628,0.0590360164642334
215,214,medium,always_act,False,8,0,-0.33,0.08373165130615234,0.030471421778202057
216,215,medium,always_act,True,14,0,0.86,0.052655208855867386,0.03166908398270607
217,216,medium,always_act,False,21,0,-0.4600000000000001,0.1077122762799263,0.01969456486403942
218,217,medium,always_act,False,16,0,-0.41000000000000003,0.1331159621477127,0.03571993112564087
219,218,medium,always_act,True,19,0,0.8099999999999999,0.034466907382011414,0.020993318408727646
220,219,medium,always_act,False,16,0,-0.41000000000000003,0.22991207242012024,0.03515137732028961
221,220,medium,always_act,True,15,0,0.85,0.020726501941680908,0.01786932162940502
222,221,medium,always_act,False,8,0,-0.33,0.08640735596418381,0.018276674672961235
223,222,medium,always_act,False,12,0,-0.37,0.1602075845003128,0.028934136033058167
224,223,medium,always_act,False,14,0,-0.39,0.10058250278234482,0.01957610249519348
225,224,medium,always_act,False,8,0,-0.33,0.1557609587907791,0.041220489889383316
226,225,medium,always_act,False,9,0,-0.34,0.19018954038619995,0.04135463014245033
227,226,medium,always_act,False,12,0,-0.37,0.20573119819164276,0.05522378534078598
228,227,medium,always_act,False,13,0,-0.38,0.11653229594230652,0.02349250577390194
229,228,medium,always_act,True,13,0,0.87,0.0330541767179966,0.019444985315203667
230,229,medium,always_act,True,20,0,0.7999999999999999,0.016413681209087372,0.03606593236327171
231,230,medium,always_act,True,10,0,0.9,0.05832083895802498,0.05552423745393753
232,231,medium,always_act,True,17,0,0.83,0.018629539757966995,0.03449902683496475
233,232,medium,always_act,False,13,0,-0.38,0.096958689391613,0.033148281276226044
234,233,medium,always_act,False,13,0,-0.38,0.1490107923746109,0.01191004179418087
235,234,medium,always_act,True,16,0,0.84,0.04285873472690582,0.01949501782655716
236,235,medium,always_act,False,11,0,-0.36,0.12700416147708893,0.039690110832452774
237,236,medium,always_act,False,16,0,-0.41000000000000003,0.15078960359096527,0.0388958565890789
238,237,medium,always_act,False,10,0,-0.35,0.06771808862686157,0.03587503358721733
239,238,medium,always_act,False,17,0,-0.42000000000000004,0.07420129328966141,0.05285109207034111
240,239,medium,always_act,False,7,0,-0.32,0.13708968460559845,0.019317954778671265
241,240,medium,always_act,False,12,0,-0.37,0.06134567782282829,0.047589972615242004
242,241,medium,always_act,True,9,0,0.91,0.057537734508514404,0.05178707465529442
243,242,medium,always_act,False,12,0,-0.37,0.12464603781700134,0.04941163957118988
244,243,medium,always_act,False,15,0,-0.4,0.12498071789741516,0.020532872527837753
245,244,medium,always_act,False,8,0,-0.33,0.1328825205564499,0.051148660480976105
246,245,medium,always_act,False,14,0,-0.39,0.14599964022636414,0.033142268657684326
247,246,medium,always_act,False,9,0,-0.34,0.11300069093704224,0.038040902465581894
248,247,medium,always_act,False,18,0,-0.43000000000000005,0.15532882511615753,0.03177877515554428
249,248,medium,always_act,False,15,0,-0.4,0.08400767296552658,0.03023148886859417
250,249,medium,always_act,False,20,0,-0.45000000000000007,0.07738657295703888,0.03134031966328621
251,250,medium,always_act,False,8,0,-0.33,0.19415435194969177,0.014746597968041897
252,251,medium,always_act,False,16,0,-0.41000000000000003,0.20296090841293335,0.02059098146855831
253,252,medium,always_act,True,14,0,0.86,0.04194594547152519,0.04144616425037384
254,253,medium,always_act,False,15,0,-0.4,0.15457868576049805,0.019295191392302513
255,254,medium,always_act,False,9,0,-0.34,0.2060338258743286,0.02892264537513256
256,255,medium,always_act,False,14,0,-0.39,0.11602625250816345,0.053404372185468674
257,256,medium,always_act,False,20,0,-0.45000000000000007,0.1591050624847412,0.05611729249358177
258,257,medium,always_act,False,17,0,-0.42000000000000004,0.10115167498588562,0.018933512270450592
259,258,medium,always_act,False,14,0,-0.39,0.08290304988622665,0.026181286200881004
260,259,medium,always_act,True,14,0,0.86,0.03344323858618736,0.017956797033548355
261,260,medium,always_act,False,22,0,-0.4700000000000001,0.21600717306137085,0.013269418850541115
262,261,medium,always_act,False,10,0,-0.35,0.08975064009428024,0.053136568516492844
263,262,medium,always_act,False,15,0,-0.4,0.10593538731336594,0.057561781257390976
264,263,medium,always_act,True,8,0,0.9199999999999999,0.04123591631650925,0.04034033790230751
265,264,medium,always_act,False,12,0,-0.37,0.10630328953266144,0.011793897487223148
266,265,medium,always_act,False,5,0,-0.3,0.11553698778152466,0.03787769004702568
267,266,medium,always_act,False,8,0,-0.33,0.07292760908603668,0.04818379506468773
268,267,medium,always_act,False,14,0,-0.39,0.10832272469997406,0.029013022780418396
269,268,medium,always_act,False,16,0,-0.41000000000000003,0.09622995555400848,0.012191351503133774
270,269,medium,always_act,False,11,0,-0.36,0.09953783452510834,0.021856291219592094
271,270,medium,always_act,False,14,0,-0.39,0.08192797750234604,0.05717623978853226
272,271,medium,always_act,False,17,0,-0.42000000000000004,0.26318809390068054,0.03513994440436363
273,272,medium,always_act,False,11,0,-0.36,0.07472862303256989,0.0490361824631691
274,273,medium,always_act,False,13,0,-0.38,0.06753087788820267,0.0316280834376812
275,274,medium,always_act,False,14,0,-0.39,0.11372333765029907,0.018353620544075966
276,275,medium,always_act,True,19,0,0.8099999999999999,0.052556321024894714,0.022029202431440353
277,276,medium,always_act,False,13,0,-0.38,0.10844861716032028,0.010536367073655128
278,277,medium,always_act,False,9,0,-0.34,0.10504444688558578,0.05330189689993858
279,278,medium,always_act,False,11,0,-0.36,0.07369789481163025,0.02345801703631878
280,279,medium,always_act,False,13,0,-0.38,0.1959282010793686,0.0160924531519413
281,280,medium,always_act,True,19,0,0.8099999999999999,0.034537699073553085,0.011370399035513401
282,281,medium,always_act,False,18,0,-0.43000000000000005,0.14885413646697998,0.04762094467878342
283,282,medium,always_act,False,7,0,-0.32,0.23221568763256073,0.03986387327313423
284,283,medium,always_act,True,14,0,0.86,0.03010541759431362,0.04442094266414642
285,284,medium,always_act,False,9,0,-0.34,0.10611927509307861,0.0549241304397583
286,285,medium,always_act,False,4,0,-0.29000000000000004,0.1622176468372345,0.04019969701766968
287,286,medium,always_act,False,16,0,-0.41000000000000003,0.10562584549188614,0.05687033757567406
288,287,medium,always_act,False,19,0,-0.44000000000000006,0.10074080526828766,0.026783445850014687
289,288,medium,always_act,True,14,0,0.86,0.01867586188018322,0.024007543921470642
290,289,medium,always_act,False,13,0,-0.38,0.07553613185882568,0.026116902008652687
291,290,medium,always_act,False,5,0,-0.3,0.19222460687160492,0.05191697180271149
292,291,medium,always_act,False,9,0,-0.34,0.17782039940357208,0.04968637228012085
293,292,medium,always_act,False,16,0,-0.41000000000000003,0.08144290000200272,0.01879650168120861
294,293,medium,always_act,False,18,0,-0.43000000000000005,0.07934921234846115,0.059436362236738205
295,294,medium,always_act,True,14,0,0.86,0.034873053431510925,0.018218299373984337
296,295,medium,always_act,False,6,0,-0.31,0.07551122456789017,0.03311504051089287
297,296,medium,always_act,False,13,0,-0.38,0.06033029407262802,0.03432439640164375
298,297,medium,always_act,False,4,0,-0.29000000000000004,0.1171993762254715,0.03814205527305603
299,298,medium,always_act,False,14,0,-0.39,0.11587762832641602,0.011880563572049141
300,299,medium,always_act,False,13,0,-0.38,0.1370440572500229,0.016606852412223816
301,300,medium,always_act,True,14,0,0.86,0.03189099207520485,0.027493296191096306
302,301,medium,always_act,False,5,0,-0.3,0.1813572496175766,0.012975629419088364
303,302,medium,always_act,False,13,0,-0.38,0.233551025390625,0.056941740214824677
304,303,medium,always_act,False,8,0,-0.33,0.08225921541452408,0.033403120934963226
305,304,medium,always_act,False,16,0,-0.41000000000000003,0.06137143820524216,0.05981170013546944
306,305,medium,always_act,True,17,0,0.83,0.057891711592674255,0.03641720861196518
307,306,medium,always_act,False,2,0,-0.27,0.22951821982860565,0.057071249932050705
308,307,medium,always_act,True,15,0,0.85,0.037837181240320206,0.024758098646998405
309,308,medium,always_act,False,12,0,-0.37,0.15706242620944977,0.050505973398685455
310,309,medium,always_act,False,4,0,-0.29000000000000004,0.14613491296768188,0.017754966393113136
311,310,medium,always_act,False,17,0,-0.42000000000000004,0.10478817671537399,0.037322673946619034
312,311,medium,always_act,True,11,0,0.89,0.03385630249977112,0.040725357830524445
313,312,medium,always_act,True,12,0,0.88,0.0431545153260231,0.05831250175833702
314,313,medium,always_act,True,13,0,0.87,0.04265516623854637,0.010468151420354843
315,314,medium,always_act,True,19,0,0.8099999999999999,0.059339504688978195,0.03985689952969551
316,315,medium,always_act,False,18,0,-0.43000000000000005,0.11134222894906998,0.053611721843481064
317,316,medium,always_act,False,12,0,-0.37,0.20313400030136108,0.04473022744059563
318,317,medium,always_act,False,17,0,-0.42000000000000004,0.07146622240543365,0.05491821467876434
319,318,medium,always_act,False,19,0,-0.44000000000000006,0.14005109667778015,0.012710686773061752
320,319,medium,always_act,True,15,0,0.85,0.03518279269337654,0.04789253696799278
321,320,medium,always_act,False,18,0,-0.43000000000000005,0.0798322930932045,0.05243923142552376
322,321,medium,always_act,False,14,0,-0.39,0.2067522257566452,0.04045141115784645
323,322,medium,always_act,True,10,0,0.9,0.025013552978634834,0.017321230843663216
324,323,medium,always_act,False,17,0,-0.42000000000000004,0.17495109140872955,0.021743610501289368
325,324,medium,always_act,False,10,0,-0.35,0.09310487657785416,0.04783186316490173
326,325,medium,always_act,True,11,0,0.89,0.008241556584835052,0.022785058245062828
327,326,medium,always_act,False,8,0,-0.33,0.14946849644184113,0.018418487161397934
328,327,medium,always_act,False,10,0,-0.35,0.08980067074298859,0.017342353239655495
329,328,medium,always_act,False,15,0,-0.4,0.07163604348897934,0.03404988348484039
330,329,medium,always_act,False,8,0,-0.33,0.1314304918050766,0.05452272295951843
331,330,medium,always_act,True,22,0,0.7799999999999999,0.043956201523542404,0.033271871507167816
332,331,medium,always_act,False,10,0,-0.35,0.06412998586893082,0.021384283900260925
333,332,medium,always_act,True,13,0,0.87,0.03839120268821716,0.04428250342607498
334,333,medium,always_act,False,19,0,-0.44000000000000006,0.10530310124158859,0.05956212803721428
335,334,medium,always_act,False,7,0,-0.32,0.19392070174217224,0.054767072200775146
336,335,medium,always_act,False,11,0,-0.36,0.08163919299840927,0.03508950397372246
337,336,medium,always_act,True,17,0,0.83,0.035562433302402496,0.05072925612330437
338,337,medium,always_act,False,5,0,-0.3,0.06442920863628387,0.03805400803685188
339,338,medium,always_act,False,17,0,-0.42000000000000004,0.18814730644226074,0.016036057844758034
340,339,medium,always_act,True,16,0,0.84,0.022695068269968033,0.026496438309550285
341,340,medium,always_act,True,16,0,0.84,0.049800533801317215,0.023484431207180023
342,341,medium,always_act,False,11,0,-0.36,0.1296635866165161,0.04783415049314499
343,342,medium,always_act,False,14,0,-0.39,0.08921780437231064,0.05833524093031883
344,343,medium,always_act,False,13,0,-0.38,0.14519700407981873,0.0369713269174099
345,344,medium,always_act,False,11,0,-0.36,0.1807587742805481,0.03049398772418499
346,345,medium,always_act,False,13,0,-0.38,0.0948079526424408,0.011657423339784145
347,346,medium,always_act,False,8,0,-0.33,0.17937041819095612,0.01652427576482296
348,347,medium,always_act,False,11,0,-0.36,0.175724059343338,0.0431281141936779
349,348,medium,always_act,True,11,0,0.89,0.04376274347305298,0.010761294513940811
350,349,medium,always_act,True,12,0,0.88,0.04830998182296753,0.02930038794875145
351,350,medium,always_act,False,15,0,-0.4,0.06953494250774384,0.041224587708711624
352,351,medium,always_act,False,13,0,-0.38,0.06155258044600487,0.05658668652176857
353,352,medium,always_act,False,10,0,-0.35,0.07096361368894577,0.03954995796084404
354,353,medium,always_act,False,17,0,-0.42000000000000004,0.19642551243305206,0.03826136142015457
355,354,medium,always_act,False,12,0,-0.37,0.08174236863851547,0.01835840381681919
356,355,medium,always_act,False,13,0,-0.38,0.07385373115539551,0.046225856989622116
357,356,medium,always_act,True,9,0,0.91,0.019436636939644814,0.0304695013910532
358,357,medium,always_act,False,9,0,-0.34,0.0765354186296463,0.020284349098801613
359,358,medium,always_act,True,14,0,0.86,0.028871679678559303,0.04384002834558487
360,359,medium,always_act,False,13,0,-0.38,0.10355950146913528,0.011719615198671818
361,360,medium,always_act,False,19,0,-0.44000000000000006,0.06810060143470764,0.04397459700703621
362,361,medium,always_act,False,12,0,-0.37,0.12215977907180786,0.050256695598363876
363,362,medium,always_act,False,9,0,-0.34,0.1901993751525879,0.05712864547967911
364,363,medium,always_act,True,20,0,0.7999999999999999,0.04178094118833542,0.016711633652448654
365,364,medium,always_act,False,14,0,-0.39,0.11347796022891998,0.013493669219315052
366,365,medium,always_act,False,18,0,-0.43000000000000005,0.06441336125135422,0.034306615591049194
367,366,medium,always_act,False,10,0,-0.35,0.06444289535284042,0.041362203657627106
368,367,medium,always_act,False,15,0,-0.4,0.08550393581390381,0.057358331978321075
369,368,medium,always_act,False,12,0,-0.37,0.10635539889335632,0.014815330505371094
370,369,medium,always_act,False,15,0,-0.4,0.08653624355792999,0.053470175713300705
371,370,medium,always_act,False,19,0,-0.44000000000000006,0.19425496459007263,0.04397328197956085
372,371,medium,always_act,False,13,0,-0.38,0.13077054917812347,0.05499965697526932
373,372,medium,always_act,True,16,0,0.84,0.01548645831644535,0.035985495895147324
374,373,medium,always_act,False,15,0,-0.4,0.12981432676315308,0.028383731842041016
375,374,medium,always_act,False,8,0,-0.33,0.11287859827280045,0.052288275212049484
376,375,medium,always_act,False,18,0,-0.43000000000000005,0.17827598750591278,0.029204111546278
377,376,medium,always_act,False,16,0,-0.41000000000000003,0.10255062580108643,0.019724076613783836
378,377,medium,always_act,False,11,0,-0.36,0.09406865388154984,0.013219689950346947
379,378,medium,always_act,True,10,0,0.9,0.02097371779382229,0.020454909652471542
380,379,medium,always_act,False,17,0,-0.42000000000000004,0.16408924758434296,0.010500272735953331
381,380,medium,always_act,True,6,0,0.94,0.03891473636031151,0.03914066031575203
382,381,medium,always_act,False,18,0,-0.43000000000000005,0.09196154773235321,0.047097429633140564
383,382,medium,always_act,False,12,0,-0.37,0.07505465298891068,0.019753869622945786
384,383,medium,always_act,False,14,0,-0.39,0.08734755218029022,0.015534878708422184
385,384,medium,always_act,False,15,0,-0.4,0.12283837050199509,0.05512024462223053
386,385,medium,always_act,False,13,0,-0.38,0.06996192783117294,0.03600042685866356
387,386,medium,always_act,True,8,0,0.9199999999999999,0.04670320078730583,0.01734691858291626
388,387,medium,always_act,False,8,0,-0.33,0.11003418266773224,0.05030854046344757
389,388,medium,always_act,False,13,0,-0.38,0.08845513314008713,0.0487816296517849
390,389,medium,always_act,False,8,0,-0.33,0.08607777953147888,0.03198649361729622
391,390,medium,always_act,False,21,0,-0.4600000000000001,0.14503967761993408,0.044695302844047546
392,391,medium,always_act,False,14,0,-0.39,0.12174451351165771,0.011118924245238304
393,392,medium,always_act,True,10,0,0.9,0.03909408301115036,0.03791503235697746
394,393,medium,always_act,False,12,0,-0.37,0.1606285125017166,0.01735554076731205
395,394,medium,always_act,True,13,0,0.87,0.023635419085621834,0.011657441034913063
396,395,medium,always_act,True,11,0,0.89,0.012153658084571362,0.05046355724334717
397,396,medium,always_act,False,7,0,-0.32,0.0748627632856369,0.03452426567673683
398,397,medium,always_act,True,15,0,0.85,0.0072415838949382305,0.0505150742828846
399,398,medium,always_act,False,14,0,-0.39,0.12953227758407593,0.014988324604928493
400,399,medium,always_act,False,14,0,-0.39,0.11089327186346054,0.036313410848379135
401,400,medium,always_act,False,12,0,-0.37,0.11588945984840393,0.03668234869837761
402,401,medium,always_act,False,13,0,-0.38,0.10142092406749725,0.05367230996489525
403,402,medium,always_act,False,14,0,-0.39,0.17687110602855682,0.05467677116394043
404,403,medium,always_act,True,15,0,0.85,0.04184472933411598,0.042324017733335495
405,404,medium,always_act,True,11,0,0.89,0.0504450798034668,0.03017660416662693
406,405,medium,always_act,False,13,0,-0.38,0.10089673101902008,0.020884936675429344
407,406,medium,always_act,False,1,0,-0.26,0.1458667516708374,0.049210842698812485
408,407,medium,always_act,False,6,0,-0.31,0.10447025299072266,0.03449820727109909
409,408,medium,always_act,False,7,0,-0.32,0.23092366755008698,0.05103282630443573
410,409,medium,always_act,False,10,0,-0.35,0.08073582500219345,0.01611405424773693
411,410,medium,always_act,False,14,0,-0.39,0.16454723477363586,0.046874817460775375
412,411,medium,always_act,False,15,0,-0.4,0.12149128317832947,0.029562033712863922
413,412,medium,always_act,False,13,0,-0.38,0.15518797934055328,0.016061311587691307
414,413,medium,always_act,False,6,0,-0.31,0.1520601063966751,0.045343805104494095
415,414,medium,always_act,False,13,0,-0.38,0.07581058144569397,0.02257673814892769
416,415,medium,always_act,False,16,0,-0.41000000000000003,0.13023477792739868,0.05134852975606918
417,416,medium,always_act,False,7,0,-0.32,0.09549987316131592,0.0583534799516201
418,417,medium,always_act,True,18,0,0.82,0.05456765741109848,0.0470861941576004
419,418,medium,always_act,False,17,0,-0.42000000000000004,0.09204143285751343,0.01718272641301155
420,419,medium,always_act,False,21,0,-0.4600000000000001,0.0647386983036995,0.046977922320365906
421,420,medium,always_act,False,17,0,-0.42000000000000004,0.15146231651306152,0.02347087301313877
422,421,medium,always_act,True,6,0,0.94,0.05666934326291084,0.047845494002103806
423,422,medium,always_act,False,14,0,-0.39,0.1524265706539154,0.015096227638423443
424,423,medium,always_act,False,12,0,-0.37,0.1261516809463501,0.048978306353092194
425,424,medium,always_act,False,14,0,-0.39,0.06348118931055069,0.016973640769720078
426,425,medium,always_act,False,4,0,-0.29000000000000004,0.09763689339160919,0.054881419986486435
427,426,medium,always_act,False,11,0,-0.36,0.0738796666264534,0.020701661705970764
428,427,medium,always_act,True,18,0,0.82,0.01930704340338707,0.052903175354003906
429,428,medium,always_act,False,12,0,-0.37,0.21035045385360718,0.04980524256825447
430,429,medium,always_act,False,6,0,-0.31,0.20168864727020264,0.04921714961528778
431,430,medium,always_act,False,18,0,-0.43000000000000005,0.1254015564918518,0.05346488952636719
432,431,medium,always_act,False,12,0,-0.37,0.10334803909063339,0.03864486888051033
433,432,medium,always_act,False,12,0,-0.37,0.15557672083377838,0.059419143944978714
434,433,medium,always_act,False,13,0,-0.38,0.09307871013879776,0.01139202993363142
435,434,medium,always_act,False,8,0,-0.33,0.2505790591239929,0.030288733541965485
436,435,medium,always_act,False,15,0,-0.4,0.07842555642127991,0.022003669291734695
437,436,medium,always_act,False,11,0,-0.36,0.08659892529249191,0.052382297813892365
438,437,medium,always_act,True,14,0,0.86,0.04983776435256004,0.03280748054385185
439,438,medium,always_act,False,18,0,-0.43000000000000005,0.11060361564159393,0.034063734114170074
440,439,medium,always_act,False,19,0,-0.44000000000000006,0.07999633252620697,0.04727684706449509
441,440,medium,always_act,False,18,0,-0.43000000000000005,0.11404215544462204,0.011717758141458035
442,441,medium,always_act,False,12,0,-0.37,0.09849514812231064,0.010806210339069366
443,442,medium,always_act,False,12,0,-0.37,0.1876085251569748,0.02011519856750965
444,443,medium,always_act,False,5,0,-0.3,0.17252139747142792,0.047802165150642395
445,444,medium,always_act,False,12,0,-0.37,0.12414716929197311,0.04985320195555687
446,445,medium,always_act,False,11,0,-0.36,0.11683759838342667,0.023663558065891266
447,446,medium,always_act,False,17,0,-0.42000000000000004,0.11757015436887741,0.01965404860675335
448,447,medium,always_act,True,16,0,0.84,0.030537767335772514,0.01577894017100334
449,448,medium,always_act,False,2,0,-0.27,0.1094827651977539,0.047642096877098083
450,449,medium,always_act,False,18,0,-0.43000000000000005,0.1591881364583969,0.01731058582663536
451,450,medium,always_act,True,8,0,0.9199999999999999,0.052948471158742905,0.03962071239948273
452,451,medium,always_act,True,8,0,0.9199999999999999,0.029898831620812416,0.052564963698387146
453,452,medium,always_act,False,14,0,-0.39,0.07669254392385483,0.04907960072159767
454,453,medium,always_act,False,6,0,-0.31,0.15713179111480713,0.04039711877703667
455,454,medium,always_act,True,9,0,0.91,0.03000161051750183,0.033494703471660614
456,455,medium,always_act,False,14,0,-0.39,0.17070892453193665,0.04775833338499069
457,456,medium,always_act,False,13,0,-0.38,0.11245610564947128,0.02455754764378071
458,457,medium,always_act,True,16,0,0.84,0.05577346682548523,0.044783949851989746
459,458,medium,always_act,False,14,0,-0.39,0.10485143214464188,0.05188480392098427
460,459,medium,always_act,True,16,0,0.84,0.02160795032978058,0.04756995663046837
461,460,medium,always_act,True,13,0,0.87,0.040121570229530334,0.029064226895570755
462,461,medium,always_act,False,14,0,-0.39,0.1292152851819992,0.0444323755800724
463,462,medium,always_act,False,14,0,-0.39,0.19723261892795563,0.057400211691856384
464,463,medium,always_act,False,14,0,-0.39,0.14314846694469452,0.010344889014959335
465,464,medium,always_act,False,13,0,-0.38,0.09351278096437454,0.012697020545601845
466,465,medium,always_act,False,18,0,-0.43000000000000005,0.15561309456825256,0.029006604105234146
467,466,medium,always_act,False,7,0,-0.32,0.07591341435909271,0.03008967451751232
468,467,medium,always_act,True,14,0,0.86,0.015143927186727524,0.011068401858210564
469,468,medium,always_act,True,19,0,0.8099999999999999,0.048965148627758026,0.04158058762550354
470,469,medium,always_act,False,20,0,-0.45000000000000007,0.11724156141281128,0.01904105208814144
471,470,medium,always_act,True,9,0,0.91,0.056600384414196014,0.0417606420814991
472,471,medium,always_act,True,7,0,0.9299999999999999,0.04493780806660652,0.04468739032745361
473,472,medium,always_act,False,12,0,-0.37,0.06861139088869095,0.042958345264196396
474,473,medium,always_act,False,16,0,-0.41000000000000003,0.07548123598098755,0.012897753156721592
475,474,medium,always_act,False,16,0,-0.41000000000000003,0.0782378688454628,0.0356852151453495
476,475,medium,always_act,False,13,0,-0.38,0.11250431090593338,0.02322954311966896
477,476,medium,always_act,False,9,0,-0.34,0.07176060229539871,0.03595300763845444
478,477,medium,always_act,False,15,0,-0.4,0.1256745606660843,0.023925019428133965
479,478,medium,always_act,False,11,0,-0.36,0.09117309004068375,0.04968458414077759
480,479,medium,always_act,False,9,0,-0.34,0.10888920724391937,0.016707977280020714
481,480,medium,always_act,False,13,0,-0.38,0.16613763570785522,0.04382873699069023
482,481,medium,always_act,True,17,0,0.83,0.049882594496011734,0.040471114218235016
483,482,medium,always_act,False,12,0,-0.37,0.0970589891076088,0.057762209326028824
484,483,medium,always_act,False,4,0,-0.29000000000000004,0.2267092913389206,0.05238303542137146
485,484,medium,always_act,False,12,0,-0.37,0.14742392301559448,0.0573439784348011
486,485,medium,always_act,True,12,0,0.88,0.026397565379738808,0.046941135078668594
487,486,medium,always_act,True,20,0,0.7999999999999999,0.039961718022823334,0.022961370646953583
488,487,medium,always_act,False,9,0,-0.34,0.07744860649108887,0.0419217012822628
489,488,medium,always_act,False,4,0,-0.29000000000000004,0.0848667323589325,0.03347158059477806
490,489,medium,always_act,False,19,0,-0.44000000000000006,0.12039706856012344,0.022031035274267197
491,490,medium,always_act,False,7,0,-0.32,0.07953567057847977,0.03133416175842285
492,491,medium,always_act,False,21,0,-0.4600000000000001,0.07638072222471237,0.026343105360865593
493,492,medium,always_act,True,15,0,0.85,0.04962358623743057,0.011256707832217216
494,493,medium,always_act,True,18,0,0.82,0.05602890998125076,0.05691536143422127
495,494,medium,always_act,False,17,0,-0.42000000000000004,0.12962394952774048,0.014728723093867302
496,495,medium,always_act,False,19,0,-0.44000000000000006,0.10764963179826736,0.010591143742203712
497,496,medium,always_act,True,16,0,0.84,0.05877542868256569,0.030771277844905853
498,497,medium,always_act,False,13,0,-0.38,0.09217877686023712,0.053513433784246445
499,498,medium,always_act,False,20,0,-0.45000000000000007,0.06835073977708817,0.04004626348614693
500,499,medium,always_act,False,16,0,-0.41000000000000003,0.09958218038082123,0.0156784038990736
501,500,medium,always_act,True,17,0,0.83,0.047946810722351074,0.01645280048251152
502,501,medium,always_act,True,18,0,0.82,0.04828570410609245,0.016579920426011086
503,502,medium,always_act,False,5,0,-0.3,0.1475803107023239,0.052510909736156464
504,503,medium,always_act,False,7,0,-0.32,0.11257671564817429,0.02323579415678978
505,504,medium,always_act,False,4,0,-0.29000000000000004,0.12198072671890259,0.035739488899707794
506,505,medium,always_act,False,16,0,-0.41000000000000003,0.15331222116947174,0.044307734817266464
507,506,medium,always_act,False,9,0,-0.34,0.07268505543470383,0.014595210552215576
508,507,medium,always_act,False,11,0,-0.36,0.18522316217422485,0.03797329217195511
509,508,medium,always_act,True,15,0,0.85,0.03347073122859001,0.0537293367087841
510,509,medium,always_act,True,16,0,0.84,0.028484242036938667,0.03796301782131195
511,510,medium,always_act,False,10,0,-0.35,0.1291773021221161,0.04345060512423515
512,511,medium,always_act,True,16,0,0.84,0.05130014568567276,0.05794668197631836
513,512,medium,always_act,False,18,0,-0.43000000000000005,0.12084603309631348,0.014360667206346989
514,513,medium,always_act,True,8,0,0.9199999999999999,0.05605559051036835,0.04440911486744881
515,514,medium,always_act,True,17,0,0.83,0.010976571589708328,0.043732114136219025
516,515,medium,always_act,False,9,0,-0.34,0.1486784815788269,0.01380695030093193
517,516,medium,always_act,True,12,0,0.88,0.03200249746441841,0.030322149395942688
518,517,medium,always_act,False,16,0,-0.41000000000000003,0.10417503118515015,0.01553818304091692
519,518,medium,always_act,False,13,0,-0.38,0.1322062760591507,0.059086404740810394
520,519,medium,always_act,True,4,0,0.96,0.05652933567762375,0.025641411542892456
521,520,medium,always_act,False,8,0,-0.33,0.07735048979520798,0.02049487829208374
522,521,medium,always_act,False,11,0,-0.36,0.21138779819011688,0.02221130207180977
523,522,medium,always_act,False,12,0,-0.37,0.18659406900405884,0.025713946670293808
524,523,medium,always_act,False,12,0,-0.37,0.2163146287202835,0.04534241929650307
525,524,medium,always_act,False,11,0,-0.36,0.08206195384263992,0.027839981019496918
526,525,medium,always_act,False,12,0,-0.37,0.08185155689716339,0.03386871889233589
527,526,medium,always_act,True,8,0,0.9199999999999999,0.05283043161034584,0.054476555436849594
528,527,medium,always_act,False,13,0,-0.38,0.0837080329656601,0.03760746866464615
529,528,medium,always_act,False,12,0,-0.37,0.1592770516872406,0.059208065271377563
530,529,medium,always_act,False,6,0,-0.31,0.1121525764465332,0.05409151315689087
531,530,medium,always_act,True,11,0,0.89,0.04360361397266388,0.04873210936784744
532,531,medium,always_act,False,22,0,-0.4700000000000001,0.12127722054719925,0.01420639082789421
533,532,medium,always_act,True,4,0,0.96,0.0507885180413723,0.049689896404743195
534,533,medium,always_act,True,14,0,0.86,0.01889076828956604,0.05758499354124069
535,534,medium,always_act,False,19,0,-0.44000000000000006,0.15685324370861053,0.05392414703965187
536,535,medium,always_act,False,15,0,-0.4,0.08969299495220184,0.03952588886022568
537,536,medium,always_act,False,4,0,-0.29000000000000004,0.14614416658878326,0.04705458879470825
538,537,medium,always_act,False,14,0,-0.39,0.11163771897554398,0.018184470012784004
539,538,medium,always_act,False,16,0,-0.41000000000000003,0.12478326261043549,0.04145287349820137
540,539,medium,always_act,False,8,0,-0.33,0.08599112182855606,0.027129271999001503
541,540,medium,always_act,False,8,0,-0.33,0.09307003021240234,0.045650169253349304
542,541,medium,always_act,False,12,0,-0.37,0.11360242962837219,0.014993720687925816
543,542,medium,always_act,True,20,0,0.7999999999999999,0.05013968050479889,0.01560851652175188
544,543,medium,always_act,False,13,0,-0.38,0.07537037879228592,0.05586733669042587
545,544,medium,always_act,True,16,0,0.84,0.03799250349402428,0.020126719027757645
546,545,medium,always_act,True,15,0,0.85,0.05221306160092354,0.01406409777700901
547,546,medium,always_act,False,13,0,-0.38,0.12295495718717575,0.036552224308252335
548,547,medium,always_act,False,13,0,-0.38,0.24112722277641296,0.029051469638943672
549,548,medium,always_act,False,10,0,-0.35,0.07448828965425491,0.04359571263194084
550,549,medium,always_act,False,9,0,-0.34,0.06438954919576645,0.021688232198357582
551,550,medium,always_act,False,13,0,-0.38,0.18436908721923828,0.05199557542800903
552,551,medium,always_act,False,15,0,-0.4,0.06574443727731705,0.018113616853952408
553,552,medium,always_act,False,4,0,-0.29000000000000004,0.14064159989356995,0.03120981901884079
554,553,medium,always_act,False,15,0,-0.4,0.10554660111665726,0.03833447024226189
555,554,medium,always_act,False,18,0,-0.43000000000000005,0.0778064876794815,0.02432478405535221
556,555,medium,always_act,False,4,0,-0.29000000000000004,0.09931805729866028,0.03249736502766609
557,556,medium,always_act,False,10,0,-0.35,0.13291506469249725,0.023327266797423363
558,557,medium,always_act,False,14,0,-0.39,0.0916934683918953,0.010706929489970207
559,558,medium,always_act,False,10,0,-0.35,0.08328843116760254,0.021959824487566948
560,559,medium,always_act,True,19,0,0.8099999999999999,0.04893875867128372,0.05321701243519783
561,560,medium,always_act,True,8,0,0.9199999999999999,0.04388926178216934,0.01903122290968895
562,561,medium,always_act,False,19,0,-0.44000000000000006,0.1645909696817398,0.027018403634428978
563,562,medium,always_act,True,11,0,0.89,0.035798605531454086,0.02487490139901638
564,563,medium,always_act,False,15,0,-0.4,0.10456206649541855,0.05751007795333862
565,564,medium,always_act,False,14,0,-0.39,0.16780585050582886,0.04087076336145401
566,565,medium,always_act,False,14,0,-0.39,0.11583603918552399,0.052975624799728394
567,566,medium,always_act,False,20,0,-0.45000000000000007,0.09559494256973267,0.014960228465497494
568,567,medium,always_act,False,18,0,-0.43000000000000005,0.14388248324394226,0.05168402940034866
569,568,medium,always_act,False,17,0,-0.42000000000000004,0.15402105450630188,0.03832066059112549
570,569,medium,always_act,False,15,0,-0.4,0.06625621765851974,0.014382125809788704
571,570,medium,always_act,False,12,0,-0.37,0.1064123809337616,0.01546319480985403
572,571,medium,always_act,False,13,0,-0.38,0.0698259025812149,0.022043980658054352
573,572,medium,always_act,False,10,0,-0.35,0.0946841910481453,0.024169132113456726
574,573,medium,always_act,False,15,0,-0.4,0.12540434300899506,0.051108360290527344
575,574,medium,always_act,False,18,0,-0.43000000000000005,0.09622764587402344,0.011026700958609581
576,575,medium,always_act,True,8,0,0.9199999999999999,0.030476445332169533,0.010147837921977043
577,576,medium,always_act,False,16,0,-0.41000000000000003,0.14835980534553528,0.03548979014158249
578,577,medium,always_act,False,10,0,-0.35,0.06452974677085876,0.05970296636223793
579,578,medium,always_act,False,5,0,-0.3,0.16825078427791595,0.033461056649684906
580,579,medium,always_act,True,15,0,0.85,0.04545889049768448,0.05834509804844856
581,580,medium,always_act,False,6,0,-0.31,0.10687986761331558,0.023006662726402283
582,581,medium,always_act,False,9,0,-0.34,0.07438750565052032,0.03978508710861206
583,582,medium,always_act,False,5,0,-0.3,0.07154955714941025,0.04243108630180359
584,583,medium,always_act,False,6,0,-0.31,0.13787643611431122,0.013614699244499207
585,584,medium,always_act,False,17,0,-0.42000000000000004,0.15439563989639282,0.03855099529027939
586,585,medium,always_act,True,16,0,0.84,0.029454588890075684,0.027876796200871468
587,586,medium,always_act,True,10,0,0.9,0.02971763350069523,0.056453365832567215
588,587,medium,always_act,False,6,0,-0.31,0.10408046096563339,0.014662043191492558
589,588,medium,always_act,False,21,0,-0.4600000000000001,0.07846715301275253,0.04153910279273987
590,589,medium,always_act,True,12,0,0.88,0.027190759778022766,0.022893670946359634
591,590,medium,always_act,False,16,0,-0.41000000000000003,0.1917286515235901,0.037038084119558334
592,591,medium,always_act,False,8,0,-0.33,0.08141865581274033,0.029851319268345833
593,592,medium,always_act,False,2,0,-0.27,0.0962907001376152,0.04152124002575874
594,593,medium,always_act,False,20,0,-0.45000000000000007,0.11336542665958405,0.051308706402778625
595,594,medium,always_act,False,9,0,-0.34,0.0910879522562027,0.02546759508550167
596,595,medium,always_act,False,15,0,-0.4,0.16175951063632965,0.014496740885078907
597,596,medium,always_act,False,14,0,-0.39,0.09330777078866959,0.04308289289474487
598,597,medium,always_act,True,16,0,0.84,0.029469788074493408,0.020287292078137398
599,598,medium,always_act,False,20,0,-0.45000000000000007,0.131730854511261,0.03676242753863335
600,599,medium,always_act,False,19,0,-0.44000000000000006,0.14624305069446564,0.047193799167871475
601,600,medium,always_act,False,3,0,-0.28,0.10679292678833008,0.04738329350948334
602,601,medium,always_act,True,14,0,0.86,0.03317824751138687,0.029756449162960052
603,602,medium,always_act,False,15,0,-0.4,0.11567580699920654,0.05794808641076088
604,603,medium,always_act,False,7,0,-0.32,0.06922347843647003,0.044879622757434845
605,604,medium,always_act,False,7,0,-0.32,0.18164105713367462,0.05101894214749336
606,605,medium,always_act,True,13,0,0.87,0.05605189874768257,0.027589449658989906
607,606,medium,always_act,True,18,0,0.82,0.04808564856648445,0.041283853352069855
608,607,medium,always_act,False,13,0,-0.38,0.12620441615581512,0.05293990299105644
609,608,medium,always_act,False,13,0,-0.38,0.15814517438411713,0.038629114627838135
610,609,medium,always_act,False,14,0,-0.39,0.15509463846683502,0.02568196691572666
611,610,medium,always_act,True,10,0,0.9,0.00605767872184515,0.03705967217683792
612,611,medium,always_act,False,19,0,-0.44000000000000006,0.07825154066085815,0.02071375958621502
613,612,medium,always_act,True,8,0,0.9199999999999999,0.04788548871874809,0.03389933705329895
614,613,medium,always_act,True,19,0,0.8099999999999999,0.05300891026854515,0.033785298466682434
615,614,medium,always_act,False,3,0,-0.28,0.07150585949420929,0.035529881715774536
616,615,medium,always_act,False,16,0,-0.41000000000000003,0.08078038692474365,0.05538162961602211
617,616,medium,always_act,False,16,0,-0.41000000000000003,0.16643819212913513,0.01932266727089882
618,617,medium,always_act,True,5,0,0.95,0.030652564018964767,0.0424746572971344
619,618,medium,always_act,False,12,0,-0.37,0.10676872730255127,0.021047048270702362
620,619,medium,always_act,False,11,0,-0.36,0.12782251834869385,0.03270998224616051
621,620,medium,always_act,False,15,0,-0.4,0.12630638480186462,0.05573268234729767
622,621,medium,always_act,True,12,0,0.88,0.029188761487603188,0.012260696850717068
623,622,medium,always_act,False,4,0,-0.29000000000000004,0.139458566904068,0.038465261459350586
624,623,medium,always_act,False,17,0,-0.42000000000000004,0.15581008791923523,0.02614896558225155
625,624,medium,always_act,True,3,0,0.97,0.05846792832016945,0.0251888707280159
626,625,medium,always_act,True,11,0,0.89,0.05791591852903366,0.05320998281240463
627,626,medium,always_act,False,14,0,-0.39,0.11047966033220291,0.034851472824811935
628,627,medium,always_act,False,9,0,-0.34,0.09252677857875824,0.0360819548368454
629,628,medium,always_act,False,16,0,-0.41000000000000003,0.123624287545681,0.053433287888765335
630,629,medium,always_act,False,15,0,-0.4,0.2034812718629837,0.012518247589468956
631,630,medium,always_act,False,6,0,-0.31,0.21725715696811676,0.025476813316345215
632,631,medium,always_act,False,16,0,-0.41000000000000003,0.07920067012310028,0.025212930515408516
633,632,medium,always_act,True,10,0,0.9,0.035859115421772,0.02316473051905632
634,633,medium,always_act,False,12,0,-0.37,0.14907748997211456,0.05001325160264969
635,634,medium,always_act,False,15,0,-0.4,0.13955466449260712,0.05909230187535286
636,635,medium,always_act,False,15,0,-0.4,0.07426871359348297,0.05042082071304321
637,636,medium,always_act,False,10,0,-0.35,0.14687788486480713,0.021120227873325348
638,637,medium,always_act,True,9,0,0.91,0.03834972903132439,0.033115580677986145
639,638,medium,always_act,False,10,0,-0.35,0.13451805710792542,0.053470782935619354
640,639,medium,always_act,False,18,0,-0.43000000000000005,0.10699636489152908,0.02544359676539898
641,640,medium,always_act,False,12,0,-0.37,0.08124920725822449,0.04029638692736626
642,641,medium,always_act,False,16,0,-0.41000000000000003,0.06603843718767166,0.018520474433898926
643,642,medium,always_act,False,10,0,-0.35,0.16616718471050262,0.02972465753555298
644,643,medium,always_act,True,3,0,0.97,0.023820558562874794,0.04245076701045036
645,644,medium,always_act,False,7,0,-0.32,0.26455003023147583,0.05216836556792259
646,645,medium,always_act,False,12,0,-0.37,0.08460503816604614,0.04411393776535988
647,646,medium,always_act,False,9,0,-0.34,0.06792307645082474,0.03132065385580063
648,647,medium,always_act,False,10,0,-0.35,0.06072843074798584,0.014434141106903553
649,648,medium,always_act,False,12,0,-0.37,0.09178637713193893,0.02867208980023861
650,649,medium,always_act,False,18,0,-0.43000000000000005,0.08968479931354523,0.03940262645483017
651,650,medium,always_act,True,12,0,0.88,0.05217825993895531,0.038851842284202576
652,651,medium,always_act,False,14,0,-0.39,0.11964566260576248,0.03534573316574097
653,652,medium,always_act,False,10,0,-0.35,0.14081613719463348,0.03481239452958107
654,653,medium,always_act,True,12,0,0.88,0.0499526746571064,0.046773653477430344
655,654,medium,always_act,False,16,0,-0.41000000000000003,0.09416995942592621,0.024487821385264397
656,655,medium,always_act,True,8,0,0.9199999999999999,0.05409727618098259,0.052716612815856934
657,656,medium,always_act,False,11,0,-0.36,0.12151094526052475,0.05039031058549881
658,657,medium,always_act,True,18,0,0.82,0.044752635061740875,0.03412535414099693
659,658,medium,always_act,False,3,0,-0.28,0.07759717851877213,0.013648871332406998
660,659,medium,always_act,False,2,0,-0.27,0.11745496839284897,0.048672329634428024
661,660,medium,always_act,False,13,0,-0.38,0.17286430299282074,0.044915687292814255
662,661,medium,always_act,False,10,0,-0.35,0.09702122956514359,0.03866147622466087
663,662,medium,always_act,True,3,0,0.97,0.04671485349535942,0.030817663297057152
664,663,medium,always_act,False,5,0,-0.3,0.06083468347787857,0.010985148139297962
665,664,medium,always_act,False,14,0,-0.39,0.15555404126644135,0.02569754235446453
666,665,medium,always_act,False,6,0,-0.31,0.11045074462890625,0.02452283352613449
667,666,medium,always_act,False,13,0,-0.38,0.19888225197792053,0.021249111741781235
668,667,medium,always_act,True,14,0,0.86,0.04250936210155487,0.024183111265301704
669,668,medium,always_act,False,12,0,-0.37,0.07411167770624161,0.021683447062969208
670,669,medium,always_act,True,4,0,0.96,0.0471685566008091,0.029184488579630852
671,670,medium,always_act,False,11,0,-0.36,0.14437082409858704,0.02992219291627407
672,671,medium,always_act,False,18,0,-0.43000000000000005,0.062476400285959244,0.05074114724993706
673,672,medium,always_act,False,12,0,-0.37,0.1394021064043045,0.041896507143974304
674,673,medium,always_act,False,17,0,-0.42000000000000004,0.12051644921302795,0.03533575311303139
675,674,medium,always_act,True,14,0,0.86,0.03763337433338165,0.022305333986878395
676,675,medium,always_act,False,12,0,-0.37,0.2010876089334488,0.013283174484968185
677,676,medium,always_act,False,7,0,-0.32,0.21286694705486298,0.03640935942530632
678,677,medium,always_act,True,12,0,0.88,0.04530255123972893,0.04716583713889122
679,678,medium,always_act,True,14,0,0.86,0.022203460335731506,0.020871950313448906
680,679,medium,always_act,False,8,0,-0.33,0.062330618500709534,0.05405161529779434
681,680,medium,always_act,True,4,0,0.96,0.03430673107504845,0.031036440283060074
682,681,medium,always_act,False,10,0,-0.35,0.09291770309209824,0.01571275107562542
683,682,medium,always_act,False,12,0,-0.37,0.06640137732028961,0.021487608551979065
684,683,medium,always_act,False,19,0,-0.44000000000000006,0.08548180013895035,0.042624231427907944
685,684,medium,always_act,False,13,0,-0.38,0.09311186522245407,0.0412183441221714
686,685,medium,always_act,False,12,0,-0.37,0.140420600771904,0.025369025766849518
687,686,medium,always_act,True,12,0,0.88,0.03672175109386444,0.05442975461483002
688,687,medium,always_act,False,14,0,-0.39,0.06679993122816086,0.024231070652604103
689,688,medium,always_act,False,6,0,-0.31,0.14073438942432404,0.045004479587078094
690,689,medium,always_act,True,14,0,0.86,0.040505342185497284,0.0479409284889698
691,690,medium,always_act,True,21,0,0.7899999999999999,0.04210377112030983,0.032442640513181686
692,691,medium,always_act,False,12,0,-0.37,0.174129456281662,0.059290625154972076
693,692,medium,always_act,False,5,0,-0.3,0.09396166354417801,0.03488929197192192
694,693,medium,always_act,False,14,0,-0.39,0.08801428973674774,0.042211927473545074
695,694,medium,always_act,False,16,0,-0.41000000000000003,0.10258027911186218,0.036904897540807724
696,695,medium,always_act,False,6,0,-0.31,0.12694257497787476,0.03482314199209213
697,696,medium,always_act,False,11,0,-0.36,0.1390986144542694,0.020926978439092636
698,697,medium,always_act,False,6,0,-0.31,0.0747351124882698,0.055440738797187805
699,698,medium,always_act,False,18,0,-0.43000000000000005,0.07457256317138672,0.03886973857879639
700,699,medium,always_act,True,14,0,0.86,0.05349498614668846,0.024587970227003098
701,700,medium,always_act,False,9,0,-0.34,0.07856465131044388,0.023427672684192657
702,701,medium,always_act,False,19,0,-0.44000000000000006,0.16014643013477325,0.05787743628025055
703,702,medium,always_act,False,5,0,-0.3,0.17815352976322174,0.032535869628190994
704,703,medium,always_act,True,15,0,0.85,0.01490455400198698,0.025394296273589134
705,704,medium,always_act,False,18,0,-0.43000000000000005,0.12770803272724152,0.054492250084877014
706,705,medium,always_act,True,9,0,0.91,0.010665885172784328,0.031477924436330795
707,706,medium,always_act,True,8,0,0.9199999999999999,0.012403247877955437,0.017019065096974373
708,707,medium,always_act,False,15,0,-0.4,0.13062343001365662,0.05895708128809929
709,708,medium,always_act,False,19,0,-0.44000000000000006,0.07155394554138184,0.038290977478027344
710,709,medium,always_act,False,16,0,-0.41000000000000003,0.18855267763137817,0.05427302420139313
711,710,medium,always_act,False,3,0,-0.28,0.14352674782276154,0.026864975690841675
712,711,medium,always_act,True,11,0,0.89,0.04902901500463486,0.021554050967097282
713,712,medium,always_act,True,8,0,0.9199999999999999,0.024649644270539284,0.011994979344308376
714,713,medium,always_act,True,10,0,0.9,0.04458475485444069,0.030398981645703316
715,714,medium,always_act,False,11,0,-0.36,0.06758952885866165,0.01599935069680214
716,715,medium,always_act,False,5,0,-0.3,0.09794987738132477,0.05990452319383621
717,716,medium,always_act,False,20,0,-0.45000000000000007,0.06396125257015228,0.03848600387573242
718,717,medium,always_act,False,12,0,-0.37,0.09955549985170364,0.029843730852007866
719,718,medium,always_act,True,15,0,0.85,0.01970783993601799,0.03820597007870674
720,719,medium,always_act,True,14,0,0.86,0.054327480494976044,0.049591537564992905
721,720,medium,always_act,False,5,0,-0.3,0.06517419219017029,0.02312002144753933
722,721,medium,always_act,False,7,0,-0.32,0.08253069967031479,0.010105878114700317
723,722,medium,always_act,True,16,0,0.84,0.04809730127453804,0.02522352896630764
724,723,medium,always_act,False,8,0,-0.33,0.0884103924036026,0.01156568806618452
725,724,medium,always_act,False,13,0,-0.38,0.07671482861042023,0.031634774059057236
726,725,medium,always_act,False,17,0,-0.42000000000000004,0.10216283798217773,0.025934292003512383
727,726,medium,always_act,False,8,0,-0.33,0.17247585952281952,0.0463440865278244
728,727,medium,always_act,False,14,0,-0.39,0.06978818029165268,0.0529654361307621
729,728,medium,always_act,False,23,0,-0.4800000000000001,0.1081414520740509,0.04199979826807976
730,729,medium,always_act,False,20,0,-0.45000000000000007,0.09683170914649963,0.035411737859249115
731,730,medium,always_act,False,10,0,-0.35,0.1282617151737213,0.05059915408492088
732,731,medium,always_act,False,14,0,-0.39,0.17452938854694366,0.02063073217868805
733,732,medium,always_act,True,11,0,0.89,0.02987128123641014,0.03564482927322388
734,733,medium,always_act,False,12,0,-0.37,0.0827748253941536,0.04743374511599541
735,734,medium,always_act,False,17,0,-0.42000000000000004,0.15512463450431824,0.04230048507452011
736,735,medium,always_act,False,15,0,-0.4,0.14613234996795654,0.049909867346286774
737,736,medium,always_act,False,15,0,-0.4,0.12067684531211853,0.019974960014224052
738,737,medium,always_act,False,6,0,-0.31,0.09707394242286682,0.05792471021413803
739,738,medium,always_act,False,17,0,-0.42000000000000004,0.1330590546131134,0.040616724640131
740,739,medium,always_act,True,17,0,0.83,0.0072838617488741875,0.03522046282887459
741,740,medium,always_act,False,10,0,-0.35,0.17233018577098846,0.04632127657532692
742,741,medium,always_act,True,9,0,0.91,0.03102126345038414,0.014160660095512867
743,742,medium,always_act,True,19,0,0.8099999999999999,0.05874774605035782,0.03875042125582695
744,743,medium,always_act,False,3,0,-0.28,0.07465994358062744,0.041696853935718536
745,744,medium,always_act,True,17,0,0.83,0.05254899710416794,0.03490966185927391
746,745,medium,always_act,False,13,0,-0.38,0.15550029277801514,0.05062595009803772
747,746,medium,always_act,True,13,0,0.87,0.04941509664058685,0.016912145540118217
748,747,medium,always_act,False,12,0,-0.37,0.12403175234794617,0.05319998413324356
749,748,medium,always_act,True,18,0,0.82,0.030851947143673897,0.049363091588020325
750,749,medium,always_act,True,16,0,0.84,0.012536130845546722,0.04560117796063423
751,750,medium,always_act,False,14,0,-0.39,0.16677290201187134,0.01469901017844677
752,751,medium,always_act,False,5,0,-0.3,0.1612553745508194,0.024642949923872948
753,752,medium,always_act,False,18,0,-0.43000000000000005,0.0723448097705841,0.027113229036331177
754,753,medium,always_act,False,7,0,-0.32,0.07198099792003632,0.023186858743429184
755,754,medium,always_act,False,13,0,-0.38,0.11069957911968231,0.024513306096196175
756,755,medium,always_act,True,20,0,0.7999999999999999,0.04844249039888382,0.019017908722162247
757,756,medium,always_act,False,8,0,-0.33,0.1073438972234726,0.01731538400053978
758,757,medium,always_act,False,15,0,-0.4,0.1321285367012024,0.019791025668382645
759,758,medium,always_act,False,20,0,-0.45000000000000007,0.19730280339717865,0.016850247979164124
760,759,medium,always_act,False,7,0,-0.32,0.09057281911373138,0.018238574266433716
761,760,medium,always_act,False,19,0,-0.44000000000000006,0.1191907525062561,0.010271163657307625
762,761,medium,always_act,False,13,0,-0.38,0.09158699959516525,0.030971117317676544
763,762,medium,always_act,False,5,0,-0.3,0.2188856303691864,0.04470723494887352
764,763,medium,always_act,True,17,0,0.83,0.017246592789888382,0.017793962731957436
765,764,medium,always_act,True,20,0,0.7999999999999999,0.05416842922568321,0.03895537927746773
766,765,medium,always_act,True,12,0,0.88,0.02795165218412876,0.054460395127534866
767,766,medium,always_act,False,11,0,-0.36,0.17114202678203583,0.027000317350029945
768,767,medium,always_act,False,13,0,-0.38,0.11541737616062164,0.014306878671050072
769,768,medium,always_act,False,20,0,-0.45000000000000007,0.1391550898551941,0.018746253103017807
770,769,medium,always_act,False,18,0,-0.43000000000000005,0.10016588121652603,0.04879678785800934
771,770,medium,always_act,True,18,0,0.82,0.027914926409721375,0.04913429915904999
772,771,medium,always_act,False,10,0,-0.35,0.09074827283620834,0.034528929740190506
773,772,medium,always_act,False,10,0,-0.35,0.1353502869606018,0.04299543425440788
774,773,medium,always_act,False,12,0,-0.37,0.16911666095256805,0.02663169801235199
775,774,medium,always_act,True,12,0,0.88,0.046996548771858215,0.046753160655498505
776,775,medium,always_act,True,10,0,0.9,0.01335723977535963,0.0275898315012455
777,776,medium,always_act,False,8,0,-0.33,0.13914208114147186,0.049371734261512756
778,777,medium,always_act,False,9,0,-0.34,0.18291710317134857,0.023366684094071388
779,778,medium,always_act,False,7,0,-0.32,0.06436853110790253,0.04698222130537033
780,779,medium,always_act,False,6,0,-0.31,0.08255920559167862,0.040144145488739014
781,780,medium,always_act,False,10,0,-0.35,0.15205268561840057,0.05370541289448738
782,781,medium,always_act,False,8,0,-0.33,0.0768483579158783,0.014265868812799454
783,782,medium,always_act,False,4,0,-0.29000000000000004,0.13559164106845856,0.016375292092561722
784,783,medium,always_act,False,8,0,-0.33,0.16651277244091034,0.020390700548887253
785,784,medium,always_act,True,11,0,0.89,0.0501638688147068,0.05594590678811073
786,785,medium,always_act,False,17,0,-0.42000000000000004,0.1649204045534134,0.05563358962535858
787,786,medium,always_act,True,16,0,0.84,0.03914279863238335,0.05134059488773346
788,787,medium,always_act,False,7,0,-0.32,0.10829216241836548,0.03662499412894249
789,788,medium,always_act,False,13,0,-0.38,0.0920674279332161,0.026182889938354492
790,789,medium,always_act,True,5,0,0.95,0.03549604117870331,0.05741127207875252
791,790,medium,always_act,False,17,0,-0.42000000000000004,0.1946203112602234,0.029396692290902138
792,791,medium,always_act,True,15,0,0.85,0.04161827266216278,0.04086340591311455
793,792,medium,always_act,True,11,0,0.89,0.010664498433470726,0.032176896929740906
794,793,medium,always_act,False,18,0,-0.43000000000000005,0.10369323939085007,0.05013709142804146
795,794,medium,always_act,False,12,0,-0.37,0.17693623900413513,0.04961462691426277
796,795,medium,always_act,True,11,0,0.89,0.026852911338210106,0.024473445490002632
797,796,medium,always_act,False,12,0,-0.37,0.12303055077791214,0.051702532917261124
798,797,medium,always_act,False,9,0,-0.34,0.06916102766990662,0.016121186316013336
799,798,medium,always_act,False,13,0,-0.38,0.07416905462741852,0.025800112634897232
800,799,medium,always_act,False,11,0,-0.36,0.15011779963970184,0.05790380388498306
801,800,medium,always_act,True,7,0,0.9299999999999999,0.043355707079172134,0.02516649290919304
802,801,medium,always_act,False,9,0,-0.34,0.15130947530269623,0.020842531695961952
803,802,medium,always_act,False,16,0,-0.41000000000000003,0.12078932672739029,0.020133748650550842
804,803,medium,always_act,False,11,0,-0.36,0.09646940976381302,0.03860241919755936
805,804,medium,always_act,False,21,0,-0.4600000000000001,0.17014726996421814,0.04849368706345558
806,805,medium,always_act,False,3,0,-0.28,0.0618773028254509,0.013912281021475792
807,806,medium,always_act,False,9,0,-0.34,0.07185161113739014,0.017934540286660194
808,807,medium,always_act,False,15,0,-0.4,0.14582423865795135,0.050449807196855545
809,808,medium,always_act,False,9,0,-0.34,0.10171022266149521,0.05797422677278519
810,809,medium,always_act,True,17,0,0.83,0.04070696979761124,0.054439742118120193
811,810,medium,always_act,False,8,0,-0.33,0.09374228864908218,0.05915375426411629
812,811,medium,always_act,False,15,0,-0.4,0.14115755259990692,0.050093892961740494
813,812,medium,always_act,False,14,0,-0.39,0.16171380877494812,0.04615164175629616
814,813,medium,always_act,False,12,0,-0.37,0.09794051945209503,0.020226065069437027
815,814,medium,always_act,False,8,0,-0.33,0.08871729671955109,0.021554015576839447
816,815,medium,always_act,False,20,0,-0.45000000000000007,0.08930621296167374,0.02577657252550125
817,816,medium,always_act,True,14,0,0.86,0.04059110954403877,0.016509629786014557
818,817,medium,always_act,False,12,0,-0.37,0.14626270532608032,0.05215609818696976
819,818,medium,always_act,True,5,0,0.95,0.033263541758060455,0.037586066871881485
820,819,medium,always_act,True,13,0,0.87,0.05118667706847191,0.05555296316742897
821,820,medium,always_act,True,17,0,0.83,0.05893003195524216,0.018983589485287666
822,821,medium,always_act,False,16,0,-0.41000000000000003,0.10286328941583633,0.05378942936658859
823,822,medium,always_act,True,11,0,0.89,0.03323504328727722,0.04226843640208244
824,823,medium,always_act,True,16,0,0.84,0.047732848674058914,0.03559527546167374
825,824,medium,always_act,False,12,0,-0.37,0.10612398386001587,0.01228419505059719
826,825,medium,always_act,True,5,0,0.95,0.03156016021966934,0.02149263210594654
827,826,medium,always_act,False,14,0,-0.39,0.07341309636831284,0.012123475782573223
828,827,medium,always_act,False,14,0,-0.39,0.132449209690094,0.05157789587974548
829,828,medium,always_act,True,4,0,0.96,0.04763433337211609,0.025543242692947388
830,829,medium,always_act,False,9,0,-0.34,0.09260176122188568,0.026665784418582916
831,830,medium,always_act,False,6,0,-0.31,0.0701083168387413,0.05925702676177025
832,831,medium,always_act,False,12,0,-0.37,0.0883849710226059,0.05059819296002388
833,832,medium,always_act,False,17,0,-0.42000000000000004,0.09180734306573868,0.05000591278076172
834,833,medium,always_act,True,11,0,0.89,0.029147975146770477,0.024467136710882187
835,834,medium,always_act,False,17,0,-0.42000000000000004,0.1854662001132965,0.022414717823266983
836,835,medium,always_act,False,16,0,-0.41000000000000003,0.09567040950059891,0.019990088418126106
837,836,medium,always_act,True,9,0,0.91,0.04034823179244995,0.023541731759905815
838,837,medium,always_act,False,10,0,-0.35,0.07457057386636734,0.03428877890110016
839,838,medium,always_act,True,15,0,0.85,0.028894241899251938,0.014448849484324455
840,839,medium,always_act,False,11,0,-0.36,0.19356581568717957,0.016670459881424904
841,840,medium,always_act,False,12,0,-0.37,0.24489574134349823,0.05518005043268204
842,841,medium,always_act,True,10,0,0.9,0.04795144870877266,0.020826738327741623
843,842,medium,always_act,False,16,0,-0.41000000000000003,0.11897420138120651,0.016627565026283264
844,843,medium,always_act,False,16,0,-0.41000000000000003,0.14378677308559418,0.03522316366434097
845,844,medium,always_act,False,10,0,-0.35,0.0887836143374443,0.014618986286222935
846,845,medium,always_act,True,12,0,0.88,0.029667671769857407,0.04432078078389168
847,846,medium,always_act,False,16,0,-0.41000000000000003,0.14172741770744324,0.0568150170147419
848,847,medium,always_act,False,14,0,-0.39,0.06265643984079361,0.03243391960859299
849,848,medium,always_act,True,12,0,0.88,0.02928106114268303,0.02183048613369465
850,849,medium,always_act,False,11,0,-0.36,0.1217893734574318,0.03986038267612457
851,850,medium,always_act,False,9,0,-0.34,0.11243190616369247,0.050103235989809036
852,851,medium,always_act,False,15,0,-0.4,0.21931682527065277,0.059047237038612366
853,852,medium,always_act,False,16,0,-0.41000000000000003,0.23469388484954834,0.04198173061013222
854,853,medium,always_act,False,10,0,-0.35,0.07950839400291443,0.02891828492283821
855,854,medium,always_act,False,17,0,-0.42000000000000004,0.13181334733963013,0.05590326339006424
856,855,medium,always_act,True,18,0,0.82,0.0544949471950531,0.05468614026904106
857,856,medium,always_act,False,4,0,-0.29000000000000004,0.13097921013832092,0.03753378614783287
858,857,medium,always_act,False,13,0,-0.38,0.06068874150514603,0.0111700389534235
859,858,medium,always_act,False,17,0,-0.42000000000000004,0.06529121845960617,0.013631537556648254
860,859,medium,always_act,False,11,0,-0.36,0.14876632392406464,0.020901016891002655
861,860,medium,always_act,False,18,0,-0.43000000000000005,0.10853707790374756,0.021602923050522804
862,861,medium,always_act,False,14,0,-0.39,0.06806794553995132,0.05147221311926842
863,862,medium,always_act,False,14,0,-0.39,0.09876453131437302,0.03549592196941376
864,863,medium,always_act,False,18,0,-0.43000000000000005,0.0944974273443222,0.03716345503926277
865,864,medium,always_act,True,10,0,0.9,0.042113542556762695,0.015086320228874683
866,865,medium,always_act,False,20,0,-0.45000000000000007,0.10871876776218414,0.03016011044383049
867,866,medium,always_act,False,8,0,-0.33,0.09964539855718613,0.0477629117667675
868,867,medium,always_act,False,9,0,-0.34,0.19598881900310516,0.01679614745080471
869,868,medium,always_act,False,7,0,-0.32,0.22788071632385254,0.04596765711903572
870,869,medium,always_act,False,13,0,-0.38,0.12268783152103424,0.053566787391901016
871,870,medium,always_act,True,5,0,0.95,0.05198498070240021,0.016525618731975555
872,871,medium,always_act,False,16,0,-0.41000000000000003,0.1301901489496231,0.028816094622015953
873,872,medium,always_act,False,15,0,-0.4,0.09585214406251907,0.027458233758807182
874,873,medium,always_act,False,16,0,-0.41000000000000003,0.0780319795012474,0.010495244525372982
875,874,medium,always_act,False,11,0,-0.36,0.09157560765743256,0.03588651120662689
876,875,medium,always_act,False,18,0,-0.43000000000000005,0.0881008729338646,0.056008800864219666
877,876,medium,always_act,False,10,0,-0.35,0.06313841789960861,0.010102351196110249
878,877,medium,always_act,True,11,0,0.89,0.043793193995952606,0.029099447652697563
879,878,medium,always_act,False,9,0,-0.34,0.11613165587186813,0.057789601385593414
880,879,medium,always_act,False,11,0,-0.36,0.13334891200065613,0.028005728498101234
881,880,medium,always_act,False,8,0,-0.33,0.06269713491201401,0.047205694019794464
882,881,medium,always_act,False,14,0,-0.39,0.07378707081079483,0.05078868195414543
883,882,medium,always_act,True,11,0,0.89,0.005497653037309647,0.044857997447252274
884,883,medium,always_act,True,19,0,0.8099999999999999,0.032876916229724884,0.04772599786520004
885,884,medium,always_act,False,14,0,-0.39,0.06250891834497452,0.05463912710547447
886,885,medium,always_act,False,16,0,-0.41000000000000003,0.07948494702577591,0.04739577695727348
887,886,medium,always_act,False,6,0,-0.31,0.16883507370948792,0.030121762305498123
888,887,medium,always_act,False,17,0,-0.42000000000000004,0.1587323695421219,0.021080665290355682
889,888,medium,always_act,False,7,0,-0.32,0.10552266985177994,0.019824078306555748
890,889,medium,always_act,False,12,0,-0.37,0.13122078776359558,0.04396413266658783
891,890,medium,always_act,False,14,0,-0.39,0.10846065729856491,0.02362729050219059
892,891,medium,always_act,False,14,0,-0.39,0.12812070548534393,0.033109769225120544
893,892,medium,always_act,False,15,0,-0.4,0.15259872376918793,0.028023185208439827
894,893,medium,always_act,False,16,0,-0.41000000000000003,0.15322525799274445,0.04201554134488106
895,894,medium,always_act,True,9,0,0.91,0.04984769597649574,0.023215997964143753
896,895,medium,always_act,True,13,0,0.87,0.055946234613657,0.02071632444858551
897,896,medium,always_act,False,15,0,-0.4,0.09750619530677795,0.02663668431341648
898,897,medium,always_act,False,13,0,-0.38,0.06406032294034958,0.05912536755204201
899,898,medium,always_act,False,14,0,-0.39,0.1272834986448288,0.03406062349677086
900,899,medium,always_act,False,13,0,-0.38,0.08765886723995209,0.022871775552630424
901,900,medium,always_act,True,3,0,0.97,0.010560871101915836,0.0595223605632782
902,901,medium,always_act,False,20,0,-0.45000000000000007,0.10548677295446396,0.020054621621966362
903,902,medium,always_act,True,16,0,0.84,0.0478818453848362,0.04238877817988396
904,903,medium,always_act,False,12,0,-0.37,0.07897910475730896,0.01039350125938654
905,904,medium,always_act,False,13,0,-0.38,0.09970790892839432,0.011265125125646591
906,905,medium,always_act,True,19,0,0.8099999999999999,0.024642108008265495,0.03126612305641174
907,906,medium,always_act,False,16,0,-0.41000000000000003,0.09801334887742996,0.05535392835736275
908,907,medium,always_act,False,10,0,-0.35,0.08783034235239029,0.041224196553230286
909,908,medium,always_act,False,16,0,-0.41000000000000003,0.10072863101959229,0.04138176143169403
910,909,medium,always_act,False,10,0,-0.35,0.14658820629119873,0.04986359179019928
911,910,medium,always_act,False,12,0,-0.37,0.06509741395711899,0.03524463251233101
912,911,medium,always_act,True,9,0,0.91,0.05248907953500748,0.022521812468767166
913,912,medium,always_act,True,17,0,0.83,0.027117891237139702,0.016259945929050446
914,913,medium,always_act,False,3,0,-0.28,0.1755618005990982,0.051620155572891235
915,914,medium,always_act,False,15,0,-0.4,0.13255524635314941,0.02144497260451317
916,915,medium,always_act,False,7,0,-0.32,0.07383263856172562,0.02942386269569397
917,916,medium,always_act,False,9,0,-0.34,0.08879628032445908,0.02808443270623684
918,917,medium,always_act,True,11,0,0.89,0.007513297721743584,0.04253032058477402
919,918,medium,always_act,True,7,0,0.9299999999999999,0.05744180828332901,0.012890638783574104
920,919,medium,always_act,False,17,0,-0.42000000000000004,0.14503444731235504,0.05022091791033745
921,920,medium,always_act,False,10,0,-0.35,0.1009286418557167,0.038115259259939194
922,921,medium,always_act,True,9,0,0.91,0.029795022681355476,0.04601985961198807
923,922,medium,always_act,True,8,0,0.9199999999999999,0.02689957618713379,0.030292993411421776
924,923,medium,always_act,False,20,0,-0.45000000000000007,0.21569909155368805,0.030728094279766083
925,924,medium,always_act,True,17,0,0.83,0.0361146479845047,0.012538661248981953
926,925,medium,always_act,False,15,0,-0.4,0.1383417844772339,0.045317165553569794
927,926,medium,always_act,True,13,0,0.87,0.051749337464571,0.021637044847011566
928,927,medium,always_act,False,12,0,-0.37,0.10833754390478134,0.0377621166408062
929,928,medium,always_act,False,6,0,-0.31,0.14362697303295135,0.05211414024233818
930,929,medium,always_act,True,10,0,0.9,0.05178763344883919,0.047754280269145966
931,930,medium,always_act,True,15,0,0.85,0.037606462836265564,0.05645737797021866
932,931,medium,always_act,False,9,0,-0.34,0.12196314334869385,0.04202594980597496
933,932,medium,always_act,False,17,0,-0.42000000000000004,0.0729464739561081,0.05516395717859268
934,933,medium,always_act,False,7,0,-0.32,0.10969092696905136,0.03314177319407463
935,934,medium,always_act,False,14,0,-0.39,0.08583129942417145,0.04100533202290535
936,935,medium,always_act,False,6,0,-0.31,0.1614413559436798,0.044922031462192535
937,936,medium,always_act,False,12,0,-0.37,0.11364152282476425,0.05422281101346016
938,937,medium,always_act,False,7,0,-0.32,0.21978475153446198,0.0595061294734478
939,938,medium,always_act,False,13,0,-0.38,0.08284581452608109,0.021672021597623825
940,939,medium,always_act,False,16,0,-0.41000000000000003,0.20664432644844055,0.01835751347243786
941,940,medium,always_act,False,13,0,-0.38,0.10891766101121902,0.0353742279112339
942,941,medium,always_act,False,17,0,-0.42000000000000004,0.08564574271440506,0.05901408940553665
943,942,medium,always_act,False,10,0,-0.35,0.07381663471460342,0.014740394428372383
944,943,medium,always_act,True,16,0,0.84,0.03171270340681076,0.022067425772547722
945,944,medium,always_act,True,12,0,0.88,0.059377171099185944,0.0586603507399559
946,945,medium,always_act,False,11,0,-0.36,0.1414908617734909,0.010972057469189167
947,946,medium,always_act,True,15,0,0.85,0.05227231606841087,0.05709104984998703
948,947,medium,always_act,False,11,0,-0.36,0.13119910657405853,0.04879019036889076
949,948,medium,always_act,False,15,0,-0.4,0.1461733877658844,0.021427977830171585
950,949,medium,always_act,False,10,0,-0.35,0.2678276300430298,0.032277174293994904
951,950,medium,always_act,False,5,0,-0.3,0.1601775735616684,0.025857694447040558
952,951,medium,always_act,False,16,0,-0.41000000000000003,0.10163746029138565,0.024853313341736794
953,952,medium,always_act,True,8,0,0.9199999999999999,0.031451523303985596,0.03386543318629265
954,953,medium,always_act,True,9,0,0.91,0.027161061763763428,0.028454085811972618
955,954,medium,always_act,False,19,0,-0.44000000000000006,0.17477558553218842,0.03788314387202263
956,955,medium,always_act,False,7,0,-0.32,0.15320374071598053,0.033904075622558594
957,956,medium,always_act,False,16,0,-0.41000000000000003,0.10336478799581528,0.05751493200659752
958,957,medium,always_act,True,10,0,0.9,0.0530225932598114,0.050702761858701706
959,958,medium,always_act,True,15,0,0.85,0.03903183713555336,0.05121471732854843
960,959,medium,always_act,False,15,0,-0.4,0.1907164454460144,0.02473442442715168
961,960,medium,always_act,False,15,0,-0.4,0.08458080887794495,0.03224339708685875
962,961,medium,always_act,False,6,0,-0.31,0.13300317525863647,0.03879118710756302
963,962,medium,always_act,False,10,0,-0.35,0.12001458555459976,0.05031402036547661
964,963,medium,always_act,False,19,0,-0.44000000000000006,0.15600836277008057,0.03318087011575699
965,964,medium,always_act,False,12,0,-0.37,0.06257284432649612,0.05457117408514023
966,965,medium,always_act,False,5,0,-0.3,0.12373100966215134,0.05266068875789642
967,966,medium,always_act,False,13,0,-0.38,0.06050655618309975,0.031991422176361084
968,967,medium,always_act,False,8,0,-0.33,0.08881387859582901,0.05782727152109146
969,968,medium,always_act,False,19,0,-0.44000000000000006,0.07861854135990143,0.022133005782961845
970,969,medium,always_act,False,16,0,-0.41000000000000003,0.10230820626020432,0.020066559314727783
971,970,medium,always_act,False,18,0,-0.43000000000000005,0.11533563584089279,0.019297000020742416
972,971,medium,always_act,False,10,0,-0.35,0.07308945059776306,0.04551704227924347
973,972,medium,always_act,False,16,0,-0.41000000000000003,0.16374191641807556,0.013663487508893013
974,973,medium,always_act,False,10,0,-0.35,0.135539710521698,0.028909387066960335
975,974,medium,always_act,False,15,0,-0.4,0.11821478605270386,0.01792353205382824
976,975,medium,always_act,False,14,0,-0.39,0.08982470631599426,0.02171768993139267
977,976,medium,always_act,False,11,0,-0.36,0.09646500647068024,0.05547909066081047
978,977,medium,always_act,False,17,0,-0.42000000000000004,0.10533701628446579,0.05217381939291954
979,978,medium,always_act,False,14,0,-0.39,0.16127659380435944,0.011375010013580322
980,979,medium,always_act,False,9,0,-0.34,0.13513924181461334,0.0568394735455513
981,980,medium,always_act,False,13,0,-0.38,0.09699652343988419,0.04694896936416626
982,981,medium,always_act,False,11,0,-0.36,0.131449893116951,0.04916491359472275
983,982,medium,always_act,False,7,0,-0.32,0.19465215504169464,0.02980775386095047
984,983,medium,always_act,True,14,0,0.86,0.05804649367928505,0.0408778190612793
985,984,medium,always_act,False,8,0,-0.33,0.15123581886291504,0.04477876424789429
986,985,medium,always_act,True,5,0,0.95,0.05221732705831528,0.04187307879328728
987,986,medium,always_act,True,4,0,0.96,0.053548045456409454,0.03575092926621437
988,987,medium,always_act,True,18,0,0.82,0.04711940884590149,0.026772068813443184
989,988,medium,always_act,False,14,0,-0.39,0.10312016308307648,0.035712022334337234
990,989,medium,always_act,False,11,0,-0.36,0.06678706407546997,0.05842623859643936
991,990,medium,always_act,False,12,0,-0.37,0.1484469175338745,0.02059478871524334
992,991,medium,always_act,False,16,0,-0.41000000000000003,0.0856410339474678,0.05687246099114418
993,992,medium,always_act,False,13,0,-0.38,0.08705467730760574,0.012101455591619015
994,993,medium,always_act,True,7,0,0.9299999999999999,0.011106465943157673,0.026215603575110435
995,994,medium,always_act,False,9,0,-0.34,0.0753384381532669,0.03510371595621109
996,995,medium,always_act,True,10,0,0.9,0.0420662984251976,0.02187124267220497
997,996,medium,always_act,True,9,0,0.91,0.030676910653710365,0.01516095083206892
998,997,medium,always_act,False,14,0,-0.39,0.11610068380832672,0.054057132452726364
999,998,medium,always_act,True,13,0,0.87,0.03432255983352661,0.05487467348575592
1000,999,medium,always_act,False,10,0,-0.35,0.176657035946846,0.013454229570925236
1,0,medium,inspect_once,True,12,1,0.85,0.051038868725299835,0.045578740537166595
2,1,medium,inspect_once,True,18,1,0.7899999999999999,0.025027936324477196,0.036226850003004074
3,2,medium,inspect_once,True,9,1,0.88,0.008053746074438095,0.029340550303459167
4,3,medium,inspect_once,True,6,1,0.91,0.042383790016174316,0.03624856472015381
5,4,medium,inspect_once,False,17,1,-0.45000000000000007,0.06999865919351578,0.04767042398452759
6,5,medium,inspect_once,True,19,1,0.7799999999999999,0.021837620064616203,0.032340578734874725
7,6,medium,inspect_once,True,12,1,0.85,0.017853815108537674,0.04013775661587715
8,7,medium,inspect_once,True,18,1,0.7899999999999999,0.035288404673337936,0.019096188247203827
9,8,medium,inspect_once,True,17,1,0.7999999999999999,0.05217965692281723,0.027597663924098015
10,9,medium,inspect_once,True,16,1,0.8099999999999999,0.013251868076622486,0.018988633528351784
11,10,medium,inspect_once,True,16,1,0.8099999999999999,0.04534908011555672,0.04217105731368065
12,11,medium,inspect_once,True,10,1,0.87,0.023369215428829193,0.014374305494129658
13,12,medium,inspect_once,True,16,1,0.8099999999999999,0.05522001162171364,0.03821343556046486
14,13,medium,inspect_once,True,20,1,0.7699999999999999,0.024079538881778717,0.0403023399412632
15,14,medium,inspect_once,True,15,1,0.82,0.05369383096694946,0.05402206629514694
16,15,medium,inspect_once,True,18,1,0.7899999999999999,0.021856974810361862,0.017633123323321342
17,16,medium,inspect_once,True,13,1,0.84,0.02756231650710106,0.03678615391254425
18,17,medium,inspect_once,False,14,1,-0.42000000000000004,0.06227540597319603,0.03441963344812393
19,18,medium,inspect_once,True,15,1,0.82,0.019450491294264793,0.02068275399506092
20,19,medium,inspect_once,True,17,1,0.7999999999999999,0.03397313132882118,0.013558784499764442
21,20,medium,inspect_once,True,10,1,0.87,0.04750068485736847,0.04407018795609474
22,21,medium,inspect_once,False,16,1,-0.44000000000000006,0.0627785474061966,0.05421001464128494
23,22,medium,inspect_once,True,9,1,0.88,0.0324796698987484,0.017518391832709312
24,23,medium,inspect_once,True,16,1,0.8099999999999999,0.042483195662498474,0.01569233648478985
25,24,medium,inspect_once,True,10,1,0.87,0.03635338321328163,0.030426664277911186
26,25,medium,inspect_once,True,5,1,0.9199999999999999,0.0234327781945467,0.024961914867162704
27,26,medium,inspect_once,True,11,1,0.86,0.014801413752138615,0.013206168077886105
28,27,medium,inspect_once,True,14,1,0.83,0.008218755014240742,0.012725532986223698
29,28,medium,inspect_once,True,20,1,0.7699999999999999,0.031140722334384918,0.0435667484998703
30,29,medium,inspect_once,True,10,1,0.87,0.013364586047828197,0.010151476599276066
31,30,medium,inspect_once,True,10,1,0.87,0.02330636978149414,0.03962402045726776
32,31,medium,inspect_once,True,15,1,0.82,0.03918886184692383,0.05107790604233742
33,32,medium,inspect_once,False,10,1,-0.38,0.07885709404945374,0.04972946643829346
34,33,medium,inspect_once,True,13,1,0.84,0.037022706121206284,0.022625090554356575
35,34,medium,inspect_once,True,15,1,0.82,0.015994329005479813,0.010366621427237988
36,35,medium,inspect_once,True,11,1,0.86,0.024865489453077316,0.03236650303006172
37,36,medium,inspect_once,True,9,1,0.88,0.02655487321317196,0.03306616097688675
38,37,medium,inspect_once,True,17,1,0.7999999999999999,0.00500640319660306,0.012886026874184608
39,38,medium,inspect_once,True,11,1,0.86,0.009123614057898521,0.010319096967577934
40,39,medium,inspect_once,True,13,1,0.84,0.03968232125043869,0.02829335816204548
41,40,medium,inspect_once,False,16,1,-0.44000000000000006,0.07542605698108673,0.05353651940822601
42,41,medium,inspect_once,True,20,1,0.7699999999999999,0.03744314983487129,0.02316341921687126
43,42,medium,inspect_once,False,14,1,-0.42000000000000004,0.09123942255973816,0.05607902631163597
44,43,medium,inspect_once,False,11,1,-0.39,0.06575363874435425,0.03614771366119385
45,44,medium,inspect_once,True,7,1,0.9,0.01859072782099247,0.031506866216659546
46,45,medium,inspect_once,True,14,1,0.83,0.016945283859968185,0.01744946278631687
47,46,medium,inspect_once,True,15,1,0.82,0.04572013393044472,0.021485252305865288
48,47,medium,inspect_once,False,17,1,-0.45000000000000007,0.061305832117795944,0.037575412541627884
49,48,medium,inspect_once,False,12,1,-0.4,0.06771373748779297,0.055833205580711365
50,49,medium,inspect_once,True,12,1,0.85,0.055767543613910675,0.058120016008615494
51,50,medium,inspect_once,True,19,1,0.7799999999999999,0.030458590015769005,0.038760390132665634
52,51,medium,inspect_once,True,16,1,0.8099999999999999,0.05911380052566528,0.047363582998514175
53,52,medium,inspect_once,True,15,1,0.82,0.010764186270534992,0.020433319732546806
54,53,medium,inspect_once,True,13,1,0.84,0.018536221235990524,0.012417774647474289
55,54,medium,inspect_once,True,11,1,0.86,0.018794342875480652,0.02559758350253105
56,55,medium,inspect_once,False,19,1,-0.4700000000000001,0.0652550682425499,0.051567938178777695
57,56,medium,inspect_once,True,13,1,0.84,0.02406606636941433,0.020106356590986252
58,57,medium,inspect_once,True,14,1,0.83,0.05008614808320999,0.055127840489149094
59,58,medium,inspect_once,False,15,1,-0.43000000000000005,0.06775461137294769,0.059913258999586105
60,59,medium,inspect_once,True,17,1,0.7999999999999999,0.030110446736216545,0.01405365951359272
61,60,medium,inspect_once,True,7,1,0.9,0.0406857430934906,0.021542765200138092
62,61,medium,inspect_once,True,15,1,0.82,0.028230397030711174,0.010593482293188572
63,62,medium,inspect_once,True,16,1,0.8099999999999999,0.046235475689172745,0.033475663512945175
64,63,medium,inspect_once,True,19,1,0.7799999999999999,0.01757383719086647,0.03917848691344261
65,64,medium,inspect_once,True,18,1,0.7899999999999999,0.02409231849014759,0.0503222793340683
66,65,medium,inspect_once,False,9,1,-0.37,0.07136841863393784,0.05812401697039604
67,66,medium,inspect_once,False,18,1,-0.4600000000000001,0.0785822868347168,0.04840325191617012
68,67,medium,inspect_once,True,9,1,0.88,0.01759365014731884,0.042015720158815384
69,68,medium,inspect_once,True,17,1,0.7999999999999999,0.010644515044987202,0.022937584668397903
70,69,medium,inspect_once,True,14,1,0.83,0.03365591540932655,0.01290144119411707
71,70,medium,inspect_once,True,14,1,0.83,0.04946310445666313,0.032345302402973175
72,71,medium,inspect_once,True,11,1,0.86,0.02711676061153412,0.037303656339645386
73,72,medium,inspect_once,True,14,1,0.83,0.040812086313962936,0.01684660091996193
74,73,medium,inspect_once,True,11,1,0.86,0.03621533885598183,0.01289843488484621
75,74,medium,inspect_once,True,17,1,0.7999999999999999,0.043098706752061844,0.029444565996527672
76,75,medium,inspect_once,True,7,1,0.9,0.005764990579336882,0.01010714191943407
77,76,medium,inspect_once,False,20,1,-0.4800000000000001,0.06725408881902695,0.05435696989297867
78,77,medium,inspect_once,True,16,1,0.8099999999999999,0.04233495891094208,0.04850815236568451
79,78,medium,inspect_once,True,17,1,0.7999999999999999,0.024174164980649948,0.021391281858086586
80,79,medium,inspect_once,True,16,1,0.8099999999999999,0.0027528000064194202,0.020193403586745262
81,80,medium,inspect_once,False,12,1,-0.4,0.07895916700363159,0.05714777857065201
82,81,medium,inspect_once,True,10,1,0.87,0.00978797860443592,0.02209140546619892
83,82,medium,inspect_once,True,21,1,0.7599999999999999,0.04023102670907974,0.025842120870947838
84,83,medium,inspect_once,True,7,1,0.9,0.03937087953090668,0.02446027472615242
85,84,medium,inspect_once,True,19,1,0.7799999999999999,0.03484206274151802,0.01914670318365097
86,85,medium,inspect_once,True,9,1,0.88,0.03885515406727791,0.04413047060370445
87,86,medium,inspect_once,False,11,1,-0.39,0.06186295673251152,0.05221239849925041
88,87,medium,inspect_once,True,16,1,0.8099999999999999,0.04857255890965462,0.03532442823052406
89,88,medium,inspect_once,True,13,1,0.84,0.027815155684947968,0.03715602681040764
90,89,medium,inspect_once,True,16,1,0.8099999999999999,0.04373674839735031,0.05569784715771675
91,90,medium,inspect_once,False,13,1,-0.41000000000000003,0.06214199960231781,0.059735920280218124
92,91,medium,inspect_once,True,16,1,0.8099999999999999,0.03200683370232582,0.030684499070048332
93,92,medium,inspect_once,True,11,1,0.86,0.03600713238120079,0.029527518898248672
94,93,medium,inspect_once,True,18,1,0.7899999999999999,0.057413868606090546,0.05793650448322296
95,94,medium,inspect_once,True,14,1,0.83,0.04047457128763199,0.03978239372372627
96,95,medium,inspect_once,True,18,1,0.7899999999999999,0.021001361310482025,0.02588396891951561
97,96,medium,inspect_once,True,17,1,0.7999999999999999,0.049522511661052704,0.05838949978351593
98,97,medium,inspect_once,False,13,1,-0.41000000000000003,0.07993527501821518,0.05640151724219322
99,98,medium,inspect_once,True,21,1,0.7599999999999999,0.01263392623513937,0.025811132043600082
100,99,medium,inspect_once,False,13,1,-0.41000000000000003,0.06223118677735329,0.05371091514825821
101,100,medium,inspect_once,True,17,1,0.7999999999999999,0.043570779263973236,0.03638572245836258
102,101,medium,inspect_once,True,17,1,0.7999999999999999,0.022872691974043846,0.019744014367461205
103,102,medium,inspect_once,True,11,1,0.86,0.039686236530542374,0.047231923788785934
104,103,medium,inspect_once,True,8,1,0.89,0.04752494394779205,0.03902575373649597
105,104,medium,inspect_once,True,18,1,0.7899999999999999,0.03154553100466728,0.032099124044179916
106,105,medium,inspect_once,True,19,1,0.7799999999999999,0.04603423923254013,0.05593815818428993
107,106,medium,inspect_once,True,16,1,0.8099999999999999,0.047823432832956314,0.054086919873952866
108,107,medium,inspect_once,True,14,1,0.83,0.03963877633213997,0.02169877476990223
109,108,medium,inspect_once,True,18,1,0.7899999999999999,0.016350116580724716,0.03296513110399246
110,109,medium,inspect_once,True,17,1,0.7999999999999999,0.02137393318116665,0.03170293942093849
111,110,medium,inspect_once,False,17,1,-0.45000000000000007,0.06249280646443367,0.04465147852897644
112,111,medium,inspect_once,True,7,1,0.9,0.028884317725896835,0.01008364837616682
113,112,medium,inspect_once,True,15,1,0.82,0.020072750747203827,0.03434346616268158
114,113,medium,inspect_once,True,6,1,0.91,0.016588877886533737,0.02376285195350647
115,114,medium,inspect_once,True,13,1,0.84,0.02919902838766575,0.047270406037569046
116,115,medium,inspect_once,True,16,1,0.8099999999999999,0.021447092294692993,0.010177752003073692
117,116,medium,inspect_once,True,15,1,0.82,0.035954657942056656,0.05419592186808586
118,117,medium,inspect_once,True,15,1,0.82,0.032357942312955856,0.02649245783686638
119,118,medium,inspect_once,True,21,1,0.7599999999999999,0.04587322473526001,0.04685443267226219
120,119,medium,inspect_once,True,20,1,0.7699999999999999,0.01324822474271059,0.01712252013385296
121,120,medium,inspect_once,True,15,1,0.82,0.017461668699979782,0.02818892151117325
122,121,medium,inspect_once,True,13,1,0.84,0.0070249163545668125,0.03028920479118824
123,122,medium,inspect_once,True,14,1,0.83,0.051195599138736725,0.03601415082812309
124,123,medium,inspect_once,True,12,1,0.85,0.03537661209702492,0.04995226114988327
125,124,medium,inspect_once,True,19,1,0.7799999999999999,0.002677393611520529,0.013432273641228676
126,125,medium,inspect_once,True,16,1,0.8099999999999999,0.05767571181058884,0.042512811720371246
127,126,medium,inspect_once,False,15,1,-0.43000000000000005,0.06301137059926987,0.04225946217775345
128,127,medium,inspect_once,True,6,1,0.91,0.03534523770213127,0.031103871762752533
129,128,medium,inspect_once,True,14,1,0.83,0.04077434912323952,0.053511105477809906
130,129,medium,inspect_once,True,9,1,0.88,0.03523043915629387,0.03838179260492325
131,130,medium,inspect_once,True,9,1,0.88,0.03712983429431915,0.03915691748261452
132,131,medium,inspect_once,True,16,1,0.8099999999999999,0.014920397661626339,0.020036445930600166
133,132,medium,inspect_once,True,14,1,0.83,0.037642475217580795,0.017124280333518982
134,133,medium,inspect_once,True,19,1,0.7799999999999999,0.011183423921465874,0.013651122339069843
135,134,medium,inspect_once,True,18,1,0.7899999999999999,0.033250730484724045,0.01765594631433487
136,135,medium,inspect_once,True,12,1,0.85,0.030760115012526512,0.02830546535551548
137,136,medium,inspect_once,True,5,1,0.9199999999999999,0.022389769554138184,0.030247433111071587
138,137,medium,inspect_once,True,15,1,0.82,0.04580099508166313,0.03125122934579849
139,138,medium,inspect_once,True,16,1,0.8099999999999999,0.055727116763591766,0.04976007342338562
140,139,medium,inspect_once,True,13,1,0.84,0.019090022891759872,0.03504493460059166
141,140,medium,inspect_once,False,15,1,-0.43000000000000005,0.06281903386116028,0.045596543699502945
142,141,medium,inspect_once,True,20,1,0.7699999999999999,0.037776924669742584,0.024670783430337906
143,142,medium,inspect_once,True,4,1,0.9299999999999999,0.04150307551026344,0.04004047065973282
144,143,medium,inspect_once,False,17,1,-0.45000000000000007,0.06199657544493675,0.047630563378334045
145,144,medium,inspect_once,True,14,1,0.83,0.012433365918695927,0.015015763230621815
146,145,medium,inspect_once,True,12,1,0.85,0.027851566672325134,0.022747529670596123
147,146,medium,inspect_once,True,15,1,0.82,0.038376335054636,0.043121978640556335
148,147,medium,inspect_once,True,20,1,0.7699999999999999,0.05377660319209099,0.052853189408779144
149,148,medium,inspect_once,False,14,1,-0.42000000000000004,0.06165914237499237,0.04955083131790161
150,149,medium,inspect_once,True,6,1,0.91,0.056365784257650375,0.039780259132385254
151,150,medium,inspect_once,True,15,1,0.82,0.0544494166970253,0.02308269403874874
152,151,medium,inspect_once,True,11,1,0.86,0.05359881371259689,0.036940913647413254
153,152,medium,inspect_once,True,7,1,0.9,0.05943391099572182,0.057243846356868744
154,153,medium,inspect_once,True,18,1,0.7899999999999999,0.029507514089345932,0.018428366631269455
155,154,medium,inspect_once,True,15,1,0.82,0.03892786428332329,0.034274715930223465
156,155,medium,inspect_once,False,14,1,-0.42000000000000004,0.09484082460403442,0.05999774485826492
157,156,medium,inspect_once,True,4,1,0.9299999999999999,0.05642285943031311,0.055842991918325424
158,157,medium,inspect_once,True,15,1,0.82,0.04466846585273743,0.03889903798699379
159,158,medium,inspect_once,False,20,1,-0.4800000000000001,0.061738502234220505,0.022172002121806145
160,159,medium,inspect_once,True,17,1,0.7999999999999999,0.01728234440088272,0.02893589437007904
161,160,medium,inspect_once,True,14,1,0.83,0.04357726126909256,0.011411677114665508
162,161,medium,inspect_once,False,14,1,-0.42000000000000004,0.07297501713037491,0.05279453098773956
163,162,medium,inspect_once,True,6,1,0.91,0.035913269966840744,0.04857679456472397
164,163,medium,inspect_once,True,14,1,0.83,0.019175494089722633,0.05394719913601875
165,164,medium,inspect_once,False,7,1,-0.35,0.0667547658085823,0.05182486027479172
166,165,medium,inspect_once,True,13,1,0.84,0.04240277037024498,0.04454503208398819
167,166,medium,inspect_once,True,13,1,0.84,0.028487907722592354,0.027910640463232994
168,167,medium,inspect_once,True,12,1,0.85,0.023354677483439445,0.019529439508914948
169,168,medium,inspect_once,True,7,1,0.9,0.002996767871081829,0.014827766455709934
170,169,medium,inspect_once,True,15,1,0.82,0.04837029054760933,0.05730569362640381
171,170,medium,inspect_once,True,20,1,0.7699999999999999,0.04156562685966492,0.055282387882471085
172,171,medium,inspect_once,True,13,1,0.84,0.047822628170251846,0.05320737510919571
173,172,medium,inspect_once,False,15,1,-0.43000000000000005,0.07161242514848709,0.057715293020009995
174,173,medium,inspect_once,False,9,1,-0.37,0.06825671344995499,0.05974092334508896
175,174,medium,inspect_once,True,20,1,0.7699999999999999,0.04142662137746811,0.01904638670384884
176,175,medium,inspect_once,True,14,1,0.83,0.022573620080947876,0.04256114736199379
177,176,medium,inspect_once,False,15,1,-0.43000000000000005,0.06484685093164444,0.03666380047798157
178,177,medium,inspect_once,True,11,1,0.86,0.025958949699997902,0.03340176120400429
179,178,medium,inspect_once,True,13,1,0.84,0.04136834293603897,0.04301172494888306
180,179,medium,inspect_once,True,21,1,0.7599999999999999,0.044718772172927856,0.02707604318857193
181,180,medium,inspect_once,True,15,1,0.82,0.038194455206394196,0.02600662223994732
182,181,medium,inspect_once,True,17,1,0.7999999999999999,0.013942803256213665,0.013795002363622189
183,182,medium,inspect_once,True,8,1,0.89,0.023897558450698853,0.023649912327528
184,183,medium,inspect_once,True,21,1,0.7599999999999999,0.04265446588397026,0.014737890101969242
185,184,medium,inspect_once,True,11,1,0.86,0.013025471940636635,0.04123292118310928
186,185,medium,inspect_once,True,11,1,0.86,0.025416221469640732,0.010547184385359287
187,186,medium,inspect_once,True,14,1,0.83,0.05960165709257126,0.056047674268484116
188,187,medium,inspect_once,True,9,1,0.88,0.02535618282854557,0.018309663981199265
189,188,medium,inspect_once,True,13,1,0.84,0.029501814395189285,0.025295475497841835
190,189,medium,inspect_once,True,10,1,0.87,0.01885213516652584,0.012989364564418793
191,190,medium,inspect_once,True,10,1,0.87,0.03631384298205376,0.018294213339686394
192,191,medium,inspect_once,True,20,1,0.7699999999999999,0.053082697093486786,0.049028415232896805
193,192,medium,inspect_once,True,16,1,0.8099999999999999,0.012371924705803394,0.02053377591073513
194,193,medium,inspect_once,True,11,1,0.86,0.020408058539032936,0.014182970859110355
195,194,medium,inspect_once,True,20,1,0.7699999999999999,0.027590768411755562,0.05454915761947632
196,195,medium,inspect_once,True,4,1,0.9299999999999999,0.032070353627204895,0.04356954246759415
197,196,medium,inspect_once,True,16,1,0.8099999999999999,0.051950983703136444,0.02944754809141159
198,197,medium,inspect_once,True,20,1,0.7699999999999999,0.026054373010993004,0.03218407183885574
199,198,medium,inspect_once,True,19,1,0.7799999999999999,0.022815879434347153,0.028401324525475502
200,199,medium,inspect_once,True,15,1,0.82,0.05566615238785744,0.04189433157444
201,200,medium,inspect_once,True,16,1,0.8099999999999999,0.020656829699873924,0.034284912049770355
202,201,medium,inspect_once,True,19,1,0.7799999999999999,0.011158362962305546,0.031362228095531464
203,202,medium,inspect_once,True,11,1,0.86,0.030365515500307083,0.021715650334954262
204,203,medium,inspect_once,True,15,1,0.82,0.038586024194955826,0.01698809117078781
205,204,medium,inspect_once,True,16,1,0.8099999999999999,0.05121132731437683,0.04078935831785202
206,205,medium,inspect_once,True,16,1,0.8099999999999999,0.017256412655115128,0.022681009024381638
207,206,medium,inspect_once,True,16,1,0.8099999999999999,0.028745103627443314,0.022773142904043198
208,207,medium,inspect_once,True,11,1,0.86,0.023241430521011353,0.01740587316453457
209,208,medium,inspect_once,True,19,1,0.7799999999999999,0.04085085913538933,0.02844126708805561
210,209,medium,inspect_once,False,11,1,-0.39,0.07368191331624985,0.04164847731590271
211,210,medium,inspect_once,True,17,1,0.7999999999999999,0.019513210281729698,0.02054852992296219
212,211,medium,inspect_once,True,11,1,0.86,0.039248693734407425,0.020469915121793747
213,212,medium,inspect_once,True,12,1,0.85,0.021359866484999657,0.032162297517061234
214,213,medium,inspect_once,True,16,1,0.8099999999999999,0.04677967354655266,0.024103248491883278
215,214,medium,inspect_once,True,9,1,0.88,0.018088629469275475,0.020963633432984352
216,215,medium,inspect_once,True,15,1,0.82,0.05025406926870346,0.023548420518636703
217,216,medium,inspect_once,True,19,1,0.7799999999999999,0.04801682382822037,0.03551070764660835
218,217,medium,inspect_once,True,19,1,0.7799999999999999,0.012453032657504082,0.028663791716098785
219,218,medium,inspect_once,True,19,1,0.7799999999999999,0.023144273087382317,0.024503566324710846
220,219,medium,inspect_once,True,13,1,0.84,0.039940401911735535,0.020688967779278755
221,220,medium,inspect_once,True,16,1,0.8099999999999999,0.005549224093556404,0.023565586656332016
222,221,medium,inspect_once,True,10,1,0.87,0.03706246614456177,0.04923681542277336
223,222,medium,inspect_once,True,14,1,0.83,0.027412516996264458,0.02287881448864937
224,223,medium,inspect_once,True,17,1,0.7999999999999999,0.0019160608062520623,0.014603291638195515
225,224,medium,inspect_once,True,11,1,0.86,0.03550736606121063,0.04131738096475601
226,225,medium,inspect_once,True,13,1,0.84,0.03969866782426834,0.04103328287601471
227,226,medium,inspect_once,True,17,1,0.7999999999999999,0.031034180894494057,0.014382952824234962
228,227,medium,inspect_once,False,12,1,-0.4,0.06501420587301254,0.051328737288713455
229,228,medium,inspect_once,True,15,1,0.82,0.020559534430503845,0.0112988306209445
230,229,medium,inspect_once,True,21,1,0.7599999999999999,0.01713619939982891,0.035250164568424225
231,230,medium,inspect_once,False,9,1,-0.37,0.06512509286403656,0.05246025323867798
232,231,medium,inspect_once,True,17,1,0.7999999999999999,0.039109423756599426,0.02563086710870266
233,232,medium,inspect_once,True,15,1,0.82,0.046819012612104416,0.023636508733034134
234,233,medium,inspect_once,True,11,1,0.86,0.0216913353651762,0.03327811881899834
235,234,medium,inspect_once,True,16,1,0.8099999999999999,0.011553333140909672,0.012181751430034637
236,235,medium,inspect_once,False,9,1,-0.37,0.06542940437793732,0.05839386209845543
237,236,medium,inspect_once,True,15,1,0.82,0.03901137784123421,0.022895636036992073
238,237,medium,inspect_once,True,10,1,0.87,0.017390379682183266,0.01621336303651333
239,238,medium,inspect_once,True,16,1,0.8099999999999999,0.03560509905219078,0.01354893110692501
240,239,medium,inspect_once,True,6,1,0.91,0.028397783637046814,0.027715101838111877
241,240,medium,inspect_once,True,12,1,0.85,0.017894798889756203,0.011144932359457016
242,241,medium,inspect_once,False,8,1,-0.36,0.061874404549598694,0.05567348003387451
243,242,medium,inspect_once,True,15,1,0.82,0.036178357899188995,0.017418112605810165
244,243,medium,inspect_once,True,17,1,0.7999999999999999,0.015511961653828621,0.04028972238302231
245,244,medium,inspect_once,True,9,1,0.88,0.03284259885549545,0.04043896123766899
246,245,medium,inspect_once,True,11,1,0.86,0.05919577181339264,0.0417090468108654
247,246,medium,inspect_once,True,8,1,0.89,0.05550926551222801,0.04695482552051544
248,247,medium,inspect_once,True,18,1,0.7899999999999999,0.013945101760327816,0.03044557385146618
249,248,medium,inspect_once,True,17,1,0.7999999999999999,0.011483811773359776,0.022628191858530045
250,249,medium,inspect_once,True,22,1,0.7499999999999999,0.030506165698170662,0.036799293011426926
251,250,medium,inspect_once,True,12,1,0.85,0.04406750947237015,0.05858821049332619
252,251,medium,inspect_once,True,17,1,0.7999999999999999,0.05143457278609276,0.057831112295389175
253,252,medium,inspect_once,True,14,1,0.83,0.014639092609286308,0.011087491177022457
254,253,medium,inspect_once,True,12,1,0.85,0.04565482214093208,0.02783881686627865
255,254,medium,inspect_once,True,12,1,0.85,0.051164932548999786,0.029721103608608246
256,255,medium,inspect_once,True,16,1,0.8099999999999999,0.02612990140914917,0.04007584974169731
257,256,medium,inspect_once,False,19,1,-0.4700000000000001,0.07511633634567261,0.056527990847826004
258,257,medium,inspect_once,True,19,1,0.7799999999999999,0.024192767217755318,0.02700076624751091
259,258,medium,inspect_once,True,16,1,0.8099999999999999,0.02797023206949234,0.024115556851029396
260,259,medium,inspect_once,True,14,1,0.83,0.03400920331478119,0.012197207659482956
261,260,medium,inspect_once,True,19,1,0.7799999999999999,0.034431640058755875,0.03359393775463104
262,261,medium,inspect_once,True,12,1,0.85,0.033983271569013596,0.03627391159534454
263,262,medium,inspect_once,True,17,1,0.7999999999999999,0.03897148370742798,0.043510183691978455
264,263,medium,inspect_once,True,8,1,0.89,0.015527501702308655,0.02194317616522312
265,264,medium,inspect_once,True,11,1,0.86,0.04676017910242081,0.05259775370359421
266,265,medium,inspect_once,True,7,1,0.9,0.04351202771067619,0.05946686863899231
267,266,medium,inspect_once,False,9,1,-0.37,0.06999656558036804,0.055334191769361496
268,267,medium,inspect_once,True,12,1,0.85,0.05660175532102585,0.05983969196677208
269,268,medium,inspect_once,True,18,1,0.7899999999999999,0.03617378696799278,0.04038417339324951
270,269,medium,inspect_once,True,11,1,0.86,0.009569077752530575,0.0426144152879715
271,270,medium,inspect_once,False,15,1,-0.43000000000000005,0.06401178985834122,0.054619528353214264
272,271,medium,inspect_once,True,19,1,0.7799999999999999,0.028646498918533325,0.020163729786872864
273,272,medium,inspect_once,True,11,1,0.86,0.018305864185094833,0.01037161611020565
274,273,medium,inspect_once,True,14,1,0.83,0.051421526819467545,0.0470937117934227
275,274,medium,inspect_once,True,17,1,0.7999999999999999,0.01354263350367546,0.01746232435107231
276,275,medium,inspect_once,True,20,1,0.7699999999999999,0.02637324295938015,0.022725190967321396
277,276,medium,inspect_once,True,14,1,0.83,0.03327218070626259,0.02848757803440094
278,277,medium,inspect_once,False,10,1,-0.38,0.06689800322055817,0.04234636202454567
279,278,medium,inspect_once,True,12,1,0.85,0.05858219414949417,0.05882082134485245
280,279,medium,inspect_once,True,14,1,0.83,0.0542634092271328,0.03418751433491707
281,280,medium,inspect_once,True,20,1,0.7699999999999999,0.03444402664899826,0.024728640913963318
282,281,medium,inspect_once,True,17,1,0.7999999999999999,0.026455970481038094,0.04247216880321503
283,282,medium,inspect_once,False,11,1,-0.39,0.0672290027141571,0.048013873398303986
284,283,medium,inspect_once,True,14,1,0.83,0.034359078854322433,0.03547971323132515
285,284,medium,inspect_once,True,12,1,0.85,0.0049247643910348415,0.01615171693265438
286,285,medium,inspect_once,True,6,1,0.91,0.0341450460255146,0.02509128488600254
287,286,medium,inspect_once,True,16,1,0.8099999999999999,0.023308640345931053,0.013934400863945484
288,287,medium,inspect_once,True,19,1,0.7799999999999999,0.00904021505266428,0.014226253144443035
289,288,medium,inspect_once,True,15,1,0.82,0.019689777866005898,0.020896069705486298
290,289,medium,inspect_once,True,14,1,0.83,0.05373843386769295,0.05160253122448921
291,290,medium,inspect_once,True,9,1,0.88,0.026294412091374397,0.03926365077495575
292,291,medium,inspect_once,True,10,1,0.87,0.03128425404429436,0.03919769451022148
293,292,medium,inspect_once,True,17,1,0.7999999999999999,0.03453342244029045,0.03449472784996033
294,293,medium,inspect_once,True,18,1,0.7899999999999999,0.03395349159836769,0.026555465534329414
295,294,medium,inspect_once,True,15,1,0.82,0.024770917370915413,0.01166354026645422
296,295,medium,inspect_once,True,5,1,0.9199999999999999,0.03147963434457779,0.03633029758930206
297,296,medium,inspect_once,True,14,1,0.83,0.05097532272338867,0.05476576089859009
298,297,medium,inspect_once,True,7,1,0.9,0.014833892695605755,0.016946960240602493
299,298,medium,inspect_once,True,14,1,0.83,0.04000280424952507,0.03611966595053673
300,299,medium,inspect_once,True,14,1,0.83,0.03378697857260704,0.031910207122564316
301,300,medium,inspect_once,True,15,1,0.82,0.03269844874739647,0.024118615314364433
302,301,medium,inspect_once,True,9,1,0.88,0.03845948725938797,0.017818370833992958
303,302,medium,inspect_once,True,17,1,0.7999999999999999,0.051749054342508316,0.05995924025774002
304,303,medium,inspect_once,True,10,1,0.87,0.020724257454276085,0.012476838193833828
305,304,medium,inspect_once,False,17,1,-0.45000000000000007,0.06112650781869888,0.05049663037061691
306,305,medium,inspect_once,False,16,1,-0.44000000000000006,0.07046440988779068,0.058149781078100204
307,306,medium,inspect_once,True,7,1,0.9,0.043548569083213806,0.02049250900745392
308,307,medium,inspect_once,False,15,1,-0.43000000000000005,0.06774849444627762,0.04352365806698799
309,308,medium,inspect_once,True,15,1,0.82,0.03622959554195404,0.04204748943448067
310,309,medium,inspect_once,False,5,1,-0.33,0.08412515372037888,0.05064453184604645
311,310,medium,inspect_once,True,18,1,0.7899999999999999,0.030843539163470268,0.04395084083080292
312,311,medium,inspect_once,True,11,1,0.86,0.02081964910030365,0.010375852696597576
313,312,medium,inspect_once,True,12,1,0.85,0.0302441343665123,0.023698199540376663
314,313,medium,inspect_once,False,13,1,-0.41000000000000003,0.07042095065116882,0.034210823476314545
315,314,medium,inspect_once,True,19,1,0.7799999999999999,0.03639059513807297,0.03979336470365524
316,315,medium,inspect_once,True,20,1,0.7699999999999999,0.012932063080370426,0.02106916718184948
317,316,medium,inspect_once,True,17,1,0.7999999999999999,0.004177394788712263,0.02212350070476532
318,317,medium,inspect_once,True,16,1,0.8099999999999999,0.03583222255110741,0.04252943396568298
319,318,medium,inspect_once,True,20,1,0.7699999999999999,0.02844715490937233,0.05579783022403717
320,319,medium,inspect_once,True,15,1,0.82,0.043832119554281235,0.05619489774107933
321,320,medium,inspect_once,True,18,1,0.7899999999999999,0.024947883561253548,0.02930152788758278
322,321,medium,inspect_once,True,18,1,0.7899999999999999,0.05547100305557251,0.04993652552366257
323,322,medium,inspect_once,False,10,1,-0.38,0.06662935763597488,0.03625539317727089
324,323,medium,inspect_once,True,15,1,0.82,0.03435027226805687,0.027927609160542488
325,324,medium,inspect_once,True,12,1,0.85,0.03812625631690025,0.04265673831105232
326,325,medium,inspect_once,True,11,1,0.86,0.04928717389702797,0.032491374760866165
327,326,medium,inspect_once,True,10,1,0.87,0.028775477781891823,0.01944717951118946
328,327,medium,inspect_once,True,12,1,0.85,0.04014298692345619,0.03683703392744064
329,328,medium,inspect_once,True,17,1,0.7999999999999999,0.01938367262482643,0.03490716964006424
330,329,medium,inspect_once,False,7,1,-0.35,0.07165554910898209,0.0471612848341465
331,330,medium,inspect_once,True,22,1,0.7499999999999999,0.015286721289157867,0.030582407489418983
332,331,medium,inspect_once,True,9,1,0.88,0.059553906321525574,0.03648581728339195
333,332,medium,inspect_once,True,13,1,0.84,0.05144558474421501,0.03907526656985283
334,333,medium,inspect_once,True,20,1,0.7699999999999999,0.03824368119239807,0.04631460830569267
335,334,medium,inspect_once,True,11,1,0.86,0.041550785303115845,0.021181317046284676
336,335,medium,inspect_once,True,11,1,0.86,0.030586719512939453,0.015571479685604572
337,336,medium,inspect_once,False,16,1,-0.44000000000000006,0.06453286111354828,0.05157771706581116
338,337,medium,inspect_once,True,7,1,0.9,0.033290863037109375,0.031246021389961243
339,338,medium,inspect_once,False,19,1,-0.4700000000000001,0.07211402803659439,0.05873539298772812
340,339,medium,inspect_once,True,16,1,0.8099999999999999,0.03475233539938927,0.028069613501429558
341,340,medium,inspect_once,False,16,1,-0.44000000000000006,0.07067959755659103,0.050507064908742905
342,341,medium,inspect_once,True,14,1,0.83,0.02092764899134636,0.0405440628528595
343,342,medium,inspect_once,False,13,1,-0.41000000000000003,0.06287549436092377,0.04312816634774208
344,343,medium,inspect_once,False,13,1,-0.41000000000000003,0.06057344004511833,0.046933967620134354
345,344,medium,inspect_once,True,14,1,0.83,0.039270076900720596,0.04044150561094284
346,345,medium,inspect_once,True,13,1,0.84,0.05371825024485588,0.04144621267914772
347,346,medium,inspect_once,True,12,1,0.85,0.029870085418224335,0.036547787487506866
348,347,medium,inspect_once,True,12,1,0.85,0.03442424535751343,0.022542819380760193
349,348,medium,inspect_once,True,12,1,0.85,0.04810858145356178,0.03126512095332146
350,349,medium,inspect_once,True,12,1,0.85,0.042942024767398834,0.04335641860961914
351,350,medium,inspect_once,True,17,1,0.7999999999999999,0.01848123036324978,0.04330090433359146
352,351,medium,inspect_once,True,14,1,0.83,0.046808041632175446,0.026382604613900185
353,352,medium,inspect_once,False,11,1,-0.39,0.06444995105266571,0.0506991371512413
354,353,medium,inspect_once,False,13,1,-0.41000000000000003,0.06132998317480087,0.031125592067837715
355,354,medium,inspect_once,False,11,1,-0.39,0.06256145983934402,0.04149622470140457
356,355,medium,inspect_once,True,13,1,0.84,0.018037019297480583,0.032408457249403
357,356,medium,inspect_once,False,9,1,-0.37,0.06025347113609314,0.05066245421767235
358,357,medium,inspect_once,True,8,1,0.89,0.058510541915893555,0.05779461935162544
359,358,medium,inspect_once,True,14,1,0.83,0.04130901023745537,0.039482735097408295
360,359,medium,inspect_once,False,13,1,-0.41000000000000003,0.06397147476673126,0.055257126688957214
361,360,medium,inspect_once,False,20,1,-0.4800000000000001,0.06768045574426651,0.05268632993102074
362,361,medium,inspect_once,True,11,1,0.86,0.05378880351781845,0.019810594618320465
363,362,medium,inspect_once,True,11,1,0.86,0.03874468803405762,0.04252497851848602
364,363,medium,inspect_once,True,21,1,0.7599999999999999,0.04055914282798767,0.027533477172255516
365,364,medium,inspect_once,True,12,1,0.85,0.03985600918531418,0.05183878540992737
366,365,medium,inspect_once,True,18,1,0.7899999999999999,0.025814851745963097,0.013068127445876598
367,366,medium,inspect_once,True,11,1,0.86,0.05580976977944374,0.05854572728276253
368,367,medium,inspect_once,True,17,1,0.7999999999999999,0.03616999462246895,0.03382820263504982
369,368,medium,inspect_once,True,12,1,0.85,0.042825039476156235,0.03614705428481102
370,369,medium,inspect_once,True,15,1,0.82,0.03562561050057411,0.040421970188617706
371,370,medium,inspect_once,True,19,1,0.7799999999999999,0.03907150775194168,0.02493865229189396
372,371,medium,inspect_once,True,16,1,0.8099999999999999,0.029470164328813553,0.033031150698661804
373,372,medium,inspect_once,True,16,1,0.8099999999999999,0.03838110342621803,0.059561438858509064
374,373,medium,inspect_once,False,17,1,-0.45000000000000007,0.07681380957365036,0.04739901423454285
375,374,medium,inspect_once,True,11,1,0.86,0.02264144830405712,0.028502248227596283
376,375,medium,inspect_once,True,21,1,0.7599999999999999,0.03471443057060242,0.03502505272626877
377,376,medium,inspect_once,True,15,1,0.82,0.020263168960809708,0.018564503639936447
378,377,medium,inspect_once,True,9,1,0.88,0.057566285133361816,0.04206962510943413
379,378,medium,inspect_once,True,11,1,0.86,0.02669091895222664,0.03604736551642418
380,379,medium,inspect_once,False,14,1,-0.42000000000000004,0.06218821182847023,0.04076995328068733
381,380,medium,inspect_once,False,5,1,-0.33,0.06352002918720245,0.0511506162583828
382,381,medium,inspect_once,True,21,1,0.7599999999999999,0.009787019342184067,0.0140512241050601
383,382,medium,inspect_once,True,11,1,0.86,0.030552541837096214,0.0344945564866066
384,383,medium,inspect_once,True,14,1,0.83,0.03037962317466736,0.027219614014029503
385,384,medium,inspect_once,False,17,1,-0.45000000000000007,0.06133321300148964,0.04946941137313843
386,385,medium,inspect_once,True,12,1,0.85,0.036049313843250275,0.023640790954232216
387,386,medium,inspect_once,True,9,1,0.88,0.026821821928024292,0.02930188551545143
388,387,medium,inspect_once,True,10,1,0.87,0.03355548903346062,0.04252403602004051
389,388,medium,inspect_once,True,15,1,0.82,0.027264676988124847,0.014431818388402462
390,389,medium,inspect_once,True,10,1,0.87,0.029251262545585632,0.043614353984594345
391,390,medium,inspect_once,True,18,1,0.7899999999999999,0.05503233149647713,0.04218817502260208
392,391,medium,inspect_once,True,15,1,0.82,0.05766958370804787,0.04682021960616112
393,392,medium,inspect_once,True,10,1,0.87,0.014039845205843449,0.03543585538864136
394,393,medium,inspect_once,True,9,1,0.88,0.05257812887430191,0.03316766768693924
395,394,medium,inspect_once,True,14,1,0.83,0.014332547783851624,0.03741446137428284
396,395,medium,inspect_once,True,12,1,0.85,0.018343301489949226,0.021779639646410942
397,396,medium,inspect_once,True,9,1,0.88,0.025023994967341423,0.028983451426029205
398,397,medium,inspect_once,True,16,1,0.8099999999999999,0.007819734513759613,0.01615401916205883
399,398,medium,inspect_once,True,16,1,0.8099999999999999,0.022383561357855797,0.014210358262062073
400,399,medium,inspect_once,True,17,1,0.7999999999999999,0.03525135666131973,0.01846769079566002
401,400,medium,inspect_once,False,11,1,-0.39,0.06602850556373596,0.05225703492760658
402,401,medium,inspect_once,False,13,1,-0.41000000000000003,0.07527360320091248,0.055037062615156174
403,402,medium,inspect_once,True,15,1,0.82,0.059075891971588135,0.04703659191727638
404,403,medium,inspect_once,True,16,1,0.8099999999999999,0.029129071161150932,0.042086679488420486
405,404,medium,inspect_once,True,10,1,0.87,0.050803449004888535,0.052992209792137146
406,405,medium,inspect_once,True,15,1,0.82,0.05004804953932762,0.01999552547931671
407,406,medium,inspect_once,True,4,1,0.9299999999999999,0.05184410512447357,0.05237944424152374
408,407,medium,inspect_once,True,7,1,0.9,0.03257476165890694,0.0364689864218235
409,408,medium,inspect_once,True,12,1,0.85,0.020612381398677826,0.023798836395144463
410,409,medium,inspect_once,True,9,1,0.88,0.05278768762946129,0.04982595518231392
411,410,medium,inspect_once,False,16,1,-0.44000000000000006,0.06333314627408981,0.04938173294067383
412,411,medium,inspect_once,True,15,1,0.82,0.04305101931095123,0.05650361627340317
413,412,medium,inspect_once,True,15,1,0.82,0.023195959627628326,0.015137036330997944
414,413,medium,inspect_once,True,10,1,0.87,0.029184117913246155,0.017588520422577858
415,414,medium,inspect_once,True,13,1,0.84,0.015606319531798363,0.04273691028356552
416,415,medium,inspect_once,False,17,1,-0.45000000000000007,0.0643063485622406,0.041145339608192444
417,416,medium,inspect_once,True,9,1,0.88,0.04529721662402153,0.047705840319395065
418,417,medium,inspect_once,True,17,1,0.7999999999999999,0.05766783282160759,0.04915205016732216
419,418,medium,inspect_once,True,17,1,0.7999999999999999,0.04163924977183342,0.03716577589511871
420,419,medium,inspect_once,True,20,1,0.7699999999999999,0.04645943641662598,0.05956166237592697
421,420,medium,inspect_once,True,20,1,0.7699999999999999,0.027093442156910896,0.030570385977625847
422,421,medium,inspect_once,True,7,1,0.9,0.01724134013056755,0.015782639384269714
423,422,medium,inspect_once,True,16,1,0.8099999999999999,0.02175990119576454,0.02640201337635517
424,423,medium,inspect_once,True,14,1,0.83,0.03923703357577324,0.05806800350546837
425,424,medium,inspect_once,True,14,1,0.83,0.018055276945233345,0.01706811599433422
426,425,medium,inspect_once,True,5,1,0.9199999999999999,0.059157345443964005,0.05754224583506584
427,426,medium,inspect_once,True,10,1,0.87,0.0582612119615078,0.05980480834841728
428,427,medium,inspect_once,True,18,1,0.7899999999999999,0.048281848430633545,0.018458973616361618
429,428,medium,inspect_once,False,14,1,-0.42000000000000004,0.08352011442184448,0.0590328723192215
430,429,medium,inspect_once,True,10,1,0.87,0.04534570872783661,0.05931108444929123
431,430,medium,inspect_once,True,17,1,0.7999999999999999,0.04450411722064018,0.023458287119865417
432,431,medium,inspect_once,True,14,1,0.83,0.045410558581352234,0.036224305629730225
433,432,medium,inspect_once,True,15,1,0.82,0.0397954098880291,0.034270159900188446
434,433,medium,inspect_once,False,12,1,-0.4,0.06250666081905365,0.05214937776327133
435,434,medium,inspect_once,True,13,1,0.84,0.01204579509794712,0.026803525164723396
436,435,medium,inspect_once,True,15,1,0.82,0.023220501840114594,0.0232968982309103
437,436,medium,inspect_once,False,9,1,-0.37,0.06901828199625015,0.05191275104880333
438,437,medium,inspect_once,True,14,1,0.83,0.05548127368092537,0.0583561472594738
439,438,medium,inspect_once,True,18,1,0.7899999999999999,0.042402420192956924,0.056215427815914154
440,439,medium,inspect_once,True,18,1,0.7899999999999999,0.05720100551843643,0.032575573772192
441,440,medium,inspect_once,True,16,1,0.8099999999999999,0.04525259882211685,0.03356970474123955
442,441,medium,inspect_once,True,11,1,0.86,0.029954146593809128,0.028537951409816742
443,442,medium,inspect_once,True,16,1,0.8099999999999999,0.003601162461563945,0.02522624097764492
444,443,medium,inspect_once,True,9,1,0.88,0.02268848940730095,0.04378250986337662
445,444,medium,inspect_once,True,14,1,0.83,0.041064221411943436,0.0509892962872982
446,445,medium,inspect_once,True,10,1,0.87,0.029139267280697823,0.0367208756506443
447,446,medium,inspect_once,True,17,1,0.7999999999999999,0.05428210645914078,0.05166032165288925
448,447,medium,inspect_once,True,16,1,0.8099999999999999,0.02337006665766239,0.01658536307513714
449,448,medium,inspect_once,True,4,1,0.9299999999999999,0.048720069229602814,0.045405469834804535
450,449,medium,inspect_once,True,15,1,0.82,0.043083760887384415,0.03635960817337036
451,450,medium,inspect_once,True,10,1,0.87,0.005555605981498957,0.023152757436037064
452,451,medium,inspect_once,True,9,1,0.88,0.02881670370697975,0.0177315603941679
453,452,medium,inspect_once,False,15,1,-0.43000000000000005,0.07635143399238586,0.05897872895002365
454,453,medium,inspect_once,True,10,1,0.87,0.02050364390015602,0.01680828630924225
455,454,medium,inspect_once,False,9,1,-0.37,0.06687047332525253,0.05432458966970444
456,455,medium,inspect_once,True,18,1,0.7899999999999999,0.020115310326218605,0.021023953333497047
457,456,medium,inspect_once,False,11,1,-0.39,0.0787864550948143,0.04536069184541702
458,457,medium,inspect_once,False,15,1,-0.43000000000000005,0.06481017917394638,0.04862366244196892
459,458,medium,inspect_once,True,13,1,0.84,0.011734054423868656,0.03308156505227089
460,459,medium,inspect_once,True,16,1,0.8099999999999999,0.0341036394238472,0.032671909779310226
461,460,medium,inspect_once,True,14,1,0.83,0.04004916921257973,0.038566894829273224
462,461,medium,inspect_once,True,16,1,0.8099999999999999,0.04777053743600845,0.043887171894311905
463,462,medium,inspect_once,True,16,1,0.8099999999999999,0.05607542768120766,0.05692298337817192
464,463,medium,inspect_once,True,16,1,0.8099999999999999,0.03306152671575546,0.04113587364554405
465,464,medium,inspect_once,True,13,1,0.84,0.029663151130080223,0.046578869223594666
466,465,medium,inspect_once,True,15,1,0.82,0.04537711292505264,0.030751574784517288
467,466,medium,inspect_once,True,8,1,0.89,0.023089641705155373,0.04669911786913872
468,467,medium,inspect_once,True,14,1,0.83,0.04660775139927864,0.04955596849322319
469,468,medium,inspect_once,True,20,1,0.7699999999999999,0.01585933193564415,0.022266840562224388
470,469,medium,inspect_once,True,18,1,0.7899999999999999,0.035443536937236786,0.04733073338866234
471,470,medium,inspect_once,True,10,1,0.87,0.012624169699847698,0.03630903363227844
472,471,medium,inspect_once,True,8,1,0.89,0.03563472256064415,0.039008911699056625
473,472,medium,inspect_once,True,13,1,0.84,0.028372537344694138,0.024626189842820168
474,473,medium,inspect_once,True,15,1,0.82,0.03142852336168289,0.026592353358864784
475,474,medium,inspect_once,True,15,1,0.82,0.04086720943450928,0.01883070170879364
476,475,medium,inspect_once,True,12,1,0.85,0.027498645707964897,0.043811775743961334
477,476,medium,inspect_once,False,8,1,-0.36,0.06434360891580582,0.05265086144208908
478,477,medium,inspect_once,True,18,1,0.7899999999999999,0.030669793486595154,0.019624516367912292
479,478,medium,inspect_once,False,10,1,-0.38,0.06268659979104996,0.03662269562482834
480,479,medium,inspect_once,True,12,1,0.85,0.011823272332549095,0.018882712349295616
481,480,medium,inspect_once,True,17,1,0.7999999999999999,0.016146209090948105,0.02467242442071438
482,481,medium,inspect_once,True,18,1,0.7899999999999999,0.03916839882731438,0.04492403194308281
483,482,medium,inspect_once,True,13,1,0.84,0.04444761201739311,0.03809616342186928
484,483,medium,inspect_once,True,7,1,0.9,0.050739746540784836,0.02472221478819847
485,484,medium,inspect_once,True,15,1,0.82,0.05227559059858322,0.04913818836212158
486,485,medium,inspect_once,True,12,1,0.85,0.03418964520096779,0.04107089340686798
487,486,medium,inspect_once,True,21,1,0.7599999999999999,0.01283362228423357,0.0204868633300066
488,487,medium,inspect_once,True,11,1,0.86,0.036601971834897995,0.012018213048577309
489,488,medium,inspect_once,True,3,1,0.94,0.03895702213048935,0.01873989775776863
490,489,medium,inspect_once,True,17,1,0.7999999999999999,0.04775649681687355,0.0525527261197567
491,490,medium,inspect_once,True,9,1,0.88,0.025480566546320915,0.03966047987341881
492,491,medium,inspect_once,True,20,1,0.7699999999999999,0.02985546551644802,0.013221205212175846
493,492,medium,inspect_once,True,17,1,0.7999999999999999,0.03422633931040764,0.012051313184201717
494,493,medium,inspect_once,False,18,1,-0.4600000000000001,0.07512738555669785,0.038917358964681625
495,494,medium,inspect_once,True,20,1,0.7699999999999999,0.014322926290333271,0.027323713526129723
496,495,medium,inspect_once,True,17,1,0.7999999999999999,0.05137430876493454,0.0418139211833477
497,496,medium,inspect_once,True,16,1,0.8099999999999999,0.05532918870449066,0.039028774946928024
498,497,medium,inspect_once,True,14,1,0.83,0.024165233597159386,0.013453066349029541
499,498,medium,inspect_once,True,20,1,0.7699999999999999,0.02343698777258396,0.04082968831062317
500,499,medium,inspect_once,False,17,1,-0.45000000000000007,0.07006696611642838,0.04395625367760658
501,500,medium,inspect_once,True,17,1,0.7999999999999999,0.05080553889274597,0.03713684901595116
502,501,medium,inspect_once,True,20,1,0.7699999999999999,0.0028607239946722984,0.012500598095357418
503,502,medium,inspect_once,True,8,1,0.89,0.04777207598090172,0.01532510295510292
504,503,medium,inspect_once,True,9,1,0.88,0.055265411734580994,0.05143757164478302
505,504,medium,inspect_once,True,3,1,0.94,0.0391869880259037,0.046107254922389984
506,505,medium,inspect_once,True,18,1,0.7899999999999999,0.04293304309248924,0.03826989233493805
507,506,medium,inspect_once,True,10,1,0.87,0.014370644465088844,0.022511083632707596
508,507,medium,inspect_once,True,8,1,0.89,0.02960255928337574,0.038285672664642334
509,508,medium,inspect_once,True,15,1,0.82,0.025074439123272896,0.036246512085199356
510,509,medium,inspect_once,False,16,1,-0.44000000000000006,0.07839556038379669,0.05911745876073837
511,510,medium,inspect_once,True,13,1,0.84,0.029195178300142288,0.02980945259332657
512,511,medium,inspect_once,True,17,1,0.7999999999999999,0.04985729604959488,0.030624259263277054
513,512,medium,inspect_once,True,16,1,0.8099999999999999,0.04236679524183273,0.033694133162498474
514,513,medium,inspect_once,True,9,1,0.88,0.048676345497369766,0.05622132122516632
515,514,medium,inspect_once,False,17,1,-0.45000000000000007,0.06333839893341064,0.031004581600427628
516,515,medium,inspect_once,True,12,1,0.85,0.03652536869049072,0.039752017706632614
517,516,medium,inspect_once,True,12,1,0.85,0.02306940220296383,0.011084937490522861
518,517,medium,inspect_once,True,15,1,0.82,0.03576493263244629,0.010027898475527763
519,518,medium,inspect_once,True,16,1,0.8099999999999999,0.027745891362428665,0.02361762337386608
520,519,medium,inspect_once,True,5,1,0.9199999999999999,0.0255690049380064,0.01551094464957714
521,520,medium,inspect_once,False,9,1,-0.37,0.06262701004743576,0.05693553760647774
522,521,medium,inspect_once,True,14,1,0.83,0.04982652887701988,0.03126971796154976
523,522,medium,inspect_once,True,12,1,0.85,0.05418025329709053,0.028226783499121666
524,523,medium,inspect_once,True,17,1,0.7999999999999999,0.006840671878308058,0.014578905887901783
525,524,medium,inspect_once,True,10,1,0.87,0.02383187972009182,0.028963027521967888
526,525,medium,inspect_once,True,13,1,0.84,0.024854052811861038,0.01878076232969761
527,526,medium,inspect_once,True,7,1,0.9,0.04927772656083107,0.030691953375935555
528,527,medium,inspect_once,True,13,1,0.84,0.009492014534771442,0.021376200020313263
529,528,medium,inspect_once,False,15,1,-0.43000000000000005,0.06108957156538963,0.029362309724092484
530,529,medium,inspect_once,True,8,1,0.89,0.04494824260473251,0.052245303988456726
531,530,medium,inspect_once,False,11,1,-0.39,0.0624249167740345,0.03075026534497738
532,531,medium,inspect_once,True,20,1,0.7699999999999999,0.04757046699523926,0.03683631122112274
533,532,medium,inspect_once,True,5,1,0.9199999999999999,0.05093006417155266,0.055757928639650345
534,533,medium,inspect_once,False,14,1,-0.42000000000000004,0.06584925204515457,0.05801723897457123
535,534,medium,inspect_once,True,17,1,0.7999999999999999,0.03879706189036369,0.0392017737030983
536,535,medium,inspect_once,False,16,1,-0.44000000000000006,0.07751025259494781,0.05813286453485489
537,536,medium,inspect_once,True,6,1,0.91,0.0287003256380558,0.04289734363555908
538,537,medium,inspect_once,True,16,1,0.8099999999999999,0.020401597023010254,0.03779503330588341
539,538,medium,inspect_once,False,17,1,-0.45000000000000007,0.08576934784650803,0.05780927464365959
540,539,medium,inspect_once,True,9,1,0.88,0.016548145562410355,0.014608561061322689
541,540,medium,inspect_once,True,8,1,0.89,0.05537216365337372,0.044410720467567444
542,541,medium,inspect_once,True,14,1,0.83,0.048314306885004044,0.028110135346651077
543,542,medium,inspect_once,True,21,1,0.7599999999999999,0.04989368095993996,0.04560994356870651
544,543,medium,inspect_once,True,14,1,0.83,0.040856197476387024,0.024391992017626762
545,544,medium,inspect_once,False,15,1,-0.43000000000000005,0.07343124598264694,0.04089026898145676
546,545,medium,inspect_once,True,14,1,0.83,0.05121955648064613,0.03666636347770691
547,546,medium,inspect_once,True,16,1,0.8099999999999999,0.0205659382045269,0.01709742099046707
548,547,medium,inspect_once,True,11,1,0.86,0.03409263864159584,0.027637910097837448
549,548,medium,inspect_once,True,12,1,0.85,0.008043995127081871,0.017225269228219986
550,549,medium,inspect_once,True,10,1,0.87,0.05761892348527908,0.041270527988672256
551,550,medium,inspect_once,True,16,1,0.8099999999999999,0.04395952448248863,0.022021114826202393
552,551,medium,inspect_once,True,16,1,0.8099999999999999,0.05228688567876816,0.050459425896406174
553,552,medium,inspect_once,True,7,1,0.9,0.017060108482837677,0.01623713970184326
554,553,medium,inspect_once,True,17,1,0.7999999999999999,0.02932392619550228,0.0163789764046669
555,554,medium,inspect_once,True,18,1,0.7899999999999999,0.02380102500319481,0.02921873889863491
556,555,medium,inspect_once,False,5,1,-0.33,0.06012488901615143,0.0321805439889431
557,556,medium,inspect_once,True,13,1,0.84,0.031234068796038628,0.0346149243414402
558,557,medium,inspect_once,True,15,1,0.82,0.05269438400864601,0.02578429877758026
559,558,medium,inspect_once,True,12,1,0.85,0.03297336772084236,0.022775981575250626
560,559,medium,inspect_once,True,18,1,0.7899999999999999,0.054483555257320404,0.016356082633137703
561,560,medium,inspect_once,True,9,1,0.88,0.040060605853796005,0.035594649612903595
562,561,medium,inspect_once,True,18,1,0.7899999999999999,0.013234509155154228,0.02965591847896576
563,562,medium,inspect_once,True,12,1,0.85,0.028491651639342308,0.013657058589160442
564,563,medium,inspect_once,True,15,1,0.82,0.058225005865097046,0.05380827933549881
565,564,medium,inspect_once,True,15,1,0.82,0.013337553478777409,0.011944622732698917
566,565,medium,inspect_once,True,13,1,0.84,0.03207140788435936,0.037059009075164795
567,566,medium,inspect_once,True,20,1,0.7699999999999999,0.05867164582014084,0.05195416510105133
568,567,medium,inspect_once,True,17,1,0.7999999999999999,0.03013027459383011,0.024295911192893982
569,568,medium,inspect_once,False,19,1,-0.4700000000000001,0.064301036298275,0.04837213456630707
570,569,medium,inspect_once,False,13,1,-0.41000000000000003,0.0861383005976677,0.05436679720878601
571,570,medium,inspect_once,True,13,1,0.84,0.014851144514977932,0.030643289908766747
572,571,medium,inspect_once,False,14,1,-0.42000000000000004,0.06543397903442383,0.05686579644680023
573,572,medium,inspect_once,True,12,1,0.85,0.0208806861191988,0.02790454402565956
574,573,medium,inspect_once,True,16,1,0.8099999999999999,0.04057186096906662,0.036002665758132935
575,574,medium,inspect_once,True,17,1,0.7999999999999999,0.011637471616268158,0.018734080716967583
576,575,medium,inspect_once,True,8,1,0.89,0.05603332817554474,0.05296734347939491
577,576,medium,inspect_once,True,19,1,0.7799999999999999,0.04851440712809563,0.045379966497421265
578,577,medium,inspect_once,False,11,1,-0.39,0.06188784912228584,0.05539564788341522
579,578,medium,inspect_once,True,9,1,0.88,0.013538412749767303,0.02287772297859192
580,579,medium,inspect_once,True,16,1,0.8099999999999999,0.045374806970357895,0.0546848364174366
581,580,medium,inspect_once,True,4,1,0.9299999999999999,0.04510655999183655,0.051097556948661804
582,581,medium,inspect_once,True,10,1,0.87,0.052575066685676575,0.03698628395795822
583,582,medium,inspect_once,True,7,1,0.9,0.022155292332172394,0.02837388962507248
584,583,medium,inspect_once,True,7,1,0.9,0.05555275082588196,0.0556466244161129
585,584,medium,inspect_once,True,18,1,0.7899999999999999,0.034754227846860886,0.045385945588350296
586,585,medium,inspect_once,True,17,1,0.7999999999999999,0.03283533453941345,0.022003047168254852
587,586,medium,inspect_once,True,11,1,0.86,0.028954263776540756,0.0332447774708271
588,587,medium,inspect_once,False,6,1,-0.34,0.06878699362277985,0.04253438115119934
589,588,medium,inspect_once,True,23,1,0.74,0.010335778817534447,0.03354934975504875
590,589,medium,inspect_once,True,13,1,0.84,0.011780848726630211,0.018499119207262993
591,590,medium,inspect_once,True,13,1,0.84,0.041103001683950424,0.0469912625849247
592,591,medium,inspect_once,True,9,1,0.88,0.04505115747451782,0.04945456609129906
593,592,medium,inspect_once,True,4,1,0.9299999999999999,0.0418647900223732,0.040056049823760986
594,593,medium,inspect_once,True,19,1,0.7799999999999999,0.03302181512117386,0.02073298953473568
595,594,medium,inspect_once,False,9,1,-0.37,0.08755185455083847,0.05914253368973732
596,595,medium,inspect_once,False,18,1,-0.4600000000000001,0.06043413653969765,0.053550805896520615
597,596,medium,inspect_once,True,13,1,0.84,0.024702511727809906,0.04889567941427231
598,597,medium,inspect_once,True,16,1,0.8099999999999999,0.05397765710949898,0.04108656570315361
599,598,medium,inspect_once,True,22,1,0.7499999999999999,0.04445436969399452,0.02666333317756653
600,599,medium,inspect_once,False,16,1,-0.44000000000000006,0.0740300714969635,0.057522304356098175
601,600,medium,inspect_once,True,5,1,0.9199999999999999,0.05690193921327591,0.029466239735484123
602,601,medium,inspect_once,True,14,1,0.83,0.03800729662179947,0.027758140116930008
603,602,medium,inspect_once,False,15,1,-0.43000000000000005,0.06294701248407364,0.05898726359009743
604,603,medium,inspect_once,False,8,1,-0.36,0.06851503998041153,0.05978759750723839
605,604,medium,inspect_once,True,6,1,0.91,0.022595854476094246,0.018924491479992867
606,605,medium,inspect_once,True,14,1,0.83,0.04247010126709938,0.028240293264389038
607,606,medium,inspect_once,True,18,1,0.7899999999999999,0.016345955431461334,0.032043807208538055
608,607,medium,inspect_once,True,16,1,0.8099999999999999,0.024313271045684814,0.025324545800685883
609,608,medium,inspect_once,True,16,1,0.8099999999999999,0.034149833023548126,0.0535094328224659
610,609,medium,inspect_once,True,13,1,0.84,0.0164630264043808,0.030736984685063362
611,610,medium,inspect_once,True,11,1,0.86,0.008244755677878857,0.01542511023581028
612,611,medium,inspect_once,True,18,1,0.7899999999999999,0.03887671232223511,0.02243436872959137
613,612,medium,inspect_once,True,8,1,0.89,0.01066782046109438,0.015162879601120949
614,613,medium,inspect_once,True,19,1,0.7799999999999999,0.027767399325966835,0.011093759909272194
615,614,medium,inspect_once,True,5,1,0.9199999999999999,0.015130980871617794,0.025969548150897026
616,615,medium,inspect_once,True,17,1,0.7999999999999999,0.04522379860281944,0.03405514732003212
617,616,medium,inspect_once,True,16,1,0.8099999999999999,0.03332306817173958,0.047443050891160965
618,617,medium,inspect_once,False,5,1,-0.33,0.07165993750095367,0.054537661373615265
619,618,medium,inspect_once,True,14,1,0.83,0.04699253290891647,0.05089009553194046
620,619,medium,inspect_once,True,10,1,0.87,0.022392448037862778,0.02824425883591175
621,620,medium,inspect_once,True,17,1,0.7999999999999999,0.03783836215734482,0.036059606820344925
622,621,medium,inspect_once,True,13,1,0.84,0.02612045779824257,0.04256051033735275
623,622,medium,inspect_once,True,5,1,0.9199999999999999,0.050710078328847885,0.05391182377934456
624,623,medium,inspect_once,True,15,1,0.82,0.02691066823899746,0.03285301476716995
625,624,medium,inspect_once,True,4,1,0.9299999999999999,0.034166548401117325,0.03452686220407486
626,625,medium,inspect_once,True,12,1,0.85,0.058553583920001984,0.04742956534028053
627,626,medium,inspect_once,True,17,1,0.7999999999999999,0.018427953124046326,0.02205001935362816
628,627,medium,inspect_once,True,10,1,0.87,0.03804939612746239,0.038006898015737534
629,628,medium,inspect_once,False,18,1,-0.4600000000000001,0.061725012958049774,0.05255261808633804
630,629,medium,inspect_once,True,15,1,0.82,0.03634164109826088,0.04777912423014641
631,630,medium,inspect_once,True,11,1,0.86,0.005675068125128746,0.018939225003123283
632,631,medium,inspect_once,True,15,1,0.82,0.028901560232043266,0.040879666805267334
633,632,medium,inspect_once,True,10,1,0.87,0.051989905536174774,0.05887346342206001
634,633,medium,inspect_once,True,13,1,0.84,0.05226074531674385,0.0256167221814394
635,634,medium,inspect_once,True,19,1,0.7799999999999999,0.01710917055606842,0.014842210337519646
636,635,medium,inspect_once,True,16,1,0.8099999999999999,0.04790089279413223,0.031283941119909286
637,636,medium,inspect_once,True,8,1,0.89,0.032913509756326675,0.01896524615585804
638,637,medium,inspect_once,True,9,1,0.88,0.01919633150100708,0.021834688261151314
639,638,medium,inspect_once,True,13,1,0.84,0.034618157893419266,0.023105472326278687
640,639,medium,inspect_once,True,20,1,0.7699999999999999,0.03995656594634056,0.0345628596842289
641,640,medium,inspect_once,False,13,1,-0.41000000000000003,0.07863670587539673,0.05780312791466713
642,641,medium,inspect_once,True,15,1,0.82,0.04221654310822487,0.034054722636938095
643,642,medium,inspect_once,True,14,1,0.83,0.009432884864509106,0.031408581882715225
644,643,medium,inspect_once,True,4,1,0.9299999999999999,0.024117738008499146,0.019762305542826653
645,644,medium,inspect_once,False,12,1,-0.4,0.06573732942342758,0.04259249567985535
646,645,medium,inspect_once,False,11,1,-0.39,0.06678852438926697,0.057714562863111496
647,646,medium,inspect_once,True,10,1,0.87,0.05725667625665665,0.049231816083192825
648,647,medium,inspect_once,True,10,1,0.87,0.05357111245393753,0.032720550894737244
649,648,medium,inspect_once,True,13,1,0.84,0.036651890724897385,0.014025120064616203
650,649,medium,inspect_once,True,18,1,0.7899999999999999,0.024558132514357567,0.012160131707787514
651,650,medium,inspect_once,True,14,1,0.83,0.003965096548199654,0.024665506556630135
652,651,medium,inspect_once,True,15,1,0.82,0.027980512008070946,0.01715260185301304
653,652,medium,inspect_once,True,12,1,0.85,0.037268154323101044,0.028643295168876648
654,653,medium,inspect_once,True,13,1,0.84,0.02109493501484394,0.023613981902599335
655,654,medium,inspect_once,True,17,1,0.7999999999999999,0.048529721796512604,0.04266459494829178
656,655,medium,inspect_once,False,8,1,-0.36,0.0717482641339302,0.03497539833188057
657,656,medium,inspect_once,False,13,1,-0.41000000000000003,0.0715317353606224,0.05589011684060097
658,657,medium,inspect_once,True,18,1,0.7899999999999999,0.0431651808321476,0.0422188900411129
659,658,medium,inspect_once,False,4,1,-0.32,0.06377855688333511,0.051588237285614014
660,659,medium,inspect_once,True,4,1,0.9299999999999999,0.020720066502690315,0.016111962497234344
661,660,medium,inspect_once,True,16,1,0.8099999999999999,0.04546750336885452,0.028532715514302254
662,661,medium,inspect_once,True,11,1,0.86,0.029650503769516945,0.02956465259194374
663,662,medium,inspect_once,True,4,1,0.9299999999999999,0.046823594719171524,0.04671827331185341
664,663,medium,inspect_once,True,4,1,0.9299999999999999,0.044461965560913086,0.0594058558344841
665,664,medium,inspect_once,True,17,1,0.7999999999999999,0.05230532959103584,0.01477727945894003
666,665,medium,inspect_once,True,8,1,0.89,0.0397227518260479,0.042881958186626434
667,666,medium,inspect_once,True,17,1,0.7999999999999999,0.02464650198817253,0.010741183534264565
668,667,medium,inspect_once,True,15,1,0.82,0.016515305265784264,0.02258770912885666
669,668,medium,inspect_once,False,13,1,-0.41000000000000003,0.07281110435724258,0.04571475833654404
670,669,medium,inspect_once,True,4,1,0.9299999999999999,0.056109581142663956,0.04959774762392044
671,670,medium,inspect_once,True,9,1,0.88,0.05936041101813316,0.045438267290592194
672,671,medium,inspect_once,False,17,1,-0.45000000000000007,0.06522151827812195,0.054081548005342484
673,672,medium,inspect_once,True,15,1,0.82,0.035356950014829636,0.010612241923809052
674,673,medium,inspect_once,True,20,1,0.7699999999999999,0.018542516976594925,0.01937350630760193
675,674,medium,inspect_once,True,14,1,0.83,0.0431300550699234,0.011600146070122719
676,675,medium,inspect_once,True,16,1,0.8099999999999999,0.05164550617337227,0.05430295318365097
677,676,medium,inspect_once,False,10,1,-0.38,0.06239324063062668,0.05598156899213791
678,677,medium,inspect_once,True,12,1,0.85,0.03411209210753441,0.029362499713897705
679,678,medium,inspect_once,True,14,1,0.83,0.05196256935596466,0.02268674038350582
680,679,medium,inspect_once,True,8,1,0.89,0.03264281898736954,0.03233058378100395
681,680,medium,inspect_once,False,4,1,-0.32,0.06025896221399307,0.05648607015609741
682,681,medium,inspect_once,True,11,1,0.86,0.03106001205742359,0.011380312032997608
683,682,medium,inspect_once,False,13,1,-0.41000000000000003,0.06892085075378418,0.05648808926343918
684,683,medium,inspect_once,True,21,1,0.7599999999999999,0.025712233036756516,0.03080892004072666
685,684,medium,inspect_once,True,14,1,0.83,0.05475813150405884,0.05285421758890152
686,685,medium,inspect_once,True,15,1,0.82,0.04176582768559456,0.021909140050411224
687,686,medium,inspect_once,True,13,1,0.84,0.027775371447205544,0.028514616191387177
688,687,medium,inspect_once,True,14,1,0.83,0.05839310213923454,0.05107208341360092
689,688,medium,inspect_once,True,9,1,0.88,0.0519271157681942,0.025425100699067116
690,689,medium,inspect_once,True,14,1,0.83,0.03103009983897209,0.019501490518450737
691,690,medium,inspect_once,False,21,1,-0.4900000000000001,0.06269939988851547,0.04331119358539581
692,691,medium,inspect_once,True,16,1,0.8099999999999999,0.0224413201212883,0.04948925971984863
693,692,medium,inspect_once,True,5,1,0.9199999999999999,0.017212195321917534,0.028807735070586205
694,693,medium,inspect_once,False,15,1,-0.43000000000000005,0.06389569491147995,0.031916964799165726
695,694,medium,inspect_once,True,15,1,0.82,0.008544559590518475,0.029748033732175827
696,695,medium,inspect_once,True,8,1,0.89,0.02019692398607731,0.01654037833213806
697,696,medium,inspect_once,False,10,1,-0.38,0.08003486692905426,0.05989217013120651
698,697,medium,inspect_once,True,8,1,0.89,0.030269797891378403,0.020149484276771545
699,698,medium,inspect_once,True,19,1,0.7799999999999999,0.00847526453435421,0.014823534525930882
700,699,medium,inspect_once,False,14,1,-0.42000000000000004,0.06392491608858109,0.03545612096786499
701,700,medium,inspect_once,True,8,1,0.89,0.02484276331961155,0.03643619641661644
702,701,medium,inspect_once,True,22,1,0.7499999999999999,0.002435731701552868,0.015111641027033329
703,702,medium,inspect_once,True,6,1,0.91,0.03272480517625809,0.024069298058748245
704,703,medium,inspect_once,True,15,1,0.82,0.05115528032183647,0.046516939997673035
705,704,medium,inspect_once,True,16,1,0.8099999999999999,0.031947068870067596,0.03604044392704964
706,705,medium,inspect_once,True,9,1,0.88,0.04241326078772545,0.04198377579450607
707,706,medium,inspect_once,True,8,1,0.89,0.05408494919538498,0.053357165306806564
708,707,medium,inspect_once,True,15,1,0.82,0.028044426813721657,0.02003728598356247
709,708,medium,inspect_once,False,17,1,-0.45000000000000007,0.08285752683877945,0.042118415236473083
710,709,medium,inspect_once,True,15,1,0.82,0.05134453624486923,0.05250777304172516
711,710,medium,inspect_once,True,6,1,0.91,0.039641495794057846,0.0514763668179512
712,711,medium,inspect_once,True,11,1,0.86,0.04067155346274376,0.053600482642650604
713,712,medium,inspect_once,True,8,1,0.89,0.04574737325310707,0.05827893689274788
714,713,medium,inspect_once,True,11,1,0.86,0.04455835372209549,0.047822095453739166
715,714,medium,inspect_once,True,10,1,0.87,0.057343870401382446,0.04468024894595146
716,715,medium,inspect_once,True,7,1,0.9,0.03241537883877754,0.028250854462385178
717,716,medium,inspect_once,True,20,1,0.7699999999999999,0.05251794680953026,0.03972543776035309
718,717,medium,inspect_once,True,13,1,0.84,0.0243917815387249,0.03068413957953453
719,718,medium,inspect_once,True,17,1,0.7999999999999999,0.0313875637948513,0.014577418565750122
720,719,medium,inspect_once,False,14,1,-0.42000000000000004,0.07399719208478928,0.04832733795046806
721,720,medium,inspect_once,True,6,1,0.91,0.0360976941883564,0.013927250169217587
722,721,medium,inspect_once,True,9,1,0.88,0.02925315871834755,0.029798874631524086
723,722,medium,inspect_once,True,17,1,0.7999999999999999,0.028462305665016174,0.021187398582696915
724,723,medium,inspect_once,False,9,1,-0.37,0.08820147812366486,0.04930708929896355
725,724,medium,inspect_once,False,14,1,-0.42000000000000004,0.07422715425491333,0.049305979162454605
726,725,medium,inspect_once,True,17,1,0.7999999999999999,0.050681427121162415,0.0459267683327198
727,726,medium,inspect_once,True,11,1,0.86,0.027769112959504128,0.03544075787067413
728,727,medium,inspect_once,True,16,1,0.8099999999999999,0.015276733785867691,0.021428121253848076
729,728,medium,inspect_once,True,21,1,0.7599999999999999,0.05468890443444252,0.043131791055202484
730,729,medium,inspect_once,True,18,1,0.7899999999999999,0.05389454588294029,0.04101906344294548
731,730,medium,inspect_once,True,13,1,0.84,0.014976042322814465,0.02543431706726551
732,731,medium,inspect_once,True,18,1,0.7899999999999999,0.017842266708612442,0.018758146092295647
733,732,medium,inspect_once,True,12,1,0.85,0.032986823469400406,0.042377814650535583
734,733,medium,inspect_once,True,14,1,0.83,0.027920685708522797,0.010376795195043087
735,734,medium,inspect_once,True,19,1,0.7799999999999999,0.04968247562646866,0.024480968713760376
736,735,medium,inspect_once,True,16,1,0.8099999999999999,0.027392031624913216,0.019971145316958427
737,736,medium,inspect_once,True,13,1,0.84,0.04565270245075226,0.05328335613012314
738,737,medium,inspect_once,True,8,1,0.89,0.04667401313781738,0.05934920161962509
739,738,medium,inspect_once,True,15,1,0.82,0.04602785408496857,0.050442345440387726
740,739,medium,inspect_once,True,17,1,0.7999999999999999,0.05478363111615181,0.05756920203566551
741,740,medium,inspect_once,True,14,1,0.83,0.02274368517100811,0.012666861526668072
742,741,medium,inspect_once,False,9,1,-0.37,0.07429125905036926,0.051117464900016785
743,742,medium,inspect_once,True,19,1,0.7799999999999999,0.020235903561115265,0.016310112550854683
744,743,medium,inspect_once,True,5,1,0.9199999999999999,0.024437041953206062,0.03158212825655937
745,744,medium,inspect_once,True,18,1,0.7899999999999999,0.01423670258373022,0.038126591593027115
746,745,medium,inspect_once,True,15,1,0.82,0.044847678393125534,0.02997109852731228
747,746,medium,inspect_once,True,14,1,0.83,0.012473194859921932,0.020923307165503502
748,747,medium,inspect_once,True,15,1,0.82,0.025370897725224495,0.02277800440788269
749,748,medium,inspect_once,True,18,1,0.7899999999999999,0.04486072435975075,0.04288177937269211
750,749,medium,inspect_once,True,16,1,0.8099999999999999,0.045132581144571304,0.03258029371500015
751,750,medium,inspect_once,True,13,1,0.84,0.02438897080719471,0.013575665652751923
752,751,medium,inspect_once,True,9,1,0.88,0.009763086214661598,0.018867401406168938
753,752,medium,inspect_once,True,17,1,0.7999999999999999,0.05400153249502182,0.020927177742123604
754,753,medium,inspect_once,True,7,1,0.9,0.018788177520036697,0.016570309177041054
755,754,medium,inspect_once,False,13,1,-0.41000000000000003,0.08132904022932053,0.056087687611579895
756,755,medium,inspect_once,True,19,1,0.7799999999999999,0.056074101477861404,0.0345643125474453
757,756,medium,inspect_once,True,8,1,0.89,0.04286336526274681,0.057527609169483185
758,757,medium,inspect_once,True,14,1,0.83,0.03603760153055191,0.029733480885624886
759,758,medium,inspect_once,True,17,1,0.7999999999999999,0.01867254078388214,0.022576186805963516
760,759,medium,inspect_once,True,8,1,0.89,0.03705807030200958,0.04160637408494949
761,760,medium,inspect_once,True,17,1,0.7999999999999999,0.04273838549852371,0.03759042173624039
762,761,medium,inspect_once,True,13,1,0.84,0.026578983291983604,0.010151413269340992
763,762,medium,inspect_once,True,9,1,0.88,0.044813092797994614,0.04399978742003441
764,763,medium,inspect_once,True,17,1,0.7999999999999999,0.050625160336494446,0.05313790962100029
765,764,medium,inspect_once,True,20,1,0.7699999999999999,0.045400768518447876,0.021201588213443756
766,765,medium,inspect_once,True,12,1,0.85,0.0246114619076252,0.048697832971811295
767,766,medium,inspect_once,False,13,1,-0.41000000000000003,0.06693959981203079,0.059789028018713
768,767,medium,inspect_once,True,16,1,0.8099999999999999,0.014590687118470669,0.02457161247730255
769,768,medium,inspect_once,True,19,1,0.7799999999999999,0.04549986496567726,0.04576649144291878
770,769,medium,inspect_once,True,19,1,0.7799999999999999,0.03537489101290703,0.020328275859355927
771,770,medium,inspect_once,True,19,1,0.7799999999999999,0.01834781840443611,0.010060752741992474
772,771,medium,inspect_once,True,12,1,0.85,0.0247123371809721,0.017216544598340988
773,772,medium,inspect_once,True,13,1,0.84,0.028938869014382362,0.022642595693469048
774,773,medium,inspect_once,True,15,1,0.82,0.0215511042624712,0.02969394437968731
775,774,medium,inspect_once,True,12,1,0.85,0.023287458345294,0.043355636298656464
776,775,medium,inspect_once,False,10,1,-0.38,0.06441589444875717,0.04549475014209747
777,776,medium,inspect_once,False,10,1,-0.38,0.07624880224466324,0.05514799803495407
778,777,medium,inspect_once,True,13,1,0.84,0.026234952732920647,0.028005478903651237
779,778,medium,inspect_once,True,6,1,0.91,0.041154645383358,0.039435721933841705
780,779,medium,inspect_once,True,8,1,0.89,0.03297588601708412,0.03758928179740906
781,780,medium,inspect_once,True,12,1,0.85,0.04857172444462776,0.04504312202334404
782,781,medium,inspect_once,True,10,1,0.87,0.03389836847782135,0.01801743358373642
783,782,medium,inspect_once,True,6,1,0.91,0.022509176284074783,0.033377211540937424
784,783,medium,inspect_once,True,11,1,0.86,0.04234063997864723,0.026745250448584557
785,784,medium,inspect_once,True,10,1,0.87,0.05008305609226227,0.0544709712266922
786,785,medium,inspect_once,True,16,1,0.8099999999999999,0.053433626890182495,0.05586722120642662
787,786,medium,inspect_once,True,16,1,0.8099999999999999,0.05685366317629814,0.031713973730802536
788,787,medium,inspect_once,False,8,1,-0.36,0.08026077598333359,0.05660044774413109
789,788,medium,inspect_once,True,15,1,0.82,0.04763595759868622,0.03520698845386505
790,789,medium,inspect_once,True,6,1,0.91,0.0325152687728405,0.0545215979218483
791,790,medium,inspect_once,True,19,1,0.7799999999999999,0.027482548728585243,0.03459089249372482
792,791,medium,inspect_once,True,16,1,0.8099999999999999,0.038558315485715866,0.04150834307074547
793,792,medium,inspect_once,True,11,1,0.86,0.05470944568514824,0.04058345779776573
794,793,medium,inspect_once,True,18,1,0.7899999999999999,0.005298664327710867,0.021734710782766342
795,794,medium,inspect_once,True,16,1,0.8099999999999999,0.02948978915810585,0.037425003945827484
796,795,medium,inspect_once,False,11,1,-0.39,0.07312030345201492,0.05542173236608505
797,796,medium,inspect_once,True,10,1,0.87,0.0342596173286438,0.030585626140236855
798,797,medium,inspect_once,True,11,1,0.86,0.03572812303900719,0.017229575663805008
799,798,medium,inspect_once,True,12,1,0.85,0.0464937649667263,0.0282352976500988
800,799,medium,inspect_once,True,14,1,0.83,0.03400002419948578,0.03820228576660156
801,800,medium,inspect_once,True,7,1,0.9,0.04546186700463295,0.035726483911275864
802,801,medium,inspect_once,True,7,1,0.9,0.03182994946837425,0.03230173885822296
803,802,medium,inspect_once,True,18,1,0.7899999999999999,0.030470700934529305,0.01568395458161831
804,803,medium,inspect_once,True,13,1,0.84,0.04317861050367355,0.03840237855911255
805,804,medium,inspect_once,True,18,1,0.7899999999999999,0.03602510318160057,0.030585702508687973
806,805,medium,inspect_once,True,4,1,0.9299999999999999,0.03519938886165619,0.03027867153286934
807,806,medium,inspect_once,True,10,1,0.87,0.01944645121693611,0.011834382079541683
808,807,medium,inspect_once,True,19,1,0.7799999999999999,0.026464806869626045,0.021590417250990868
809,808,medium,inspect_once,True,11,1,0.86,0.010462903417646885,0.012174329720437527
810,809,medium,inspect_once,False,17,1,-0.45000000000000007,0.06735631823539734,0.04962584748864174
811,810,medium,inspect_once,True,10,1,0.87,0.026448938995599747,0.05360018461942673
812,811,medium,inspect_once,True,17,1,0.7999999999999999,0.017870046198368073,0.02555101178586483
813,812,medium,inspect_once,True,12,1,0.85,0.042840927839279175,0.049638498574495316
814,813,medium,inspect_once,True,11,1,0.86,0.02608926221728325,0.04145113751292229
815,814,medium,inspect_once,True,10,1,0.87,0.028622427955269814,0.03650438040494919
816,815,medium,inspect_once,True,19,1,0.7799999999999999,0.043697744607925415,0.034329380840063095
817,816,medium,inspect_once,True,15,1,0.82,0.033498551696538925,0.050440866500139236
818,817,medium,inspect_once,True,13,1,0.84,0.04215941205620766,0.023030739277601242
819,818,medium,inspect_once,True,5,1,0.9199999999999999,0.027620626613497734,0.01640496961772442
820,819,medium,inspect_once,True,13,1,0.84,0.010469913482666016,0.020368264988064766
821,820,medium,inspect_once,True,17,1,0.7999999999999999,0.04814131185412407,0.02844703383743763
822,821,medium,inspect_once,True,17,1,0.7999999999999999,0.02251250669360161,0.029485847800970078
823,822,medium,inspect_once,False,10,1,-0.38,0.06820458173751831,0.05823906883597374
824,823,medium,inspect_once,True,18,1,0.7899999999999999,0.003967585042119026,0.011121343821287155
825,824,medium,inspect_once,False,13,1,-0.41000000000000003,0.06703502684831619,0.039209309965372086
826,825,medium,inspect_once,True,6,1,0.91,0.035237397998571396,0.04601430520415306
827,826,medium,inspect_once,True,14,1,0.83,0.05293310433626175,0.054761435836553574
828,827,medium,inspect_once,True,17,1,0.7999999999999999,0.033070627599954605,0.03389456868171692
829,828,medium,inspect_once,True,5,1,0.9199999999999999,0.04955366998910904,0.027076877653598785
830,829,medium,inspect_once,True,10,1,0.87,0.04687121883034706,0.04727372154593468
831,830,medium,inspect_once,True,7,1,0.9,0.05813668668270111,0.04144418239593506
832,831,medium,inspect_once,True,12,1,0.85,0.03598707169294357,0.044981177896261215
833,832,medium,inspect_once,True,16,1,0.8099999999999999,0.054588235914707184,0.05353090167045593
834,833,medium,inspect_once,True,12,1,0.85,0.03228044882416725,0.02088002674281597
835,834,medium,inspect_once,True,16,1,0.8099999999999999,0.02524535357952118,0.0460081622004509
836,835,medium,inspect_once,False,17,1,-0.45000000000000007,0.09361737221479416,0.05359317734837532
837,836,medium,inspect_once,True,10,1,0.87,0.03985140472650528,0.017985068261623383
838,837,medium,inspect_once,True,12,1,0.85,0.016789330169558525,0.015086214989423752
839,838,medium,inspect_once,True,16,1,0.8099999999999999,0.04794534668326378,0.017793485894799232
840,839,medium,inspect_once,True,9,1,0.88,0.03481093421578407,0.050451990216970444
841,840,medium,inspect_once,True,17,1,0.7999999999999999,0.03016531467437744,0.022679684683680534
842,841,medium,inspect_once,True,10,1,0.87,0.023848598822951317,0.013195755891501904
843,842,medium,inspect_once,False,18,1,-0.4600000000000001,0.06615272909402847,0.05818020552396774
844,843,medium,inspect_once,True,16,1,0.8099999999999999,0.04864431172609329,0.04571056738495827
845,844,medium,inspect_once,False,11,1,-0.39,0.07998526841402054,0.05340099334716797
846,845,medium,inspect_once,True,13,1,0.84,0.020061440765857697,0.040640003979206085
847,846,medium,inspect_once,True,16,1,0.8099999999999999,0.052652813494205475,0.049177419394254684
848,847,medium,inspect_once,False,14,1,-0.42000000000000004,0.06069018691778183,0.05222029983997345
849,848,medium,inspect_once,False,11,1,-0.39,0.07204516977071762,0.051653776317834854
850,849,medium,inspect_once,True,13,1,0.84,0.03151143714785576,0.02787567302584648
851,850,medium,inspect_once,False,7,1,-0.35,0.08603736758232117,0.05568521469831467
852,851,medium,inspect_once,False,17,1,-0.45000000000000007,0.08000565320253372,0.05729059875011444
853,852,medium,inspect_once,True,19,1,0.7799999999999999,0.05095812678337097,0.05498848855495453
854,853,medium,inspect_once,True,12,1,0.85,0.020226499065756798,0.010957757942378521
855,854,medium,inspect_once,False,18,1,-0.4600000000000001,0.06555082648992538,0.05689799040555954
856,855,medium,inspect_once,True,17,1,0.7999999999999999,0.05272715166211128,0.05104929581284523
857,856,medium,inspect_once,True,7,1,0.9,0.00716811278834939,0.010109747759997845
858,857,medium,inspect_once,True,14,1,0.83,0.03617807850241661,0.047826506197452545
859,858,medium,inspect_once,True,19,1,0.7799999999999999,0.02146245166659355,0.03265553340315819
860,859,medium,inspect_once,True,13,1,0.84,0.041227713227272034,0.058843083679676056
861,860,medium,inspect_once,True,20,1,0.7699999999999999,0.05168940871953964,0.048268307000398636
862,861,medium,inspect_once,True,16,1,0.8099999999999999,0.024163218215107918,0.013553048484027386
863,862,medium,inspect_once,True,16,1,0.8099999999999999,0.04726206138730049,0.03932448476552963
864,863,medium,inspect_once,False,16,1,-0.44000000000000006,0.06769603490829468,0.05833204463124275
865,864,medium,inspect_once,True,10,1,0.87,0.018981538712978363,0.050039250403642654
866,865,medium,inspect_once,True,19,1,0.7799999999999999,0.0039388760924339294,0.022045603021979332
867,866,medium,inspect_once,True,9,1,0.88,0.042115721851587296,0.051204536110162735
868,867,medium,inspect_once,True,13,1,0.84,0.0035983012057840824,0.03260829672217369
869,868,medium,inspect_once,False,11,1,-0.39,0.06520870327949524,0.05991477519273758
870,869,medium,inspect_once,True,14,1,0.83,0.04647621884942055,0.05555719509720802
871,870,medium,inspect_once,True,5,1,0.9199999999999999,0.009265103377401829,0.0224891547113657
872,871,medium,inspect_once,True,14,1,0.83,0.0204231608659029,0.02378499135375023
873,872,medium,inspect_once,True,17,1,0.7999999999999999,0.004145112819969654,0.02478649467229843
874,873,medium,inspect_once,True,16,1,0.8099999999999999,0.00832067895680666,0.015122531913220882
875,874,medium,inspect_once,True,13,1,0.84,0.01766454242169857,0.012419372797012329
876,875,medium,inspect_once,True,17,1,0.7999999999999999,0.033024854958057404,0.038871631026268005
877,876,medium,inspect_once,True,10,1,0.87,0.011715195141732693,0.02046208456158638
878,877,medium,inspect_once,True,12,1,0.85,0.03953368216753006,0.05910797044634819
879,878,medium,inspect_once,True,11,1,0.86,0.05687294527888298,0.05800933390855789
880,879,medium,inspect_once,True,14,1,0.83,0.04577675461769104,0.035633865743875504
881,880,medium,inspect_once,True,7,1,0.9,0.041163139045238495,0.049934882670640945
882,881,medium,inspect_once,True,14,1,0.83,0.03688253462314606,0.037093158811330795
883,882,medium,inspect_once,True,12,1,0.85,0.030494239181280136,0.015419824980199337
884,883,medium,inspect_once,True,19,1,0.7799999999999999,0.020711740478873253,0.041535574942827225
885,884,medium,inspect_once,True,15,1,0.82,0.030804788693785667,0.035152535885572433
886,885,medium,inspect_once,True,18,1,0.7899999999999999,0.02569584548473358,0.01822405494749546
887,886,medium,inspect_once,True,10,1,0.87,0.01802218146622181,0.02237549237906933
888,887,medium,inspect_once,True,15,1,0.82,0.021269436925649643,0.013683730736374855
889,888,medium,inspect_once,True,8,1,0.89,0.031645745038986206,0.04398693889379501
890,889,medium,inspect_once,True,15,1,0.82,0.02418074943125248,0.02067091315984726
891,890,medium,inspect_once,True,15,1,0.82,0.04980021342635155,0.03973596543073654
892,891,medium,inspect_once,True,15,1,0.82,0.03817448019981384,0.02825206331908703
893,892,medium,inspect_once,False,14,1,-0.42000000000000004,0.07684606313705444,0.05534027889370918
894,893,medium,inspect_once,True,14,1,0.83,0.030635153874754906,0.020909970626235008
895,894,medium,inspect_once,True,8,1,0.89,0.05653204023838043,0.056775204837322235
896,895,medium,inspect_once,True,13,1,0.84,0.0369303822517395,0.05083639919757843
897,896,medium,inspect_once,True,16,1,0.8099999999999999,0.02874777279794216,0.023906780406832695
898,897,medium,inspect_once,False,12,1,-0.4,0.06606554985046387,0.04062175005674362
899,898,medium,inspect_once,True,16,1,0.8099999999999999,0.050273165106773376,0.04249618202447891
900,899,medium,inspect_once,True,15,1,0.82,0.04537875950336456,0.04111603647470474
901,900,medium,inspect_once,True,3,1,0.94,0.04815564677119255,0.03426877409219742
902,901,medium,inspect_once,True,20,1,0.7699999999999999,0.0020137035753577948,0.0162318367511034
903,902,medium,inspect_once,False,15,1,-0.43000000000000005,0.0632629320025444,0.0537208691239357
904,903,medium,inspect_once,True,12,1,0.85,0.05352926626801491,0.03247394785284996
905,904,medium,inspect_once,True,12,1,0.85,0.05052131414413452,0.03948238492012024
906,905,medium,inspect_once,True,20,1,0.7699999999999999,0.02234458178281784,0.024142291396856308
907,906,medium,inspect_once,True,16,1,0.8099999999999999,0.016807205975055695,0.012959013693034649
908,907,medium,inspect_once,True,12,1,0.85,0.029170187190175056,0.03820193558931351
909,908,medium,inspect_once,False,14,1,-0.42000000000000004,0.06184154003858566,0.04432640224695206
910,909,medium,inspect_once,True,13,1,0.84,0.03450552746653557,0.03649821877479553
911,910,medium,inspect_once,True,13,1,0.84,0.04608326777815819,0.055829085409641266
912,911,medium,inspect_once,True,10,1,0.87,0.020054640248417854,0.03312329947948456
913,912,medium,inspect_once,True,17,1,0.7999999999999999,0.025625178590416908,0.018827633932232857
914,913,medium,inspect_once,True,7,1,0.9,0.01827792450785637,0.02957535907626152
915,914,medium,inspect_once,True,13,1,0.84,0.020110512152314186,0.0126251932233572
916,915,medium,inspect_once,True,7,1,0.9,0.01680745929479599,0.030013523995876312
917,916,medium,inspect_once,False,10,1,-0.38,0.07329673320055008,0.05956316739320755
918,917,medium,inspect_once,True,12,1,0.85,0.012145936489105225,0.013491163030266762
919,918,medium,inspect_once,True,6,1,0.91,0.04859161376953125,0.03271039202809334
920,919,medium,inspect_once,True,20,1,0.7699999999999999,0.04116572439670563,0.05937766283750534
921,920,medium,inspect_once,True,10,1,0.87,0.028860503807663918,0.03614770993590355
922,921,medium,inspect_once,True,9,1,0.88,0.034235790371894836,0.04779776558279991
923,922,medium,inspect_once,True,9,1,0.88,0.006042174529284239,0.018795611336827278
924,923,medium,inspect_once,True,21,1,0.7599999999999999,0.0524451844394207,0.05659693479537964
925,924,medium,inspect_once,True,17,1,0.7999999999999999,0.028933491557836533,0.035892557352781296
926,925,medium,inspect_once,False,17,1,-0.45000000000000007,0.07751531898975372,0.055331580340862274
927,926,medium,inspect_once,False,12,1,-0.4,0.0734524130821228,0.050281163305044174
928,927,medium,inspect_once,True,14,1,0.83,0.03965900465846062,0.03411177173256874
929,928,medium,inspect_once,True,9,1,0.88,0.043541572988033295,0.029517222195863724
930,929,medium,inspect_once,True,11,1,0.86,0.04950588569045067,0.038688234984874725
931,930,medium,inspect_once,False,15,1,-0.43000000000000005,0.06841618567705154,0.05380625277757645
932,931,medium,inspect_once,False,11,1,-0.39,0.06052624434232712,0.038484200835227966
933,932,medium,inspect_once,False,16,1,-0.44000000000000006,0.0672597736120224,0.055047597736120224
934,933,medium,inspect_once,True,9,1,0.88,0.011886646039783955,0.01076390128582716
935,934,medium,inspect_once,True,16,1,0.8099999999999999,0.032786909490823746,0.017132529988884926
936,935,medium,inspect_once,True,9,1,0.88,0.00752121489495039,0.021534619852900505
937,936,medium,inspect_once,True,14,1,0.83,0.011391951702535152,0.014311406761407852
938,937,medium,inspect_once,True,12,1,0.85,0.02329859882593155,0.013726916164159775
939,938,medium,inspect_once,True,14,1,0.83,0.05499912053346634,0.049246639013290405
940,939,medium,inspect_once,False,19,1,-0.4700000000000001,0.0767015889286995,0.05054941028356552
941,940,medium,inspect_once,True,15,1,0.82,0.016562826931476593,0.018617931753396988
942,941,medium,inspect_once,True,18,1,0.7899999999999999,0.030458621680736542,0.024228403344750404
943,942,medium,inspect_once,True,12,1,0.85,0.018718166276812553,0.021649466827511787
944,943,medium,inspect_once,True,16,1,0.8099999999999999,0.049376506358385086,0.05062776431441307
945,944,medium,inspect_once,True,13,1,0.84,0.03572618216276169,0.051190443336963654
946,945,medium,inspect_once,True,14,1,0.83,0.04073533043265343,0.05931742489337921
947,946,medium,inspect_once,False,15,1,-0.43000000000000005,0.07225488126277924,0.05860227718949318
948,947,medium,inspect_once,True,13,1,0.84,0.05575111508369446,0.03075558692216873
949,948,medium,inspect_once,False,13,1,-0.41000000000000003,0.06113234534859657,0.05852479860186577
950,949,medium,inspect_once,True,10,1,0.87,0.041000064462423325,0.030568605288863182
951,950,medium,inspect_once,True,8,1,0.89,0.02274066023528576,0.01396679412573576
952,951,medium,inspect_once,True,15,1,0.82,0.01297324150800705,0.018698064610362053
953,952,medium,inspect_once,True,8,1,0.89,0.03174809366464615,0.03844842314720154
954,953,medium,inspect_once,True,9,1,0.88,0.024841561913490295,0.036760203540325165
955,954,medium,inspect_once,True,17,1,0.7999999999999999,0.018444664776325226,0.03321968391537666
956,955,medium,inspect_once,True,10,1,0.87,0.04380122944712639,0.04211003705859184
957,956,medium,inspect_once,True,18,1,0.7899999999999999,0.029400568455457687,0.010977299883961678
958,957,medium,inspect_once,True,11,1,0.86,0.05041597783565521,0.032946161925792694
959,958,medium,inspect_once,True,16,1,0.8099999999999999,0.0406433641910553,0.03514720872044563
960,959,medium,inspect_once,True,16,1,0.8099999999999999,0.03841704875230789,0.03869466111063957
961,960,medium,inspect_once,True,16,1,0.8099999999999999,0.04780581593513489,0.028267087414860725
962,961,medium,inspect_once,True,9,1,0.88,0.03947934880852699,0.028974683955311775
963,962,medium,inspect_once,True,9,1,0.88,0.033058036118745804,0.021680932492017746
964,963,medium,inspect_once,True,17,1,0.7999999999999999,0.026427533477544785,0.024002470076084137
965,964,medium,inspect_once,True,12,1,0.85,0.00990684237331152,0.01710873283445835
966,965,medium,inspect_once,True,5,1,0.9199999999999999,0.023469576612114906,0.036162085831165314
967,966,medium,inspect_once,True,13,1,0.84,0.03570161387324333,0.03407660499215126
968,967,medium,inspect_once,True,11,1,0.86,0.014430327340960503,0.014579195529222488
969,968,medium,inspect_once,True,19,1,0.7799999999999999,0.02132771536707878,0.012487413361668587
970,969,medium,inspect_once,True,15,1,0.82,0.03669542074203491,0.0347331278026104
971,970,medium,inspect_once,True,19,1,0.7799999999999999,0.03617757931351662,0.038259610533714294
972,971,medium,inspect_once,True,12,1,0.85,0.01574592851102352,0.011817124672234058
973,972,medium,inspect_once,True,18,1,0.7899999999999999,0.03712991252541542,0.031608715653419495
974,973,medium,inspect_once,True,9,1,0.88,0.015040202997624874,0.024604348465800285
975,974,medium,inspect_once,False,15,1,-0.43000000000000005,0.06379444897174835,0.05282790586352348
976,975,medium,inspect_once,True,14,1,0.83,0.04611702263355255,0.051342420279979706
977,976,medium,inspect_once,True,14,1,0.83,0.009407494217157364,0.020516827702522278
978,977,medium,inspect_once,True,16,1,0.8099999999999999,0.05343703180551529,0.04180845990777016
979,978,medium,inspect_once,False,17,1,-0.45000000000000007,0.062342189252376556,0.03263288363814354
980,979,medium,inspect_once,True,10,1,0.87,0.023647774010896683,0.027463961392641068
981,980,medium,inspect_once,False,12,1,-0.4,0.06852906197309494,0.053150877356529236
982,981,medium,inspect_once,True,13,1,0.84,0.048677682876586914,0.029246622696518898
983,982,medium,inspect_once,True,11,1,0.86,0.03859661519527435,0.0503728948533535
984,983,medium,inspect_once,True,14,1,0.83,0.019096584990620613,0.020795753225684166
985,984,medium,inspect_once,False,10,1,-0.38,0.07059039175510406,0.05592271685600281
986,985,medium,inspect_once,True,6,1,0.91,0.03179595246911049,0.04339204728603363
987,986,medium,inspect_once,True,5,1,0.9199999999999999,0.035844411700963974,0.03018895350396633
988,987,medium,inspect_once,True,19,1,0.7799999999999999,0.0432061031460762,0.02323806844651699
989,988,medium,inspect_once,True,15,1,0.82,0.03533174470067024,0.050911784172058105
990,989,medium,inspect_once,True,12,1,0.85,0.049161091446876526,0.014805066399276257
991,990,medium,inspect_once,True,9,1,0.88,0.05891244858503342,0.04725239425897598
992,991,medium,inspect_once,True,17,1,0.7999999999999999,0.05447080731391907,0.05680641531944275
993,992,medium,inspect_once,True,13,1,0.84,0.020076032727956772,0.04734573885798454
994,993,medium,inspect_once,True,7,1,0.9,0.04168369248509407,0.04110817611217499
995,994,medium,inspect_once,True,10,1,0.87,0.02314232476055622,0.0346490815281868
996,995,medium,inspect_once,False,10,1,-0.38,0.06214585900306702,0.0583813339471817
997,996,medium,inspect_once,True,9,1,0.88,0.027547989040613174,0.027311667799949646
998,997,medium,inspect_once,True,16,1,0.8099999999999999,0.054845716804265976,0.05611856281757355
999,998,medium,inspect_once,True,13,1,0.84,0.055118340998888016,0.04955856874585152
1000,999,medium,inspect_once,True,14,1,0.83,0.021294843405485153,0.024686556309461594
1,0,high,always_act,True,13,0,0.87,0.055339403450489044,0.044362351298332214
2,1,high,always_act,False,14,0,-0.39,0.22853143513202667,0.04272155091166496
3,2,high,always_act,False,4,0,-0.29000000000000004,0.35481375455856323,0.052007485181093216
4,3,high,always_act,False,5,0,-0.3,0.10725335776805878,0.01649833843111992
5,4,high,always_act,False,20,0,-0.45000000000000007,0.1318150907754898,0.03962009772658348
6,5,high,always_act,False,18,0,-0.43000000000000005,0.0711158812046051,0.04027749225497246
7,6,high,always_act,False,6,0,-0.31,0.38913494348526,0.023117076605558395
8,7,high,always_act,False,14,0,-0.39,0.1909468024969101,0.054096415638923645
9,8,high,always_act,False,14,0,-0.39,0.22929587960243225,0.04239410534501076
10,9,high,always_act,False,11,0,-0.36,0.28767868876457214,0.03909657150506973
11,10,high,always_act,False,13,0,-0.38,0.16208425164222717,0.04633167386054993
12,11,high,always_act,False,9,0,-0.34,0.1848902404308319,0.05725495517253876
13,12,high,always_act,False,18,0,-0.43000000000000005,0.12177709490060806,0.037700362503528595
14,13,high,always_act,False,21,0,-0.4600000000000001,0.11670736223459244,0.0358562208712101
15,14,high,always_act,False,9,0,-0.34,0.5015058517456055,0.0184126328676939
16,15,high,always_act,False,12,0,-0.37,0.2820546627044678,0.027539515867829323
17,16,high,always_act,False,16,0,-0.41000000000000003,0.18265831470489502,0.0370822511613369
18,17,high,always_act,False,12,0,-0.37,0.20983301103115082,0.011175923980772495
19,18,high,always_act,False,12,0,-0.37,0.20161253213882446,0.028288904577493668
20,19,high,always_act,False,15,0,-0.4,0.12576495110988617,0.029279585927724838
21,20,high,always_act,False,13,0,-0.38,0.19785967469215393,0.01990518905222416
22,21,high,always_act,False,16,0,-0.41000000000000003,0.3557787239551544,0.047987114638090134
23,22,high,always_act,False,3,0,-0.28,0.2620520293712616,0.04690041393041611
24,23,high,always_act,False,11,0,-0.36,0.36534419655799866,0.048308320343494415
25,24,high,always_act,False,7,0,-0.32,0.18909604847431183,0.023668138310313225
26,25,high,always_act,False,4,0,-0.29000000000000004,0.20265330374240875,0.021318621933460236
27,26,high,always_act,False,15,0,-0.4,0.26916006207466125,0.023163828998804092
28,27,high,always_act,False,14,0,-0.39,0.19808919727802277,0.04152955487370491
29,28,high,always_act,False,17,0,-0.42000000000000004,0.1339225172996521,0.050371866673231125
30,29,high,always_act,False,8,0,-0.33,0.06602746993303299,0.033987101167440414
31,30,high,always_act,False,7,0,-0.32,0.16154591739177704,0.026083307340741158
32,31,high,always_act,False,16,0,-0.41000000000000003,0.15878261625766754,0.024805869907140732
33,32,high,always_act,False,12,0,-0.37,0.07844825834035873,0.02083606645464897
34,33,high,always_act,False,13,0,-0.38,0.06473160535097122,0.03862519934773445
35,34,high,always_act,False,17,0,-0.42000000000000004,0.3591845631599426,0.05418984591960907
36,35,high,always_act,False,14,0,-0.39,0.1901286542415619,0.015112125314772129
37,36,high,always_act,False,7,0,-0.32,0.0754476860165596,0.023655913770198822
38,37,high,always_act,False,14,0,-0.39,0.22928988933563232,0.05291128531098366
39,38,high,always_act,False,12,0,-0.37,0.1056467816233635,0.010547973215579987
40,39,high,always_act,False,11,0,-0.36,0.1430535763502121,0.02152969501912594
41,40,high,always_act,False,16,0,-0.41000000000000003,0.15917424857616425,0.039626289159059525
42,41,high,always_act,False,20,0,-0.45000000000000007,0.06087460741400719,0.026308823376893997
43,42,high,always_act,False,18,0,-0.43000000000000005,0.16824831068515778,0.01278204470872879
44,43,high,always_act,False,9,0,-0.34,0.17291946709156036,0.022462544962763786
45,44,high,always_act,False,9,0,-0.34,0.13632766902446747,0.04167236015200615
46,45,high,always_act,False,15,0,-0.4,0.11024700850248337,0.02179774083197117
47,46,high,always_act,False,14,0,-0.39,0.12103356420993805,0.027787650004029274
48,47,high,always_act,False,8,0,-0.33,0.46095559000968933,0.05367061123251915
49,48,high,always_act,False,16,0,-0.41000000000000003,0.2005862146615982,0.01317631360143423
50,49,high,always_act,False,9,0,-0.34,0.23742079734802246,0.014506198465824127
51,50,high,always_act,False,17,0,-0.42000000000000004,0.23390276730060577,0.02052839659154415
52,51,high,always_act,False,17,0,-0.42000000000000004,0.16337725520133972,0.05206091329455376
53,52,high,always_act,False,13,0,-0.38,0.06015780568122864,0.0433841235935688
54,53,high,always_act,False,9,0,-0.34,0.21985286474227905,0.05613963305950165
55,54,high,always_act,False,16,0,-0.41000000000000003,0.29106566309928894,0.031088868156075478
56,55,high,always_act,False,21,0,-0.4600000000000001,0.17572365701198578,0.032889679074287415
57,56,high,always_act,False,17,0,-0.42000000000000004,0.25147268176078796,0.04904305934906006
58,57,high,always_act,False,19,0,-0.44000000000000006,0.2509290277957916,0.05683344602584839
59,58,high,always_act,False,9,0,-0.34,0.41018977761268616,0.05910791456699371
60,59,high,always_act,False,20,0,-0.45000000000000007,0.26857617497444153,0.02655717357993126
61,60,high,always_act,False,9,0,-0.34,0.21177002787590027,0.016030164435505867
62,61,high,always_act,False,10,0,-0.35,0.21776218712329865,0.03791520372033119
63,62,high,always_act,False,13,0,-0.38,0.14623010158538818,0.051549457013607025
64,63,high,always_act,False,15,0,-0.4,0.27197447419166565,0.05654184892773628
65,64,high,always_act,False,15,0,-0.4,0.23977480828762054,0.011648694053292274
66,65,high,always_act,False,7,0,-0.32,0.298775851726532,0.022577498108148575
67,66,high,always_act,False,15,0,-0.4,0.19863691926002502,0.027437549084424973
68,67,high,always_act,False,7,0,-0.32,0.08137252181768417,0.03354400023818016
69,68,high,always_act,False,17,0,-0.42000000000000004,0.09834374487400055,0.014213280752301216
70,69,high,always_act,False,18,0,-0.43000000000000005,0.3892074525356293,0.04172433912754059
71,70,high,always_act,False,14,0,-0.39,0.1475539207458496,0.01685965806245804
72,71,high,always_act,False,9,0,-0.34,0.07736144959926605,0.05742855370044708
73,72,high,always_act,False,15,0,-0.4,0.20262710750102997,0.039708252996206284
74,73,high,always_act,False,9,0,-0.34,0.09901520609855652,0.056140851229429245
75,74,high,always_act,False,18,0,-0.43000000000000005,0.09974605590105057,0.02365138567984104
76,75,high,always_act,True,7,0,0.9299999999999999,0.0474579893052578,0.042458973824977875
77,76,high,always_act,False,23,0,-0.4800000000000001,0.1505245864391327,0.016023948788642883
78,77,high,always_act,False,18,0,-0.43000000000000005,0.33583393692970276,0.021977635100483894
79,78,high,always_act,False,12,0,-0.37,0.22243638336658478,0.049153733998537064
80,79,high,always_act,False,15,0,-0.4,0.08126654475927353,0.05550524219870567
81,80,high,always_act,False,10,0,-0.35,0.2128959745168686,0.04259764775633812
82,81,high,always_act,False,8,0,-0.33,0.13483570516109467,0.017758328467607498
83,82,high,always_act,False,20,0,-0.45000000000000007,0.17877842485904694,0.037511955946683884
84,83,high,always_act,False,6,0,-0.31,0.061667777597904205,0.05013280734419823
85,84,high,always_act,False,18,0,-0.43000000000000005,0.3861887454986572,0.011994186788797379
86,85,high,always_act,False,5,0,-0.3,0.22554904222488403,0.048846881836652756
87,86,high,always_act,False,13,0,-0.38,0.10652034729719162,0.04586471617221832
88,87,high,always_act,False,20,0,-0.45000000000000007,0.2135583460330963,0.032117538154125214
89,88,high,always_act,False,12,0,-0.37,0.16239580512046814,0.05947530269622803
90,89,high,always_act,False,18,0,-0.43000000000000005,0.1402379870414734,0.03254823386669159
91,90,high,always_act,False,14,0,-0.39,0.06324085593223572,0.02346755377948284
92,91,high,always_act,False,13,0,-0.38,0.2171182930469513,0.013046257197856903
93,92,high,always_act,False,6,0,-0.31,0.30298104882240295,0.03599411994218826
94,93,high,always_act,False,20,0,-0.45000000000000007,0.09716153889894485,0.04905686154961586
95,94,high,always_act,False,13,0,-0.38,0.10756837576627731,0.03989202901721001
96,95,high,always_act,False,21,0,-0.4600000000000001,0.2966085970401764,0.028030067682266235
97,96,high,always_act,False,11,0,-0.36,0.3204764723777771,0.025934400036931038
98,97,high,always_act,False,10,0,-0.35,0.20222590863704681,0.05182800441980362
99,98,high,always_act,False,22,0,-0.4700000000000001,0.09157471358776093,0.04216804727911949
100,99,high,always_act,False,14,0,-0.39,0.07554443925619125,0.035878270864486694
101,100,high,always_act,False,19,0,-0.44000000000000006,0.11188258975744247,0.03087516874074936
102,101,high,always_act,False,18,0,-0.43000000000000005,0.09891626983880997,0.05128602683544159
103,102,high,always_act,False,9,0,-0.34,0.21927878260612488,0.026734277606010437
104,103,high,always_act,False,8,0,-0.33,0.19814111292362213,0.017101677134633064
105,104,high,always_act,False,16,0,-0.41000000000000003,0.10190844535827637,0.011349346488714218
106,105,high,always_act,False,22,0,-0.4700000000000001,0.2754427492618561,0.03334934264421463
107,106,high,always_act,False,17,0,-0.42000000000000004,0.06602538377046585,0.01323076244443655
108,107,high,always_act,False,17,0,-0.42000000000000004,0.2520909607410431,0.01944272220134735
109,108,high,always_act,False,18,0,-0.43000000000000005,0.24689096212387085,0.056320879608392715
110,109,high,always_act,False,13,0,-0.38,0.20645436644554138,0.022404924035072327
111,110,high,always_act,False,19,0,-0.44000000000000006,0.11375980824232101,0.041101742535829544
112,111,high,always_act,False,4,0,-0.29000000000000004,0.11500494927167892,0.039572808891534805
113,112,high,always_act,False,14,0,-0.39,0.08849728107452393,0.02460308186709881
114,113,high,always_act,False,4,0,-0.29000000000000004,0.2848834991455078,0.025190740823745728
115,114,high,always_act,False,11,0,-0.36,0.19071662425994873,0.01050650142133236
116,115,high,always_act,False,15,0,-0.4,0.16900916397571564,0.04898104444146156
117,116,high,always_act,False,11,0,-0.36,0.29799884557724,0.01929168589413166
118,117,high,always_act,False,12,0,-0.37,0.313261479139328,0.0541188083589077
119,118,high,always_act,False,17,0,-0.42000000000000004,0.3125767707824707,0.025982506573200226
120,119,high,always_act,False,16,0,-0.41000000000000003,0.171131432056427,0.04487380385398865
121,120,high,always_act,False,13,0,-0.38,0.11628374457359314,0.05292465537786484
122,121,high,always_act,False,11,0,-0.36,0.16877731680870056,0.040743619203567505
123,122,high,always_act,False,15,0,-0.4,0.1508135050535202,0.011627105064690113
124,123,high,always_act,False,15,0,-0.4,0.16513784229755402,0.03023194894194603
125,124,high,always_act,False,12,0,-0.37,0.298503577709198,0.05488775670528412
126,125,high,always_act,False,14,0,-0.39,0.11415896564722061,0.05086381733417511
127,126,high,always_act,False,17,0,-0.42000000000000004,0.13114310801029205,0.05113723874092102
128,127,high,always_act,False,4,0,-0.29000000000000004,0.1086788922548294,0.05452756583690643
129,128,high,always_act,False,12,0,-0.37,0.1638956367969513,0.05584724247455597
130,129,high,always_act,False,7,0,-0.32,0.08405697345733643,0.02169300988316536
131,130,high,always_act,False,6,0,-0.31,0.1473381370306015,0.039515938609838486
132,131,high,always_act,False,12,0,-0.37,0.13966171443462372,0.028838135302066803
133,132,high,always_act,False,12,0,-0.37,0.25210464000701904,0.047002483159303665
134,133,high,always_act,False,12,0,-0.37,0.3024502098560333,0.059575654566287994
135,134,high,always_act,False,17,0,-0.42000000000000004,0.08944129198789597,0.05918338894844055
136,135,high,always_act,False,9,0,-0.34,0.19880200922489166,0.011048322543501854
137,136,high,always_act,False,10,0,-0.35,0.281966894865036,0.03476511314511299
138,137,high,always_act,False,12,0,-0.37,0.14847327768802643,0.05761181190609932
139,138,high,always_act,False,10,0,-0.35,0.3103920519351959,0.053331635892391205
140,139,high,always_act,False,9,0,-0.34,0.1783565729856491,0.03537638112902641
141,140,high,always_act,False,19,0,-0.44000000000000006,0.3955259323120117,0.01551647949963808
142,141,high,always_act,False,18,0,-0.43000000000000005,0.09943883866071701,0.022961189970374107
143,142,high,always_act,False,6,0,-0.31,0.127199187874794,0.010422030463814735
144,143,high,always_act,True,18,0,0.82,0.047396469861269,0.029461704194545746
145,144,high,always_act,False,12,0,-0.37,0.12262405455112457,0.05553095042705536
146,145,high,always_act,False,4,0,-0.29000000000000004,0.3821350038051605,0.0493575781583786
147,146,high,always_act,False,12,0,-0.37,0.20192798972129822,0.019891774281859398
148,147,high,always_act,False,19,0,-0.44000000000000006,0.07784241437911987,0.02305082604289055
149,148,high,always_act,False,20,0,-0.45000000000000007,0.31974878907203674,0.04288066551089287
150,149,high,always_act,False,8,0,-0.33,0.16029387712478638,0.03402772918343544
151,150,high,always_act,False,17,0,-0.42000000000000004,0.10660962760448456,0.05798866227269173
152,151,high,always_act,False,11,0,-0.36,0.2412542849779129,0.04131271317601204
153,152,high,always_act,False,6,0,-0.31,0.12329605221748352,0.017883535474538803
154,153,high,always_act,False,20,0,-0.45000000000000007,0.13019689917564392,0.018281864002346992
155,154,high,always_act,False,12,0,-0.37,0.2343623787164688,0.013056621886789799
156,155,high,always_act,False,14,0,-0.39,0.07202863693237305,0.028935154899954796
157,156,high,always_act,False,3,0,-0.28,0.21728076040744781,0.05040334165096283
158,157,high,always_act,False,18,0,-0.43000000000000005,0.18036234378814697,0.022183291614055634
159,158,high,always_act,False,14,0,-0.39,0.2934377193450928,0.04182678461074829
160,159,high,always_act,False,17,0,-0.42000000000000004,0.10112527012825012,0.04120439663529396
161,160,high,always_act,False,12,0,-0.37,0.1542559266090393,0.02229199931025505
162,161,high,always_act,False,16,0,-0.41000000000000003,0.19208064675331116,0.02711338922381401
163,162,high,always_act,False,3,0,-0.28,0.1985054463148117,0.044827867299318314
164,163,high,always_act,False,16,0,-0.41000000000000003,0.13576026260852814,0.013431783765554428
165,164,high,always_act,False,9,0,-0.34,0.2479599118232727,0.04687540605664253
166,165,high,always_act,False,11,0,-0.36,0.12370665371417999,0.011858911253511906
167,166,high,always_act,False,15,0,-0.4,0.15597687661647797,0.05015508830547333
168,167,high,always_act,False,14,0,-0.39,0.14407941699028015,0.03489565849304199
169,168,high,always_act,False,4,0,-0.29000000000000004,0.1340092122554779,0.03895463049411774
170,169,high,always_act,False,20,0,-0.45000000000000007,0.26883381605148315,0.01784370094537735
171,170,high,always_act,False,20,0,-0.45000000000000007,0.16540493071079254,0.029533259570598602
172,171,high,always_act,True,13,0,0.87,0.05952594056725502,0.04932573810219765
173,172,high,always_act,False,14,0,-0.39,0.19771873950958252,0.025044353678822517
174,173,high,always_act,False,4,0,-0.29000000000000004,0.29662394523620605,0.04012475535273552
175,174,high,always_act,False,17,0,-0.42000000000000004,0.15038824081420898,0.030626289546489716
176,175,high,always_act,False,15,0,-0.4,0.17962852120399475,0.02491454966366291
177,176,high,always_act,False,15,0,-0.4,0.25736215710639954,0.027478618547320366
178,177,high,always_act,False,7,0,-0.32,0.1993316411972046,0.034308165311813354
179,178,high,always_act,True,12,0,0.88,0.04008125886321068,0.042234890162944794
180,179,high,always_act,False,19,0,-0.44000000000000006,0.1269880086183548,0.020080644637346268
181,180,high,always_act,False,15,0,-0.4,0.2016674280166626,0.013214302249252796
182,181,high,always_act,False,9,0,-0.34,0.39339256286621094,0.027221817523241043
183,182,high,always_act,False,11,0,-0.36,0.21728041768074036,0.038774847984313965
184,183,high,always_act,False,24,0,-0.4900000000000001,0.16336378455162048,0.05208178609609604
185,184,high,always_act,False,9,0,-0.34,0.06520671397447586,0.019611842930316925
186,185,high,always_act,False,11,0,-0.36,0.11967002600431442,0.025224680081009865
187,186,high,always_act,False,19,0,-0.44000000000000006,0.24809379875659943,0.03785305470228195
188,187,high,always_act,False,7,0,-0.32,0.10122264921665192,0.01876119337975979
189,188,high,always_act,False,16,0,-0.41000000000000003,0.18434257805347443,0.049863893538713455
190,189,high,always_act,False,11,0,-0.36,0.14617694914340973,0.04668128862977028
191,190,high,always_act,False,7,0,-0.32,0.17463551461696625,0.03724238649010658
192,191,high,always_act,False,20,0,-0.45000000000000007,0.12927986681461334,0.05039665848016739
193,192,high,always_act,False,12,0,-0.37,0.24878378212451935,0.04451378434896469
194,193,high,always_act,True,11,0,0.89,0.04753202944993973,0.059400659054517746
195,194,high,always_act,False,20,0,-0.45000000000000007,0.10127894580364227,0.054434407502412796
196,195,high,always_act,False,2,0,-0.27,0.15338833630084991,0.05245688185095787
197,196,high,always_act,False,18,0,-0.43000000000000005,0.1946735680103302,0.030488377436995506
198,197,high,always_act,False,18,0,-0.43000000000000005,0.21139954030513763,0.05386346951127052
199,198,high,always_act,False,17,0,-0.42000000000000004,0.28403061628341675,0.05730601027607918
200,199,high,always_act,False,12,0,-0.37,0.19358626008033752,0.03893694281578064
201,200,high,always_act,False,14,0,-0.39,0.10720056295394897,0.05151592195034027
202,201,high,always_act,False,11,0,-0.36,0.3620753288269043,0.029721969738602638
203,202,high,always_act,False,7,0,-0.32,0.19329580664634705,0.027030015364289284
204,203,high,always_act,False,19,0,-0.44000000000000006,0.2718749940395355,0.012281704694032669
205,204,high,always_act,False,22,0,-0.4700000000000001,0.3349454998970032,0.04260680824518204
206,205,high,always_act,False,18,0,-0.43000000000000005,0.13550971448421478,0.048586003482341766
207,206,high,always_act,False,19,0,-0.44000000000000006,0.1722949743270874,0.038906242698431015
208,207,high,always_act,False,8,0,-0.33,0.14563606679439545,0.029621189460158348
209,208,high,always_act,False,17,0,-0.42000000000000004,0.2402573972940445,0.01881149597465992
210,209,high,always_act,False,9,0,-0.34,0.23349563777446747,0.03748847544193268
211,210,high,always_act,False,20,0,-0.45000000000000007,0.19865989685058594,0.019455090165138245
212,211,high,always_act,False,9,0,-0.34,0.17525430023670197,0.020260341465473175
213,212,high,always_act,False,14,0,-0.39,0.13761171698570251,0.051728952676057816
214,213,high,always_act,False,16,0,-0.41000000000000003,0.07473664730787277,0.025187158957123756
215,214,high,always_act,False,9,0,-0.34,0.15994888544082642,0.010118979029357433
216,215,high,always_act,False,14,0,-0.39,0.07265608757734299,0.023366954177618027
217,216,high,always_act,False,22,0,-0.4700000000000001,0.15844157338142395,0.05738048627972603
218,217,high,always_act,False,15,0,-0.4,0.22036992013454437,0.03062116727232933
219,218,high,always_act,False,20,0,-0.45000000000000007,0.08649657666683197,0.013501671142876148
220,219,high,always_act,False,20,0,-0.45000000000000007,0.4572441875934601,0.03018335998058319
221,220,high,always_act,True,15,0,0.85,0.037388406693935394,0.03733697906136513
222,221,high,always_act,False,6,0,-0.31,0.18642474710941315,0.05869827792048454
223,222,high,always_act,False,12,0,-0.37,0.28490760922431946,0.01785561814904213
224,223,high,always_act,False,12,0,-0.37,0.20060141384601593,0.048720765858888626
225,224,high,always_act,False,7,0,-0.32,0.2475450336933136,0.026361282914876938
226,225,high,always_act,False,7,0,-0.32,0.29274916648864746,0.01320960558950901
227,226,high,always_act,False,10,0,-0.35,0.31582602858543396,0.031765591353178024
228,227,high,always_act,False,14,0,-0.39,0.21320824325084686,0.044461410492658615
229,228,high,always_act,True,13,0,0.87,0.03988184407353401,0.010435000993311405
230,229,high,always_act,True,20,0,0.7999999999999999,0.025172358378767967,0.058361683040857315
231,230,high,always_act,False,12,0,-0.37,0.15863841772079468,0.03815527260303497
232,231,high,always_act,False,18,0,-0.43000000000000005,0.06698746234178543,0.024481644853949547
233,232,high,always_act,False,12,0,-0.37,0.15707182884216309,0.03578977659344673
234,233,high,always_act,False,15,0,-0.4,0.2602963447570801,0.04215697944164276
235,234,high,always_act,False,17,0,-0.42000000000000004,0.09484350681304932,0.02067156881093979
236,235,high,always_act,False,14,0,-0.39,0.2869575321674347,0.013120458461344242
237,236,high,always_act,False,18,0,-0.43000000000000005,0.2917112708091736,0.04781530424952507
238,237,high,always_act,False,12,0,-0.37,0.17074497044086456,0.014694370329380035
239,238,high,always_act,False,20,0,-0.45000000000000007,0.22452108561992645,0.010364370420575142
240,239,high,always_act,False,9,0,-0.34,0.25937485694885254,0.02777761220932007
241,240,high,always_act,False,14,0,-0.39,0.16300150752067566,0.023284131661057472
242,241,high,always_act,False,11,0,-0.36,0.15797607600688934,0.03372364491224289
243,242,high,always_act,False,11,0,-0.36,0.18377234041690826,0.04034893959760666
244,243,high,always_act,False,14,0,-0.39,0.2317138910293579,0.04508059471845627
245,244,high,always_act,False,9,0,-0.34,0.23670917749404907,0.05558125302195549
246,245,high,always_act,False,17,0,-0.42000000000000004,0.29652824997901917,0.03914950415492058
247,246,high,always_act,False,11,0,-0.36,0.23302945494651794,0.029373841360211372
248,247,high,always_act,False,19,0,-0.44000000000000006,0.2780473828315735,0.0509212501347065
249,248,high,always_act,False,15,0,-0.4,0.13251803815364838,0.011911196634173393
250,249,high,always_act,False,19,0,-0.44000000000000006,0.12750503420829773,0.04115013778209686
251,250,high,always_act,False,4,0,-0.29000000000000004,0.3942790627479553,0.058005064725875854
252,251,high,always_act,False,16,0,-0.41000000000000003,0.3720037341117859,0.037162914872169495
253,252,high,always_act,False,16,0,-0.41000000000000003,0.1419365555047989,0.014077521860599518
254,253,high,always_act,False,18,0,-0.43000000000000005,0.30460086464881897,0.021408092230558395
255,254,high,always_act,False,8,0,-0.33,0.3594183623790741,0.021691882982850075
256,255,high,always_act,False,14,0,-0.39,0.18394164741039276,0.04340473562479019
257,256,high,always_act,False,22,0,-0.4700000000000001,0.2976965308189392,0.023689834401011467
258,257,high,always_act,False,16,0,-0.41000000000000003,0.1890990138053894,0.040182922035455704
259,258,high,always_act,False,13,0,-0.38,0.13973701000213623,0.03262540325522423
260,259,high,always_act,True,14,0,0.86,0.05493951216340065,0.04883761703968048
261,260,high,always_act,False,23,0,-0.4800000000000001,0.27694815397262573,0.057351112365722656
262,261,high,always_act,False,10,0,-0.35,0.10472261160612106,0.028072159737348557
263,262,high,always_act,False,15,0,-0.4,0.143179789185524,0.034454330801963806
264,263,high,always_act,False,9,0,-0.34,0.09293045848608017,0.05690962076187134
265,264,high,always_act,False,13,0,-0.38,0.19190014898777008,0.030143853276968002
266,265,high,always_act,False,5,0,-0.3,0.17595520615577698,0.011907357722520828
267,266,high,always_act,False,8,0,-0.33,0.08092495799064636,0.0302207563072443
268,267,high,always_act,False,16,0,-0.41000000000000003,0.21544869244098663,0.03957400098443031
269,268,high,always_act,False,14,0,-0.39,0.20378562808036804,0.05067773908376694
270,269,high,always_act,False,12,0,-0.37,0.18017582595348358,0.0448504276573658
271,270,high,always_act,False,14,0,-0.39,0.11574937403202057,0.05453268438577652
272,271,high,always_act,False,18,0,-0.43000000000000005,0.4851483702659607,0.013557510450482368
273,272,high,always_act,False,13,0,-0.38,0.17990106344223022,0.030271640047430992
274,273,high,always_act,False,13,0,-0.38,0.10644493997097015,0.024013405665755272
275,274,high,always_act,False,12,0,-0.37,0.21477480232715607,0.03610789403319359
276,275,high,always_act,False,19,0,-0.44000000000000006,0.08984024822711945,0.020653927698731422
277,276,high,always_act,False,12,0,-0.37,0.20602144300937653,0.05651746317744255
278,277,high,always_act,False,9,0,-0.34,0.16860835254192352,0.057627152651548386
279,278,high,always_act,False,10,0,-0.35,0.1379239559173584,0.047199688851833344
280,279,high,always_act,False,12,0,-0.37,0.25302329659461975,0.040855344384908676
281,280,high,always_act,False,18,0,-0.43000000000000005,0.08457823842763901,0.04119013622403145
282,281,high,always_act,False,18,0,-0.43000000000000005,0.19829857349395752,0.029296034947037697
283,282,high,always_act,False,5,0,-0.3,0.37960684299468994,0.016463231295347214
284,283,high,always_act,False,15,0,-0.4,0.08046230673789978,0.047858547419309616
285,284,high,always_act,False,9,0,-0.34,0.13441920280456543,0.02467290870845318
286,285,high,always_act,False,4,0,-0.29000000000000004,0.22487200796604156,0.05142756178975105
287,286,high,always_act,False,19,0,-0.44000000000000006,0.26244696974754333,0.01931406557559967
288,287,high,always_act,False,20,0,-0.45000000000000007,0.18492375314235687,0.05182090029120445
289,288,high,always_act,True,14,0,0.86,0.03053441271185875,0.05348767340183258
290,289,high,always_act,False,12,0,-0.37,0.1445104479789734,0.05907503142952919
291,290,high,always_act,False,4,0,-0.29000000000000004,0.29367882013320923,0.030865848064422607
292,291,high,always_act,False,11,0,-0.36,0.3370155394077301,0.02445785142481327
293,292,high,always_act,False,16,0,-0.41000000000000003,0.14433762431144714,0.011096920818090439
294,293,high,always_act,False,20,0,-0.45000000000000007,0.1842619627714157,0.030906053259968758
295,294,high,always_act,False,14,0,-0.39,0.06306210905313492,0.027965616434812546
296,295,high,always_act,False,8,0,-0.33,0.17591017484664917,0.02706642635166645
297,296,high,always_act,False,13,0,-0.38,0.08023498207330704,0.021270588040351868
298,297,high,always_act,False,3,0,-0.28,0.17663142085075378,0.029426734894514084
299,298,high,always_act,False,14,0,-0.39,0.20683860778808594,0.04891420900821686
300,299,high,always_act,False,13,0,-0.38,0.25135180354118347,0.025805672630667686
301,300,high,always_act,True,14,0,0.86,0.03194018080830574,0.023663664236664772
302,301,high,always_act,False,2,0,-0.27,0.3314358592033386,0.015752336010336876
303,302,high,always_act,False,12,0,-0.37,0.3653703033924103,0.010742845013737679
304,303,high,always_act,False,8,0,-0.33,0.13719536364078522,0.033391255885362625
305,304,high,always_act,False,16,0,-0.41000000000000003,0.06200946867465973,0.05870366096496582
306,305,high,always_act,False,18,0,-0.43000000000000005,0.11927295476198196,0.04914473742246628
307,306,high,always_act,False,2,0,-0.27,0.3089890480041504,0.03617185354232788
308,307,high,always_act,False,15,0,-0.4,0.06456387042999268,0.03220932558178902
309,308,high,always_act,False,11,0,-0.36,0.24514521658420563,0.03693500533699989
310,309,high,always_act,False,4,0,-0.29000000000000004,0.24293465912342072,0.041132599115371704
311,310,high,always_act,False,17,0,-0.42000000000000004,0.18786151707172394,0.05394285172224045
312,311,high,always_act,False,12,0,-0.37,0.0847858265042305,0.05232887715101242
313,312,high,always_act,False,14,0,-0.39,0.13892292976379395,0.028870433568954468
314,313,high,always_act,False,12,0,-0.37,0.09774326533079147,0.055172212421894073
315,314,high,always_act,False,20,0,-0.45000000000000007,0.12346100807189941,0.039693959057331085
316,315,high,always_act,False,19,0,-0.44000000000000006,0.19223552942276,0.019076937809586525
317,316,high,always_act,False,9,0,-0.34,0.3537500202655792,0.056814197450876236
318,317,high,always_act,False,18,0,-0.43000000000000005,0.12840788066387177,0.04852301627397537
319,318,high,always_act,False,19,0,-0.44000000000000006,0.2595735788345337,0.016211582347750664
320,319,high,always_act,False,16,0,-0.41000000000000003,0.0868959128856659,0.054801955819129944
321,320,high,always_act,False,20,0,-0.45000000000000007,0.1875515580177307,0.028053760528564453
322,321,high,always_act,False,11,0,-0.36,0.3588559925556183,0.04710374400019646
323,322,high,always_act,True,10,0,0.9,0.0387565940618515,0.018601149320602417
324,323,high,always_act,False,19,0,-0.44000000000000006,0.3099168539047241,0.059876397252082825
325,324,high,always_act,False,10,0,-0.35,0.13644813001155853,0.03427428752183914
326,325,high,always_act,True,11,0,0.89,0.00991539191454649,0.04917486011981964
327,326,high,always_act,False,7,0,-0.32,0.25818943977355957,0.051187820732593536
328,327,high,always_act,False,8,0,-0.33,0.19132228195667267,0.056679029017686844
329,328,high,always_act,False,14,0,-0.39,0.12438035756349564,0.05389150232076645
330,329,high,always_act,False,10,0,-0.35,0.2570107579231262,0.05893062800168991
331,330,high,always_act,False,23,0,-0.4800000000000001,0.0930057242512703,0.030178245157003403
332,331,high,always_act,False,11,0,-0.36,0.12606361508369446,0.029539547860622406
333,332,high,always_act,False,14,0,-0.39,0.08575556427240372,0.033732496201992035
334,333,high,always_act,False,20,0,-0.45000000000000007,0.18482953310012817,0.03685546666383743
335,334,high,always_act,False,5,0,-0.3,0.3012484312057495,0.040598321706056595
336,335,high,always_act,False,12,0,-0.37,0.1553763449192047,0.052110206335783005
337,336,high,always_act,False,19,0,-0.44000000000000006,0.1356886476278305,0.016864418983459473
338,337,high,always_act,False,5,0,-0.3,0.06777618080377579,0.016518639400601387
339,338,high,always_act,False,15,0,-0.4,0.35629069805145264,0.04890226200222969
340,339,high,always_act,False,17,0,-0.42000000000000004,0.07272673398256302,0.01887558214366436
341,340,high,always_act,False,16,0,-0.41000000000000003,0.08706211298704147,0.028253158554434776
342,341,high,always_act,False,10,0,-0.35,0.1955379843711853,0.03845052421092987
343,342,high,always_act,False,16,0,-0.41000000000000003,0.19936272501945496,0.05596264824271202
344,343,high,always_act,False,14,0,-0.39,0.2689666748046875,0.037449322640895844
345,344,high,always_act,False,10,0,-0.35,0.3090156018733978,0.015612139366567135
346,345,high,always_act,False,13,0,-0.38,0.17301779985427856,0.03306359052658081
347,346,high,always_act,False,5,0,-0.3,0.3313656151294708,0.026424523442983627
348,347,high,always_act,False,12,0,-0.37,0.3184196650981903,0.04685835540294647
349,348,high,always_act,False,10,0,-0.35,0.09852074831724167,0.04275315999984741
350,349,high,always_act,False,13,0,-0.38,0.10536836087703705,0.014847208745777607
351,350,high,always_act,False,15,0,-0.4,0.07280929386615753,0.017734048888087273
352,351,high,always_act,False,14,0,-0.39,0.08338174968957901,0.02047153189778328
353,352,high,always_act,False,10,0,-0.35,0.09205469489097595,0.02253582701086998
354,353,high,always_act,False,18,0,-0.43000000000000005,0.2604438066482544,0.033992279320955276
355,354,high,always_act,False,13,0,-0.38,0.15677405893802643,0.02439866214990616
356,355,high,always_act,False,15,0,-0.4,0.17936305701732635,0.021491724997758865
357,356,high,always_act,True,9,0,0.91,0.031527768820524216,0.04882142320275307
358,357,high,always_act,False,10,0,-0.35,0.1393762081861496,0.040513768792152405
359,358,high,always_act,False,15,0,-0.4,0.07724185287952423,0.04071623459458351
360,359,high,always_act,False,13,0,-0.38,0.1898026466369629,0.03042205609381199
361,360,high,always_act,False,19,0,-0.44000000000000006,0.07147486507892609,0.024173583835363388
362,361,high,always_act,False,14,0,-0.39,0.24684065580368042,0.05234347656369209
363,362,high,always_act,False,10,0,-0.35,0.33126547932624817,0.037358175963163376
364,363,high,always_act,False,19,0,-0.44000000000000006,0.09252960234880447,0.04603559523820877
365,364,high,always_act,False,16,0,-0.41000000000000003,0.21521469950675964,0.02268330194056034
366,365,high,always_act,False,19,0,-0.44000000000000006,0.1315537840127945,0.03879299759864807
367,366,high,always_act,False,10,0,-0.35,0.08496295660734177,0.03173115476965904
368,367,high,always_act,False,15,0,-0.4,0.12302815914154053,0.05408889800310135
369,368,high,always_act,False,12,0,-0.37,0.18936516344547272,0.05011427775025368
370,369,high,always_act,False,17,0,-0.42000000000000004,0.19476386904716492,0.02074335515499115
371,370,high,always_act,False,19,0,-0.44000000000000006,0.3055625557899475,0.043082449585199356
372,371,high,always_act,False,12,0,-0.37,0.1943463534116745,0.0488889254629612
373,372,high,always_act,False,17,0,-0.42000000000000004,0.06467466801404953,0.028379900380969048
374,373,high,always_act,False,13,0,-0.38,0.2343161702156067,0.04441647231578827
375,374,high,always_act,False,7,0,-0.32,0.16293931007385254,0.04932263866066933
376,375,high,always_act,False,16,0,-0.41000000000000003,0.3270772695541382,0.0522732250392437
377,376,high,always_act,False,18,0,-0.43000000000000005,0.2028278410434723,0.0263745728880167
378,377,high,always_act,False,12,0,-0.37,0.14537297189235687,0.05609028786420822
379,378,high,always_act,True,10,0,0.9,0.028199877589941025,0.02355668880045414
380,379,high,always_act,False,19,0,-0.44000000000000006,0.2816322445869446,0.047855865210294724
381,380,high,always_act,False,7,0,-0.32,0.08937858045101166,0.05584562197327614
382,381,high,always_act,False,17,0,-0.42000000000000004,0.14395524561405182,0.05944930016994476
383,382,high,always_act,False,13,0,-0.38,0.12867829203605652,0.04928749054670334
384,383,high,always_act,False,15,0,-0.4,0.1696210503578186,0.013364997692406178
385,384,high,always_act,False,15,0,-0.4,0.15373343229293823,0.010148663073778152
386,385,high,always_act,False,15,0,-0.4,0.17139102518558502,0.024878812953829765
387,386,high,always_act,False,8,0,-0.33,0.07863567769527435,0.013902232982218266
388,387,high,always_act,False,8,0,-0.33,0.16810396313667297,0.03816705942153931
389,388,high,always_act,False,13,0,-0.38,0.11664433777332306,0.02817978896200657
390,389,high,always_act,False,7,0,-0.32,0.14811648428440094,0.04802745580673218
391,390,high,always_act,False,22,0,-0.4700000000000001,0.2082703411579132,0.05524599552154541
392,391,high,always_act,False,13,0,-0.38,0.22954301536083221,0.03566186502575874
393,392,high,always_act,False,11,0,-0.36,0.08944329619407654,0.054463185369968414
394,393,high,always_act,False,15,0,-0.4,0.31592366099357605,0.016628727316856384
395,394,high,always_act,False,12,0,-0.37,0.07269451767206192,0.05980393663048744
396,395,high,always_act,True,12,0,0.88,0.03833380341529846,0.034198105335235596
397,396,high,always_act,False,6,0,-0.31,0.12575657665729523,0.0502433143556118
398,397,high,always_act,True,16,0,0.84,0.05233224853873253,0.04533113166689873
399,398,high,always_act,False,13,0,-0.38,0.2405800074338913,0.033509790897369385
400,399,high,always_act,False,13,0,-0.38,0.16241304576396942,0.022108981385827065
401,400,high,always_act,False,14,0,-0.39,0.24158798158168793,0.01608993671834469
402,401,high,always_act,False,14,0,-0.39,0.18495987355709076,0.04291025921702385
403,402,high,always_act,False,15,0,-0.4,0.31868496537208557,0.044962044805288315
404,403,high,always_act,False,15,0,-0.4,0.06430331617593765,0.05649246647953987
405,404,high,always_act,False,12,0,-0.37,0.10100934654474258,0.049903832376003265
406,405,high,always_act,False,11,0,-0.36,0.2028258889913559,0.053609881550073624
407,406,high,always_act,False,3,0,-0.28,0.22821049392223358,0.013526137918233871
408,407,high,always_act,False,7,0,-0.32,0.19141794741153717,0.01840749941766262
409,408,high,always_act,False,5,0,-0.3,0.3787862956523895,0.05015886202454567
410,409,high,always_act,False,11,0,-0.36,0.14930671453475952,0.03017515502870083
411,410,high,always_act,False,14,0,-0.39,0.26715314388275146,0.010734153911471367
412,411,high,always_act,False,16,0,-0.41000000000000003,0.22978392243385315,0.0279148630797863
413,412,high,always_act,False,12,0,-0.37,0.28734850883483887,0.04346712306141853
414,413,high,always_act,False,4,0,-0.29000000000000004,0.25682318210601807,0.059022627770900726
415,414,high,always_act,False,14,0,-0.39,0.1474873125553131,0.029191279783844948
416,415,high,always_act,False,16,0,-0.41000000000000003,0.22283531725406647,0.05471863970160484
417,416,high,always_act,False,7,0,-0.32,0.0961611419916153,0.026146838441491127
418,417,high,always_act,False,19,0,-0.44000000000000006,0.10244636237621307,0.03928697854280472
419,418,high,always_act,False,17,0,-0.42000000000000004,0.16644658148288727,0.047999415546655655
420,419,high,always_act,False,22,0,-0.4700000000000001,0.10701393336057663,0.028137629851698875
421,420,high,always_act,False,15,0,-0.4,0.2787499725818634,0.04087049886584282
422,421,high,always_act,False,7,0,-0.32,0.10817892104387283,0.038236599415540695
423,422,high,always_act,False,13,0,-0.38,0.28343716263771057,0.04338676854968071
424,423,high,always_act,False,12,0,-0.37,0.19727671146392822,0.026927685365080833
425,424,high,always_act,False,15,0,-0.4,0.1283387392759323,0.015841631218791008
426,425,high,always_act,False,5,0,-0.3,0.158345565199852,0.03531697019934654
427,426,high,always_act,False,12,0,-0.37,0.14159822463989258,0.03084828518331051
428,427,high,always_act,False,19,0,-0.44000000000000006,0.0653245598077774,0.05487323924899101
429,428,high,always_act,False,12,0,-0.37,0.35624533891677856,0.019719399511814117
430,429,high,always_act,False,4,0,-0.29000000000000004,0.3221009373664856,0.039662595838308334
431,430,high,always_act,False,20,0,-0.45000000000000007,0.24674241244792938,0.04281939938664436
432,431,high,always_act,False,11,0,-0.36,0.16710780560970306,0.04391053691506386
433,432,high,always_act,False,11,0,-0.36,0.23483474552631378,0.04775865748524666
434,433,high,always_act,False,14,0,-0.39,0.1770530492067337,0.013651274144649506
435,434,high,always_act,False,6,0,-0.31,0.43826648592948914,0.036544498056173325
436,435,high,always_act,False,16,0,-0.41000000000000003,0.15478889644145966,0.020781418308615685
437,436,high,always_act,False,14,0,-0.39,0.23708035051822662,0.021292217075824738
438,437,high,always_act,False,15,0,-0.4,0.1077059879899025,0.021481286734342575
439,438,high,always_act,False,19,0,-0.44000000000000006,0.21083106100559235,0.03429146856069565
440,439,high,always_act,False,21,0,-0.4600000000000001,0.18805019557476044,0.034093309193849564
441,440,high,always_act,False,18,0,-0.43000000000000005,0.12793590128421783,0.01925801858305931
442,441,high,always_act,False,13,0,-0.38,0.16626717150211334,0.04128294810652733
443,442,high,always_act,False,10,0,-0.35,0.34113970398902893,0.030681617558002472
444,443,high,always_act,False,3,0,-0.28,0.2745552957057953,0.04148953780531883
445,444,high,always_act,False,12,0,-0.37,0.1904795616865158,0.0259086973965168
446,445,high,always_act,False,13,0,-0.38,0.23389112949371338,0.022518357262015343
447,446,high,always_act,False,17,0,-0.42000000000000004,0.21276429295539856,0.05418837070465088
448,447,high,always_act,True,16,0,0.84,0.03693224489688873,0.05352691188454628
449,448,high,always_act,False,2,0,-0.27,0.14495882391929626,0.056220121681690216
450,449,high,always_act,False,18,0,-0.43000000000000005,0.173346146941185,0.051735103130340576
451,450,high,always_act,True,8,0,0.9199999999999999,0.05296728014945984,0.02796662040054798
452,451,high,always_act,True,9,0,0.91,0.02710914984345436,0.023708829656243324
453,452,high,always_act,False,14,0,-0.39,0.07999389618635178,0.026241471990942955
454,453,high,always_act,False,4,0,-0.29000000000000004,0.2612471878528595,0.04348940774798393
455,454,high,always_act,True,9,0,0.91,0.04850279912352562,0.049949757754802704
456,455,high,always_act,False,12,0,-0.37,0.2716919183731079,0.04102138802409172
457,456,high,always_act,False,15,0,-0.4,0.22907765209674835,0.020129388198256493
458,457,high,always_act,False,18,0,-0.43000000000000005,0.15686394274234772,0.018727386370301247
459,458,high,always_act,False,17,0,-0.42000000000000004,0.2562089264392853,0.03522038459777832
460,459,high,always_act,False,17,0,-0.42000000000000004,0.07102359086275101,0.053325530141592026
461,460,high,always_act,True,13,0,0.87,0.052842363715171814,0.025489961728453636
462,461,high,always_act,False,14,0,-0.39,0.20024710893630981,0.012659111991524696
463,462,high,always_act,False,14,0,-0.39,0.33848506212234497,0.05223887041211128
464,463,high,always_act,False,13,0,-0.38,0.2640802562236786,0.01581181399524212
465,464,high,always_act,False,13,0,-0.38,0.16251322627067566,0.05328776314854622
466,465,high,always_act,False,18,0,-0.43000000000000005,0.16419591009616852,0.04312025010585785
467,466,high,always_act,False,7,0,-0.32,0.13197152316570282,0.051550038158893585
468,467,high,always_act,True,14,0,0.86,0.02364257723093033,0.029133738949894905
469,468,high,always_act,False,20,0,-0.45000000000000007,0.09402234852313995,0.016524076461791992
470,469,high,always_act,False,21,0,-0.4600000000000001,0.18164695799350739,0.02141362614929676
471,470,high,always_act,False,10,0,-0.35,0.11573050171136856,0.03844587132334709
472,471,high,always_act,False,7,0,-0.32,0.06324287503957748,0.05624937266111374
473,472,high,always_act,False,13,0,-0.38,0.12131182104349136,0.011710507795214653
474,473,high,always_act,False,17,0,-0.42000000000000004,0.1308797299861908,0.03535325452685356
475,474,high,always_act,False,18,0,-0.43000000000000005,0.1830519735813141,0.024165062233805656
476,475,high,always_act,False,15,0,-0.4,0.23015521466732025,0.015961231663823128
477,476,high,always_act,False,10,0,-0.35,0.1373438984155655,0.05559582635760307
478,477,high,always_act,False,13,0,-0.38,0.23042583465576172,0.040036022663116455
479,478,high,always_act,False,13,0,-0.38,0.2023669332265854,0.03599552437663078
480,479,high,always_act,False,7,0,-0.32,0.20944738388061523,0.03677299618721008
481,480,high,always_act,False,12,0,-0.37,0.25343140959739685,0.012739881873130798
482,481,high,always_act,False,17,0,-0.42000000000000004,0.0713205337524414,0.04367887228727341
483,482,high,always_act,False,13,0,-0.38,0.1648152619600296,0.03109551966190338
484,483,high,always_act,False,6,0,-0.31,0.39397647976875305,0.027884049341082573
485,484,high,always_act,False,11,0,-0.36,0.19842742383480072,0.02917194738984108
486,485,high,always_act,False,13,0,-0.38,0.0759403258562088,0.052467599511146545
487,486,high,always_act,False,20,0,-0.45000000000000007,0.071586012840271,0.03343316167593002
488,487,high,always_act,False,9,0,-0.34,0.1043347641825676,0.025149552151560783
489,488,high,always_act,False,6,0,-0.31,0.1869976818561554,0.03038790449500084
490,489,high,always_act,False,20,0,-0.45000000000000007,0.17771807312965393,0.056514009833335876
491,490,high,always_act,False,6,0,-0.31,0.13448306918144226,0.04464609920978546
492,491,high,always_act,False,22,0,-0.4700000000000001,0.12342803180217743,0.024480396881699562
493,492,high,always_act,False,14,0,-0.39,0.10428893566131592,0.034774743020534515
494,493,high,always_act,False,19,0,-0.44000000000000006,0.09742233902215958,0.03757033869624138
495,494,high,always_act,False,15,0,-0.4,0.24617229402065277,0.0329122394323349
496,495,high,always_act,False,20,0,-0.45000000000000007,0.16510221362113953,0.05418356880545616
497,496,high,always_act,False,17,0,-0.42000000000000004,0.12024512887001038,0.010432109236717224
498,497,high,always_act,False,14,0,-0.39,0.17042656242847443,0.04666392505168915
499,498,high,always_act,False,21,0,-0.4600000000000001,0.12551382184028625,0.03700419142842293
500,499,high,always_act,False,15,0,-0.4,0.18505138158798218,0.030648723244667053
501,500,high,always_act,False,17,0,-0.42000000000000004,0.0847075805068016,0.04443827643990517
502,501,high,always_act,False,17,0,-0.42000000000000004,0.098473459482193,0.03908705711364746
503,502,high,always_act,False,4,0,-0.29000000000000004,0.19771748781204224,0.019434131681919098
504,503,high,always_act,False,5,0,-0.3,0.21941794455051422,0.05706445127725601
505,504,high,always_act,False,6,0,-0.31,0.2290882021188736,0.0594223216176033
506,505,high,always_act,False,16,0,-0.41000000000000003,0.2557063400745392,0.018750589340925217
507,506,high,always_act,False,9,0,-0.34,0.13229724764823914,0.02568129263818264
508,507,high,always_act,False,15,0,-0.4,0.3869612216949463,0.030507992953062057
509,508,high,always_act,False,17,0,-0.42000000000000004,0.1319216936826706,0.024337509647011757
510,509,high,always_act,True,16,0,0.84,0.029335539788007736,0.0465906597673893
511,510,high,always_act,False,9,0,-0.34,0.17943212389945984,0.018610946834087372
512,511,high,always_act,True,17,0,0.83,0.023577984422445297,0.01523209922015667
513,512,high,always_act,False,18,0,-0.43000000000000005,0.12643977999687195,0.011758188717067242
514,513,high,always_act,False,8,0,-0.33,0.07684639096260071,0.04637027159333229
515,514,high,always_act,True,18,0,0.82,0.04620157554745674,0.026195501908659935
516,515,high,always_act,False,7,0,-0.32,0.27936193346977234,0.03389088809490204
517,516,high,always_act,False,13,0,-0.38,0.08218713849782944,0.03425580635666847
518,517,high,always_act,False,17,0,-0.42000000000000004,0.17990010976791382,0.047579023987054825
519,518,high,always_act,False,12,0,-0.37,0.19352877140045166,0.05354010686278343
520,519,high,always_act,False,4,0,-0.29000000000000004,0.09394852072000504,0.03987317159771919
521,520,high,always_act,False,7,0,-0.32,0.14478690922260284,0.044591937214136124
522,521,high,always_act,False,9,0,-0.34,0.3895221948623657,0.05876241996884346
523,522,high,always_act,False,13,0,-0.38,0.2155250906944275,0.02366253361105919
524,523,high,always_act,False,10,0,-0.35,0.3557175397872925,0.030686091631650925
525,524,high,always_act,False,13,0,-0.38,0.18354536592960358,0.02123427577316761
526,525,high,always_act,False,12,0,-0.37,0.1451205015182495,0.05071936175227165
527,526,high,always_act,False,10,0,-0.35,0.15287265181541443,0.04712870717048645
528,527,high,always_act,False,15,0,-0.4,0.1936054229736328,0.012915928848087788
529,528,high,always_act,False,11,0,-0.36,0.21364493668079376,0.024414021521806717
530,529,high,always_act,False,6,0,-0.31,0.16362564265727997,0.04026411473751068
531,530,high,always_act,False,12,0,-0.37,0.087281234562397,0.03454136475920677
532,531,high,always_act,False,23,0,-0.4800000000000001,0.1815050095319748,0.05165395513176918
533,532,high,always_act,True,4,0,0.96,0.05300614610314369,0.050026729702949524
534,533,high,always_act,True,15,0,0.85,0.039144665002822876,0.04425342008471489
535,534,high,always_act,False,22,0,-0.4700000000000001,0.32479891180992126,0.058690737932920456
536,535,high,always_act,False,15,0,-0.4,0.12916606664657593,0.016567984595894814
537,536,high,always_act,False,5,0,-0.3,0.24260582029819489,0.047629088163375854
538,537,high,always_act,False,13,0,-0.38,0.2055106908082962,0.03388607129454613
539,538,high,always_act,False,16,0,-0.41000000000000003,0.1996542066335678,0.01493221614509821
540,539,high,always_act,False,8,0,-0.33,0.15070922672748566,0.057714227586984634
541,540,high,always_act,False,9,0,-0.34,0.17265993356704712,0.049267951399087906
542,541,high,always_act,False,10,0,-0.35,0.22689178586006165,0.04776852950453758
543,542,high,always_act,False,19,0,-0.44000000000000006,0.10032968968153,0.035631049424409866
544,543,high,always_act,False,14,0,-0.39,0.1264995038509369,0.029561722651124
545,544,high,always_act,False,17,0,-0.42000000000000004,0.091338150203228,0.012038725428283215
546,545,high,always_act,False,16,0,-0.41000000000000003,0.1038520559668541,0.020039822906255722
547,546,high,always_act,False,12,0,-0.37,0.1885232776403427,0.022334745153784752
548,547,high,always_act,False,15,0,-0.4,0.29920634627342224,0.042375002056360245
549,548,high,always_act,False,10,0,-0.35,0.11288020014762878,0.04087124019861221
550,549,high,always_act,False,8,0,-0.33,0.1256859302520752,0.05191636085510254
551,550,high,always_act,False,12,0,-0.37,0.3057713210582733,0.04817497730255127
552,551,high,always_act,False,14,0,-0.39,0.12684334814548492,0.04015544429421425
553,552,high,always_act,False,4,0,-0.29000000000000004,0.22949549555778503,0.010403423570096493
554,553,high,always_act,False,15,0,-0.4,0.18751776218414307,0.0527726411819458
555,554,high,always_act,False,18,0,-0.43000000000000005,0.12212253361940384,0.03916230797767639
556,555,high,always_act,False,4,0,-0.29000000000000004,0.1618586778640747,0.04468921571969986
557,556,high,always_act,False,8,0,-0.33,0.23635154962539673,0.031087474897503853
558,557,high,always_act,False,13,0,-0.38,0.1753372699022293,0.03154471144080162
559,558,high,always_act,False,9,0,-0.34,0.1337973177433014,0.018717074766755104
560,559,high,always_act,False,21,0,-0.4600000000000001,0.14910398423671722,0.04020834341645241
561,560,high,always_act,False,7,0,-0.32,0.09693904221057892,0.05475901812314987
562,561,high,always_act,False,21,0,-0.4600000000000001,0.2993738055229187,0.019255122169852257
563,562,high,always_act,True,11,0,0.89,0.059029195457696915,0.031065668910741806
564,563,high,always_act,False,17,0,-0.42000000000000004,0.21698257327079773,0.014179328456521034
565,564,high,always_act,False,15,0,-0.4,0.3078264594078064,0.05016104876995087
566,565,high,always_act,False,17,0,-0.42000000000000004,0.2754036486148834,0.01864861510694027
567,566,high,always_act,False,20,0,-0.45000000000000007,0.17683283984661102,0.02825150266289711
568,567,high,always_act,False,19,0,-0.44000000000000006,0.223630890250206,0.05937919393181801
569,568,high,always_act,False,16,0,-0.41000000000000003,0.26014840602874756,0.03367811068892479
570,569,high,always_act,False,16,0,-0.41000000000000003,0.11750108003616333,0.03374434635043144
571,570,high,always_act,False,12,0,-0.37,0.19346824288368225,0.038353465497493744
572,571,high,always_act,False,12,0,-0.37,0.12651582062244415,0.03731196001172066
573,572,high,always_act,False,9,0,-0.34,0.1705920249223709,0.041458290070295334
574,573,high,always_act,False,16,0,-0.41000000000000003,0.22545889019966125,0.028020907193422318
575,574,high,always_act,False,19,0,-0.44000000000000006,0.1498705893754959,0.05219457298517227
576,575,high,always_act,True,8,0,0.9199999999999999,0.05562605708837509,0.016050253063440323
577,576,high,always_act,False,14,0,-0.39,0.24839413166046143,0.03675954043865204
578,577,high,always_act,False,10,0,-0.35,0.07083017379045486,0.05842171981930733
579,578,high,always_act,False,3,0,-0.28,0.280429869890213,0.03156299144029617
580,579,high,always_act,True,16,0,0.84,0.015310784801840782,0.020237259566783905
581,580,high,always_act,False,8,0,-0.33,0.2074083387851715,0.03590286523103714
582,581,high,always_act,False,9,0,-0.34,0.11550042033195496,0.036780696362257004
583,582,high,always_act,False,5,0,-0.3,0.08215093612670898,0.02242053672671318
584,583,high,always_act,False,6,0,-0.31,0.24449318647384644,0.033484384417533875
585,584,high,always_act,False,18,0,-0.43000000000000005,0.2853366732597351,0.014997228980064392
586,585,high,always_act,True,16,0,0.84,0.029685525223612785,0.026582462713122368
587,586,high,always_act,True,11,0,0.89,0.024785995483398438,0.030640333890914917
588,587,high,always_act,False,6,0,-0.31,0.18155619502067566,0.04449547454714775
589,588,high,always_act,False,21,0,-0.4600000000000001,0.117181695997715,0.03048904985189438
590,589,high,always_act,True,12,0,0.88,0.04867582768201828,0.03823573514819145
591,590,high,always_act,False,20,0,-0.45000000000000007,0.4033080041408539,0.01936492696404457
592,591,high,always_act,False,8,0,-0.33,0.13816727697849274,0.029984908178448677
593,592,high,always_act,False,2,0,-0.27,0.12635788321495056,0.02916751429438591
594,593,high,always_act,False,22,0,-0.4700000000000001,0.21122263371944427,0.034138187766075134
595,594,high,always_act,False,9,0,-0.34,0.1609889417886734,0.030276307836174965
596,595,high,always_act,False,12,0,-0.37,0.3134843111038208,0.037715841084718704
597,596,high,always_act,False,16,0,-0.41000000000000003,0.19889730215072632,0.0523834154009819
598,597,high,always_act,True,16,0,0.84,0.049514781683683395,0.050121936947107315
599,598,high,always_act,False,19,0,-0.44000000000000006,0.23052620887756348,0.04841576889157295
600,599,high,always_act,False,22,0,-0.4700000000000001,0.29745739698410034,0.026090653613209724
601,600,high,always_act,False,2,0,-0.27,0.15725192427635193,0.04630213603377342
602,601,high,always_act,False,15,0,-0.4,0.08508957922458649,0.024150090292096138
603,602,high,always_act,False,17,0,-0.42000000000000004,0.2335270494222641,0.012079807929694653
604,603,high,always_act,False,7,0,-0.32,0.0716715157032013,0.024654600769281387
605,604,high,always_act,False,11,0,-0.36,0.395916223526001,0.017914505675435066
606,605,high,always_act,False,13,0,-0.38,0.08273828029632568,0.017170889303088188
607,606,high,always_act,False,19,0,-0.44000000000000006,0.10393472760915756,0.05792011320590973
608,607,high,always_act,False,13,0,-0.38,0.17154903709888458,0.012052832171320915
609,608,high,always_act,False,12,0,-0.37,0.25126713514328003,0.01603963039815426
610,609,high,always_act,False,16,0,-0.41000000000000003,0.29187315702438354,0.04036366194486618
611,610,high,always_act,True,11,0,0.89,0.044592924416065216,0.014585820958018303
612,611,high,always_act,False,20,0,-0.45000000000000007,0.13153761625289917,0.05445435270667076
613,612,high,always_act,False,9,0,-0.34,0.10081680864095688,0.04957570880651474
614,613,high,always_act,False,20,0,-0.45000000000000007,0.11374470591545105,0.0355752557516098
615,614,high,always_act,False,3,0,-0.28,0.10045528411865234,0.028121626004576683
616,615,high,always_act,False,17,0,-0.42000000000000004,0.12932653725147247,0.020353510975837708
617,616,high,always_act,False,17,0,-0.42000000000000004,0.30887195467948914,0.029145989567041397
618,617,high,always_act,True,6,0,0.94,0.0508323535323143,0.01251116581261158
619,618,high,always_act,False,11,0,-0.36,0.17593912780284882,0.011341258883476257
620,619,high,always_act,False,13,0,-0.38,0.24876613914966583,0.04355064406991005
621,620,high,always_act,False,15,0,-0.4,0.1965608298778534,0.03815469518303871
622,621,high,always_act,False,11,0,-0.36,0.07986322790384293,0.05136691778898239
623,622,high,always_act,False,5,0,-0.3,0.2361346185207367,0.057661816477775574
624,623,high,always_act,False,18,0,-0.43000000000000005,0.24070662260055542,0.049972835928201675
625,624,high,always_act,False,3,0,-0.28,0.09355516731739044,0.04172893241047859
626,625,high,always_act,True,11,0,0.89,0.05873728543519974,0.049437057226896286
627,626,high,always_act,False,13,0,-0.38,0.1634862720966339,0.020778309553861618
628,627,high,always_act,False,9,0,-0.34,0.1601858139038086,0.04877626150846481
629,628,high,always_act,False,16,0,-0.41000000000000003,0.16138271987438202,0.010068102739751339
630,629,high,always_act,False,16,0,-0.41000000000000003,0.37048888206481934,0.0373755618929863
631,630,high,always_act,False,4,0,-0.29000000000000004,0.373952180147171,0.019115591421723366
632,631,high,always_act,False,17,0,-0.42000000000000004,0.135015070438385,0.05590460076928139
633,632,high,always_act,False,10,0,-0.35,0.0643204003572464,0.04547860473394394
634,633,high,always_act,False,13,0,-0.38,0.2531067430973053,0.023061007261276245
635,634,high,always_act,False,14,0,-0.39,0.200945183634758,0.046613603830337524
636,635,high,always_act,False,15,0,-0.4,0.11681599915027618,0.05714726075530052
637,636,high,always_act,False,12,0,-0.37,0.2608759105205536,0.05335091054439545
638,637,high,always_act,False,10,0,-0.35,0.09020159393548965,0.04016676917672157
639,638,high,always_act,False,9,0,-0.34,0.18630392849445343,0.03380896896123886
640,639,high,always_act,False,17,0,-0.42000000000000004,0.18024307489395142,0.023258347064256668
641,640,high,always_act,False,11,0,-0.36,0.1343771070241928,0.05745091661810875
642,641,high,always_act,False,17,0,-0.42000000000000004,0.11745040118694305,0.04112629592418671
643,642,high,always_act,False,8,0,-0.33,0.2782244384288788,0.021432945504784584
644,643,high,always_act,True,4,0,0.96,0.032867588102817535,0.010701339691877365
645,644,high,always_act,False,4,0,-0.29000000000000004,0.4162836968898773,0.018058141693472862
646,645,high,always_act,False,14,0,-0.39,0.19416536390781403,0.022702744230628014
647,646,high,always_act,False,9,0,-0.34,0.09226736426353455,0.011692507192492485
648,647,high,always_act,False,10,0,-0.35,0.10955952852964401,0.035067908465862274
649,648,high,always_act,False,12,0,-0.37,0.16211676597595215,0.032318782061338425
650,649,high,always_act,False,19,0,-0.44000000000000006,0.17202721536159515,0.055623676627874374
651,650,high,always_act,True,12,0,0.88,0.054073266685009,0.02794826403260231
652,651,high,always_act,False,15,0,-0.4,0.2239500880241394,0.016402099281549454
653,652,high,always_act,False,10,0,-0.35,0.23833245038986206,0.013599639758467674
654,653,high,always_act,False,13,0,-0.38,0.09254701435565948,0.02461843378841877
655,654,high,always_act,False,16,0,-0.41000000000000003,0.16480499505996704,0.01547836884856224
656,655,high,always_act,False,9,0,-0.34,0.09790921956300735,0.03667672723531723
657,656,high,always_act,False,10,0,-0.35,0.1715206354856491,0.038166701793670654
658,657,high,always_act,False,19,0,-0.44000000000000006,0.10121447592973709,0.029501352459192276
659,658,high,always_act,False,2,0,-0.27,0.13722313940525055,0.05085459724068642
660,659,high,always_act,False,3,0,-0.28,0.17176365852355957,0.05024976655840874
661,660,high,always_act,False,12,0,-0.37,0.27492642402648926,0.02218276634812355
662,661,high,always_act,False,11,0,-0.36,0.17822131514549255,0.013194096274673939
663,662,high,always_act,False,3,0,-0.28,0.06338178366422653,0.029586317017674446
664,663,high,always_act,False,6,0,-0.31,0.11256245523691177,0.021804524585604668
665,664,high,always_act,False,12,0,-0.37,0.26110169291496277,0.01689894311130047
666,665,high,always_act,False,5,0,-0.3,0.19245071709156036,0.03770407289266586
667,666,high,always_act,False,12,0,-0.37,0.3554987907409668,0.012512486428022385
668,667,high,always_act,False,14,0,-0.39,0.0772857815027237,0.04500516504049301
669,668,high,always_act,False,11,0,-0.36,0.1261192113161087,0.02764844335615635
670,669,high,always_act,False,4,0,-0.29000000000000004,0.07664632052183151,0.05994019657373428
671,670,high,always_act,False,13,0,-0.38,0.2687894403934479,0.05248257890343666
672,671,high,always_act,False,20,0,-0.45000000000000007,0.16481353342533112,0.028047636151313782
673,672,high,always_act,False,11,0,-0.36,0.20038732886314392,0.013873199932277203
674,673,high,always_act,False,16,0,-0.41000000000000003,0.1841406524181366,0.02040664292871952
675,674,high,always_act,False,14,0,-0.39,0.06491748243570328,0.05408965051174164
676,675,high,always_act,False,8,0,-0.33,0.40108931064605713,0.04895664379000664
677,676,high,always_act,False,6,0,-0.31,0.3633521497249603,0.04396370053291321
678,677,high,always_act,False,13,0,-0.38,0.10064543038606644,0.05749238282442093
679,678,high,always_act,True,14,0,0.86,0.03824107348918915,0.04667869955301285
680,679,high,always_act,False,10,0,-0.35,0.16038957238197327,0.02397783473134041
681,680,high,always_act,True,4,0,0.96,0.0559634305536747,0.05741018429398537
682,681,high,always_act,False,10,0,-0.35,0.1694018840789795,0.025475719943642616
683,682,high,always_act,False,11,0,-0.36,0.11726496368646622,0.03305426612496376
684,683,high,always_act,False,19,0,-0.44000000000000006,0.11074314266443253,0.016821008175611496
685,684,high,always_act,False,13,0,-0.38,0.1537102460861206,0.03837108239531517
686,685,high,always_act,False,10,0,-0.35,0.2404339760541916,0.024711478501558304
687,686,high,always_act,True,13,0,0.87,0.05290168523788452,0.02963118627667427
688,687,high,always_act,False,14,0,-0.39,0.12139870971441269,0.046116314828395844
689,688,high,always_act,False,5,0,-0.3,0.19380803406238556,0.013485928066074848
690,689,high,always_act,False,16,0,-0.41000000000000003,0.1392720490694046,0.017091210931539536
691,690,high,always_act,False,21,0,-0.4600000000000001,0.07578297704458237,0.05316765606403351
692,691,high,always_act,False,11,0,-0.36,0.22874397039413452,0.01157244574278593
693,692,high,always_act,False,7,0,-0.32,0.2034495770931244,0.01857699640095234
694,693,high,always_act,False,14,0,-0.39,0.1389879584312439,0.03431471809744835
695,694,high,always_act,False,18,0,-0.43000000000000005,0.2066420316696167,0.05322056636214256
696,695,high,always_act,False,7,0,-0.32,0.22955766320228577,0.02480550855398178
697,696,high,always_act,False,12,0,-0.37,0.25547653436660767,0.035216331481933594
698,697,high,always_act,False,6,0,-0.31,0.07647290080785751,0.03939906507730484
699,698,high,always_act,False,19,0,-0.44000000000000006,0.1470106989145279,0.028584200888872147
700,699,high,always_act,False,15,0,-0.4,0.11096836626529694,0.031095482409000397
701,700,high,always_act,False,11,0,-0.36,0.17951083183288574,0.010814092122018337
702,701,high,always_act,False,19,0,-0.44000000000000006,0.2615734338760376,0.03594120219349861
703,702,high,always_act,False,7,0,-0.32,0.32610440254211426,0.03881692513823509
704,703,high,always_act,True,15,0,0.85,0.02709043212234974,0.046866320073604584
705,704,high,always_act,False,19,0,-0.44000000000000006,0.17237019538879395,0.02797190472483635
706,705,high,always_act,True,10,0,0.9,0.05935263633728027,0.015978990122675896
707,706,high,always_act,True,8,0,0.9199999999999999,0.021847251802682877,0.029066411778330803
708,707,high,always_act,False,17,0,-0.42000000000000004,0.26306042075157166,0.04829131066799164
709,708,high,always_act,False,19,0,-0.44000000000000006,0.06922459602355957,0.049551744014024734
710,709,high,always_act,False,18,0,-0.43000000000000005,0.3457977771759033,0.04803725704550743
711,710,high,always_act,False,1,0,-0.26,0.23954345285892487,0.05609038472175598
712,711,high,always_act,False,11,0,-0.36,0.0859670341014862,0.052185747772455215
713,712,high,always_act,True,8,0,0.9199999999999999,0.041942495852708817,0.03140099346637726
714,713,high,always_act,True,10,0,0.9,0.046784114092588425,0.018865423277020454
715,714,high,always_act,False,12,0,-0.37,0.1301039308309555,0.02384623885154724
716,715,high,always_act,False,5,0,-0.3,0.13499301671981812,0.05490821972489357
717,716,high,always_act,False,21,0,-0.4600000000000001,0.1312367022037506,0.03903399035334587
718,717,high,always_act,False,12,0,-0.37,0.17874972522258759,0.05113834887742996
719,718,high,always_act,True,15,0,0.85,0.022044828161597252,0.055383872240781784
720,719,high,always_act,False,15,0,-0.4,0.09901371598243713,0.02841603383421898
721,720,high,always_act,False,5,0,-0.3,0.11015268415212631,0.02576041966676712
722,721,high,always_act,False,5,0,-0.3,0.1851624846458435,0.05335177108645439
723,722,high,always_act,False,16,0,-0.41000000000000003,0.07975583523511887,0.02582467719912529
724,723,high,always_act,False,6,0,-0.31,0.18987946212291718,0.04708420857787132
725,724,high,always_act,False,12,0,-0.37,0.13240179419517517,0.04780418798327446
726,725,high,always_act,False,18,0,-0.43000000000000005,0.19733230769634247,0.011404507793486118
727,726,high,always_act,False,8,0,-0.33,0.2793942391872406,0.013016835786402225
728,727,high,always_act,False,14,0,-0.39,0.09860587120056152,0.054319366812705994
729,728,high,always_act,False,24,0,-0.4900000000000001,0.15612246096134186,0.03966417908668518
730,729,high,always_act,False,22,0,-0.4700000000000001,0.19614346325397491,0.013321812264621258
731,730,high,always_act,False,9,0,-0.34,0.20012590289115906,0.05151934176683426
732,731,high,always_act,False,11,0,-0.36,0.3374388515949249,0.05259731039404869
733,732,high,always_act,True,11,0,0.89,0.030044104903936386,0.04076549783349037
734,733,high,always_act,False,12,0,-0.37,0.11209074407815933,0.03183542191982269
735,734,high,always_act,False,17,0,-0.42000000000000004,0.2592390775680542,0.013613452203571796
736,735,high,always_act,False,16,0,-0.41000000000000003,0.26802268624305725,0.04678884148597717
737,736,high,always_act,False,17,0,-0.42000000000000004,0.2295321226119995,0.03291464224457741
738,737,high,always_act,False,6,0,-0.31,0.10540419071912766,0.027818933129310608
739,738,high,always_act,False,20,0,-0.45000000000000007,0.2918907403945923,0.0265696719288826
740,739,high,always_act,True,18,0,0.82,0.046961620450019836,0.012279737740755081
741,740,high,always_act,False,8,0,-0.33,0.2724393308162689,0.036162368953228
742,741,high,always_act,False,8,0,-0.33,0.08192789554595947,0.05656019225716591
743,742,high,always_act,False,20,0,-0.45000000000000007,0.12090706825256348,0.05291416496038437
744,743,high,always_act,False,3,0,-0.28,0.08185642957687378,0.017104292288422585
745,744,high,always_act,False,17,0,-0.42000000000000004,0.09439774602651596,0.05817374587059021
746,745,high,always_act,False,13,0,-0.38,0.26415514945983887,0.04454128444194794
747,746,high,always_act,False,13,0,-0.38,0.09041918814182281,0.028594743460416794
748,747,high,always_act,False,11,0,-0.36,0.17403535544872284,0.04122473672032356
749,748,high,always_act,False,19,0,-0.44000000000000006,0.07923160493373871,0.049666520208120346
750,749,high,always_act,False,17,0,-0.42000000000000004,0.06169833615422249,0.044577356427907944
751,750,high,always_act,False,16,0,-0.41000000000000003,0.31238269805908203,0.023643044754862785
752,751,high,always_act,False,3,0,-0.28,0.27075886726379395,0.015565366484224796
753,752,high,always_act,False,19,0,-0.44000000000000006,0.13831157982349396,0.04472300410270691
754,753,high,always_act,False,8,0,-0.33,0.13881804049015045,0.03093772940337658
755,754,high,always_act,False,13,0,-0.38,0.20064562559127808,0.03622382506728172
756,755,high,always_act,False,21,0,-0.4600000000000001,0.10084040462970734,0.024699857458472252
757,756,high,always_act,False,9,0,-0.34,0.2035476565361023,0.01352276373654604
758,757,high,always_act,False,16,0,-0.41000000000000003,0.23001229763031006,0.059201862663030624
759,758,high,always_act,False,21,0,-0.4600000000000001,0.2774096429347992,0.02896071784198284
760,759,high,always_act,False,7,0,-0.32,0.16158032417297363,0.0208663921803236
761,760,high,always_act,False,19,0,-0.44000000000000006,0.11984632909297943,0.01933983527123928
762,761,high,always_act,False,14,0,-0.39,0.17494578659534454,0.04019537940621376
763,762,high,always_act,False,4,0,-0.29000000000000004,0.3514399528503418,0.03351103886961937
764,763,high,always_act,True,17,0,0.83,0.03151163086295128,0.03539957478642464
765,764,high,always_act,False,21,0,-0.4600000000000001,0.10671834647655487,0.01675741747021675
766,765,high,always_act,False,14,0,-0.39,0.1272355020046234,0.02461520954966545
767,766,high,always_act,False,10,0,-0.35,0.3014642894268036,0.027515321969985962
768,767,high,always_act,False,11,0,-0.36,0.21663299202919006,0.027180060744285583
769,768,high,always_act,False,21,0,-0.4600000000000001,0.25072938203811646,0.04811520129442215
770,769,high,always_act,False,19,0,-0.44000000000000006,0.18068578839302063,0.02306833118200302
771,770,high,always_act,True,19,0,0.8099999999999999,0.05961725860834122,0.0316983200609684
772,771,high,always_act,False,9,0,-0.34,0.1590414047241211,0.05571558699011803
773,772,high,always_act,False,9,0,-0.34,0.19845595955848694,0.0215709637850523
774,773,high,always_act,False,11,0,-0.36,0.2951642870903015,0.01976459100842476
775,774,high,always_act,False,14,0,-0.39,0.14530356228351593,0.013218940235674381
776,775,high,always_act,True,10,0,0.9,0.013381704688072205,0.040052931755781174
777,776,high,always_act,False,7,0,-0.32,0.21510758996009827,0.0437818206846714
778,777,high,always_act,False,6,0,-0.31,0.34524431824684143,0.0510680265724659
779,778,high,always_act,False,9,0,-0.34,0.16493980586528778,0.04117792099714279
780,779,high,always_act,False,5,0,-0.3,0.13528738915920258,0.05634917691349983
781,780,high,always_act,False,10,0,-0.35,0.2493431121110916,0.04268588870763779
782,781,high,always_act,False,7,0,-0.32,0.13215535879135132,0.014425769448280334
783,782,high,always_act,False,4,0,-0.29000000000000004,0.2245396077632904,0.05607526749372482
784,783,high,always_act,False,6,0,-0.31,0.30458420515060425,0.04104386642575264
785,784,high,always_act,False,13,0,-0.38,0.15016378462314606,0.04879029467701912
786,785,high,always_act,False,20,0,-0.45000000000000007,0.34894683957099915,0.019150009378790855
787,786,high,always_act,False,17,0,-0.42000000000000004,0.08385569602251053,0.0426732636988163
788,787,high,always_act,False,7,0,-0.32,0.1691325157880783,0.014415204524993896
789,788,high,always_act,False,12,0,-0.37,0.14329589903354645,0.01946934312582016
790,789,high,always_act,True,6,0,0.94,0.040875181555747986,0.03254551440477371
791,790,high,always_act,False,17,0,-0.42000000000000004,0.35392144322395325,0.03287893161177635
792,791,high,always_act,True,15,0,0.85,0.05453838035464287,0.046543363481760025
793,792,high,always_act,True,11,0,0.89,0.01779896207153797,0.05635765567421913
794,793,high,always_act,False,20,0,-0.45000000000000007,0.21320852637290955,0.0263103898614645
795,794,high,always_act,False,10,0,-0.35,0.28471747040748596,0.04529793933033943
796,795,high,always_act,True,11,0,0.89,0.034973565489053726,0.026269398629665375
797,796,high,always_act,False,15,0,-0.4,0.27454662322998047,0.0513635016977787
798,797,high,always_act,False,8,0,-0.33,0.13711290061473846,0.054938726127147675
799,798,high,always_act,False,14,0,-0.39,0.1350744068622589,0.051303476095199585
800,799,high,always_act,False,10,0,-0.35,0.22856959700584412,0.05000811442732811
801,800,high,always_act,False,7,0,-0.32,0.07404486835002899,0.056793197989463806
802,801,high,always_act,False,11,0,-0.36,0.2652948200702667,0.05682610347867012
803,802,high,always_act,False,15,0,-0.4,0.22218385338783264,0.03712456300854683
804,803,high,always_act,False,10,0,-0.35,0.15258754789829254,0.04319622367620468
805,804,high,always_act,False,23,0,-0.4800000000000001,0.2654745578765869,0.016451256349682808
806,805,high,always_act,False,3,0,-0.28,0.10549353808164597,0.018054654821753502
807,806,high,always_act,False,9,0,-0.34,0.1297130137681961,0.0352025106549263
808,807,high,always_act,False,14,0,-0.39,0.19759038090705872,0.01807955838739872
809,808,high,always_act,False,10,0,-0.35,0.1609499454498291,0.019499801099300385
810,809,high,always_act,False,18,0,-0.43000000000000005,0.07589078694581985,0.0382353849709034
811,810,high,always_act,False,8,0,-0.33,0.130334734916687,0.05192342773079872
812,811,high,always_act,False,15,0,-0.4,0.24358637630939484,0.053826361894607544
813,812,high,always_act,False,17,0,-0.42000000000000004,0.3313448131084442,0.04567895457148552
814,813,high,always_act,False,13,0,-0.38,0.1644270122051239,0.05889658257365227
815,814,high,always_act,False,7,0,-0.32,0.15274694561958313,0.026624562218785286
816,815,high,always_act,False,20,0,-0.45000000000000007,0.09627828001976013,0.026027921587228775
817,816,high,always_act,False,13,0,-0.38,0.09356173872947693,0.05232388526201248
818,817,high,always_act,False,13,0,-0.38,0.2630949318408966,0.03920721635222435
819,818,high,always_act,False,6,0,-0.31,0.08368588238954544,0.04566696286201477
820,819,high,always_act,False,15,0,-0.4,0.15133531391620636,0.04148012772202492
821,820,high,always_act,False,17,0,-0.42000000000000004,0.10754534602165222,0.041886650025844574
822,821,high,always_act,False,17,0,-0.42000000000000004,0.19044677913188934,0.047197796404361725
823,822,high,always_act,False,12,0,-0.37,0.08335652947425842,0.05790729820728302
824,823,high,always_act,True,16,0,0.84,0.05038592591881752,0.026012418791651726
825,824,high,always_act,False,11,0,-0.36,0.19926637411117554,0.03139564022421837
826,825,high,always_act,True,5,0,0.95,0.0498972125351429,0.02582544833421707
827,826,high,always_act,False,14,0,-0.39,0.1350582242012024,0.027097664773464203
828,827,high,always_act,False,13,0,-0.38,0.18272410333156586,0.030994921922683716
829,828,high,always_act,False,3,0,-0.28,0.0980871394276619,0.057825181633234024
830,829,high,always_act,False,9,0,-0.34,0.1622878909111023,0.02836775593459606
831,830,high,always_act,False,7,0,-0.32,0.080092653632164,0.01533056516200304
832,831,high,always_act,False,14,0,-0.39,0.1973833292722702,0.017711633816361427
833,832,high,always_act,False,17,0,-0.42000000000000004,0.14349906146526337,0.05216339975595474
834,833,high,always_act,True,11,0,0.89,0.032262492924928665,0.02164473384618759
835,834,high,always_act,False,19,0,-0.44000000000000006,0.34774309396743774,0.03389193117618561
836,835,high,always_act,False,14,0,-0.39,0.19741441309452057,0.0563201978802681
837,836,high,always_act,True,9,0,0.91,0.04775016009807587,0.012047207914292812
838,837,high,always_act,False,10,0,-0.35,0.10096265375614166,0.01238409336656332
839,838,high,always_act,False,14,0,-0.39,0.07897906005382538,0.05215403065085411
840,839,high,always_act,False,13,0,-0.38,0.2896004617214203,0.037697166204452515
841,840,high,always_act,False,10,0,-0.35,0.40310564637184143,0.04284124821424484
842,841,high,always_act,False,11,0,-0.36,0.10381165146827698,0.019941363483667374
843,842,high,always_act,False,14,0,-0.39,0.22210320830345154,0.030460167676210403
844,843,high,always_act,False,17,0,-0.42000000000000004,0.26802077889442444,0.040848519653081894
845,844,high,always_act,False,9,0,-0.34,0.15124961733818054,0.010508636943995953
846,845,high,always_act,True,13,0,0.87,0.051034435629844666,0.01624731719493866
847,846,high,always_act,False,18,0,-0.43000000000000005,0.28087201714515686,0.025547506287693977
848,847,high,always_act,False,14,0,-0.39,0.11267045885324478,0.056126635521650314
849,848,high,always_act,False,13,0,-0.38,0.07942704111337662,0.016001613810658455
850,849,high,always_act,False,11,0,-0.36,0.19686903059482574,0.018083792179822922
851,850,high,always_act,False,12,0,-0.37,0.2695363163948059,0.014127666130661964
852,851,high,always_act,False,15,0,-0.4,0.3735208511352539,0.03882325440645218
853,852,high,always_act,False,15,0,-0.4,0.410158634185791,0.035802748054265976
854,853,high,always_act,False,9,0,-0.34,0.14464187622070312,0.053012922406196594
855,854,high,always_act,False,18,0,-0.43000000000000005,0.225894495844841,0.016637198626995087
856,855,high,always_act,False,19,0,-0.44000000000000006,0.11712610721588135,0.05319517105817795
857,856,high,always_act,False,4,0,-0.29000000000000004,0.2050113081932068,0.017166199162602425
858,857,high,always_act,False,12,0,-0.37,0.12489760667085648,0.042653072625398636
859,858,high,always_act,False,16,0,-0.41000000000000003,0.11591387540102005,0.019015133380889893
860,859,high,always_act,False,10,0,-0.35,0.2706339359283447,0.03985338285565376
861,860,high,always_act,False,16,0,-0.41000000000000003,0.21843041479587555,0.05934518203139305
862,861,high,always_act,False,14,0,-0.39,0.09261946380138397,0.04992341995239258
863,862,high,always_act,False,13,0,-0.38,0.15130534768104553,0.03206373378634453
864,863,high,always_act,False,20,0,-0.45000000000000007,0.19980350136756897,0.043902333825826645
865,864,high,always_act,True,10,0,0.9,0.058040522038936615,0.056793320924043655
866,865,high,always_act,False,22,0,-0.4700000000000001,0.20734001696109772,0.01803872361779213
867,866,high,always_act,False,9,0,-0.34,0.17443686723709106,0.021786212921142578
868,867,high,always_act,False,7,0,-0.32,0.359805166721344,0.03707494959235191
869,868,high,always_act,False,5,0,-0.3,0.3664553165435791,0.024559931829571724
870,869,high,always_act,False,14,0,-0.39,0.2214050441980362,0.03988552466034889
871,870,high,always_act,False,6,0,-0.31,0.10506448149681091,0.021569469943642616
872,871,high,always_act,False,17,0,-0.42000000000000004,0.18027181923389435,0.05286772921681404
873,872,high,always_act,False,15,0,-0.4,0.16620686650276184,0.018984204158186913
874,873,high,always_act,False,17,0,-0.42000000000000004,0.1506890505552292,0.011407981626689434
875,874,high,always_act,False,11,0,-0.36,0.1396247148513794,0.015508560463786125
876,875,high,always_act,False,20,0,-0.45000000000000007,0.20302650332450867,0.03785219416022301
877,876,high,always_act,False,10,0,-0.35,0.09326060861349106,0.05717414990067482
878,877,high,always_act,True,11,0,0.89,0.055520761758089066,0.021716710180044174
879,878,high,always_act,False,9,0,-0.34,0.1420268416404724,0.019558262079954147
880,879,high,always_act,False,9,0,-0.34,0.23406533896923065,0.03657716512680054
881,880,high,always_act,False,10,0,-0.35,0.16314490139484406,0.040947090834379196
882,881,high,always_act,False,16,0,-0.41000000000000003,0.17790080606937408,0.020297691226005554
883,882,high,always_act,True,12,0,0.88,0.04610582813620567,0.030344197526574135
884,883,high,always_act,False,21,0,-0.4600000000000001,0.1322002410888672,0.015333793126046658
885,884,high,always_act,False,15,0,-0.4,0.11749497801065445,0.04378756508231163
886,885,high,always_act,False,16,0,-0.41000000000000003,0.08934403210878372,0.023432189598679543
887,886,high,always_act,False,4,0,-0.29000000000000004,0.2839471995830536,0.02553461492061615
888,887,high,always_act,False,18,0,-0.43000000000000005,0.21517214179039001,0.027605492621660233
889,888,high,always_act,False,7,0,-0.32,0.1876663863658905,0.037249915301799774
890,889,high,always_act,False,11,0,-0.36,0.2221260666847229,0.057056546211242676
891,890,high,always_act,False,14,0,-0.39,0.19163595139980316,0.013067771680653095
892,891,high,always_act,False,14,0,-0.39,0.2306048572063446,0.05928108096122742
893,892,high,always_act,False,16,0,-0.41000000000000003,0.2800147831439972,0.04820084199309349
894,893,high,always_act,False,19,0,-0.44000000000000006,0.31503215432167053,0.044763024896383286
895,894,high,always_act,False,10,0,-0.35,0.10261519998311996,0.032807573676109314
896,895,high,always_act,False,13,0,-0.38,0.09752815216779709,0.0548318587243557
897,896,high,always_act,False,15,0,-0.4,0.17702044546604156,0.041890423744916916
898,897,high,always_act,False,15,0,-0.4,0.1657564789056778,0.04413909465074539
899,898,high,always_act,False,13,0,-0.38,0.2147146463394165,0.034861985594034195
900,899,high,always_act,False,12,0,-0.37,0.1394542157649994,0.01758997142314911
901,900,high,always_act,False,5,0,-0.3,0.10463275015354156,0.01457888726145029
902,901,high,always_act,False,20,0,-0.45000000000000007,0.1419724076986313,0.031874895095825195
903,902,high,always_act,False,18,0,-0.43000000000000005,0.1478998064994812,0.012719857506453991
904,903,high,always_act,False,12,0,-0.37,0.14440947771072388,0.02817087434232235
905,904,high,always_act,False,14,0,-0.39,0.18305015563964844,0.02437492460012436
906,905,high,always_act,True,19,0,0.8099999999999999,0.029726214706897736,0.03926420584321022
907,906,high,always_act,False,17,0,-0.42000000000000004,0.18417230248451233,0.05215965956449509
908,907,high,always_act,False,10,0,-0.35,0.11801866441965103,0.015929268673062325
909,908,high,always_act,False,18,0,-0.43000000000000005,0.20637965202331543,0.05711177736520767
910,909,high,always_act,False,9,0,-0.34,0.22142769396305084,0.034422993659973145
911,910,high,always_act,False,12,0,-0.37,0.09945651143789291,0.02962745912373066
912,911,high,always_act,False,9,0,-0.34,0.09329649060964584,0.03365253657102585
913,912,high,always_act,True,17,0,0.83,0.028116507455706596,0.05383433401584625
914,913,high,always_act,False,2,0,-0.27,0.2534655034542084,0.046772945672273636
915,914,high,always_act,False,17,0,-0.42000000000000004,0.23411975800991058,0.054644808173179626
916,915,high,always_act,False,8,0,-0.33,0.13350188732147217,0.05717453360557556
917,916,high,always_act,False,8,0,-0.33,0.15717940032482147,0.045623742043972015
918,917,high,always_act,True,12,0,0.88,0.04442717880010605,0.024300355464220047
919,918,high,always_act,False,8,0,-0.33,0.10943417996168137,0.022036833688616753
920,919,high,always_act,False,16,0,-0.41000000000000003,0.2063598334789276,0.02454211190342903
921,920,high,always_act,False,11,0,-0.36,0.18727903068065643,0.055921491235494614
922,921,high,always_act,False,10,0,-0.35,0.07957305014133453,0.0512937530875206
923,922,high,always_act,True,8,0,0.9199999999999999,0.04684541001915932,0.053090885281562805
924,923,high,always_act,False,19,0,-0.44000000000000006,0.36302608251571655,0.01107112132012844
925,924,high,always_act,True,17,0,0.83,0.0556354857981205,0.04408768564462662
926,925,high,always_act,False,14,0,-0.39,0.21413306891918182,0.032969098538160324
927,926,high,always_act,False,14,0,-0.39,0.11141771078109741,0.016443856060504913
928,927,high,always_act,False,11,0,-0.36,0.18322153389453888,0.04960806295275688
929,928,high,always_act,False,5,0,-0.3,0.19393786787986755,0.02227543294429779
930,929,high,always_act,False,10,0,-0.35,0.06496678292751312,0.05094466730952263
931,930,high,always_act,False,16,0,-0.41000000000000003,0.06865399330854416,0.04098648577928543
932,931,high,always_act,False,8,0,-0.33,0.1910618245601654,0.03837967291474342
933,932,high,always_act,False,19,0,-0.44000000000000006,0.17803505063056946,0.036158014088869095
934,933,high,always_act,False,7,0,-0.32,0.18806862831115723,0.03883860632777214
935,934,high,always_act,False,13,0,-0.38,0.14013324677944183,0.05563562735915184
936,935,high,always_act,False,6,0,-0.31,0.26666533946990967,0.042906638234853745
937,936,high,always_act,False,13,0,-0.38,0.19357039034366608,0.020079007372260094
938,937,high,always_act,False,5,0,-0.3,0.35037171840667725,0.05494259297847748
939,938,high,always_act,False,12,0,-0.37,0.15812009572982788,0.052479758858680725
940,939,high,always_act,False,13,0,-0.38,0.3932380974292755,0.04778027534484863
941,940,high,always_act,False,13,0,-0.38,0.18413092195987701,0.02493572048842907
942,941,high,always_act,False,18,0,-0.43000000000000005,0.15135036408901215,0.040917836129665375
943,942,high,always_act,False,9,0,-0.34,0.12999451160430908,0.018995093181729317
944,943,high,always_act,True,16,0,0.84,0.05748159438371658,0.04554608091711998
945,944,high,always_act,False,13,0,-0.38,0.09205550700426102,0.032861728221178055
946,945,high,always_act,False,8,0,-0.33,0.29222115874290466,0.047878772020339966
947,946,high,always_act,False,16,0,-0.41000000000000003,0.0974426344037056,0.04509682580828667
948,947,high,always_act,False,11,0,-0.36,0.19160324335098267,0.010970670729875565
949,948,high,always_act,False,17,0,-0.42000000000000004,0.2768111526966095,0.032608579844236374
950,949,high,always_act,False,13,0,-0.38,0.5049411654472351,0.029028506949543953
951,950,high,always_act,False,5,0,-0.3,0.2762247622013092,0.023611189797520638
952,951,high,always_act,False,18,0,-0.43000000000000005,0.20819757878780365,0.026389924809336662
953,952,high,always_act,False,9,0,-0.34,0.08221571147441864,0.031071161851286888
954,953,high,always_act,False,10,0,-0.35,0.07721502333879471,0.026762304827570915
955,954,high,always_act,False,22,0,-0.4700000000000001,0.34318697452545166,0.04996740072965622
956,955,high,always_act,False,5,0,-0.3,0.2704010605812073,0.05306225270032883
957,956,high,always_act,False,16,0,-0.41000000000000003,0.15382176637649536,0.047001928091049194
958,957,high,always_act,False,10,0,-0.35,0.06235821545124054,0.05318565294146538
959,958,high,always_act,True,16,0,0.84,0.017154425382614136,0.012423316948115826
960,959,high,always_act,False,15,0,-0.4,0.3462316691875458,0.05369316413998604
961,960,high,always_act,False,15,0,-0.4,0.1488599181175232,0.03834112733602524
962,961,high,always_act,False,5,0,-0.3,0.19597716629505157,0.016678491607308388
963,962,high,always_act,False,13,0,-0.38,0.27850207686424255,0.02352740801870823
964,963,high,always_act,False,20,0,-0.45000000000000007,0.26245954632759094,0.04250799119472504
965,964,high,always_act,False,14,0,-0.39,0.16305658221244812,0.05486349016427994
966,965,high,always_act,False,8,0,-0.33,0.28078824281692505,0.01630481518805027
967,966,high,always_act,False,14,0,-0.39,0.1251818835735321,0.02746960148215294
968,967,high,always_act,False,8,0,-0.33,0.0891459658741951,0.030859094113111496
969,968,high,always_act,False,20,0,-0.45000000000000007,0.15539206564426422,0.021672852337360382
970,969,high,always_act,False,17,0,-0.42000000000000004,0.178899884223938,0.052224382758140564
971,970,high,always_act,False,18,0,-0.43000000000000005,0.2104034125804901,0.016757527366280556
972,971,high,always_act,False,10,0,-0.35,0.09220370650291443,0.03086167201399803
973,972,high,always_act,False,15,0,-0.4,0.30175846815109253,0.022012298926711082
974,973,high,always_act,False,12,0,-0.37,0.25536927580833435,0.047486040741205215
975,974,high,always_act,False,15,0,-0.4,0.21640005707740784,0.038622159510850906
976,975,high,always_act,False,14,0,-0.39,0.16140969097614288,0.05416441708803177
977,976,high,always_act,False,11,0,-0.36,0.10006207972764969,0.021105708554387093
978,977,high,always_act,False,19,0,-0.44000000000000006,0.22390353679656982,0.04875483363866806
979,978,high,always_act,False,11,0,-0.36,0.31329894065856934,0.03263416886329651
980,979,high,always_act,False,11,0,-0.36,0.26335081458091736,0.019258607178926468
981,980,high,always_act,False,15,0,-0.4,0.21212442219257355,0.027744391933083534
982,981,high,always_act,False,11,0,-0.36,0.2068154364824295,0.02669656090438366
983,982,high,always_act,False,4,0,-0.29000000000000004,0.35525864362716675,0.05218916013836861
984,983,high,always_act,False,15,0,-0.4,0.11912316828966141,0.056501444429159164
985,984,high,always_act,False,7,0,-0.32,0.2500000596046448,0.05153055116534233
986,985,high,always_act,False,5,0,-0.3,0.08031701296567917,0.0574302151799202
987,986,high,always_act,False,4,0,-0.29000000000000004,0.08102134615182877,0.04423903673887253
988,987,high,always_act,True,18,0,0.82,0.058623477816581726,0.013982702046632767
989,988,high,always_act,False,14,0,-0.39,0.18328462541103363,0.04849829152226448
990,989,high,always_act,False,12,0,-0.37,0.12735964357852936,0.05963723734021187
991,990,high,always_act,False,15,0,-0.4,0.30080005526542664,0.015393014065921307
992,991,high,always_act,False,17,0,-0.42000000000000004,0.1297367513179779,0.01551391277462244
993,992,high,always_act,False,14,0,-0.39,0.16818200051784515,0.010457734577357769
994,993,high,always_act,True,7,0,0.9299999999999999,0.01468021608889103,0.05689126253128052
995,994,high,always_act,False,9,0,-0.34,0.13156478106975555,0.05607769265770912
996,995,high,always_act,False,10,0,-0.35,0.07494805008172989,0.03347340226173401
997,996,high,always_act,True,9,0,0.91,0.042577605694532394,0.04896100237965584
998,997,high,always_act,False,14,0,-0.39,0.1460011601448059,0.013790235854685307
999,998,high,always_act,False,14,0,-0.39,0.07667648792266846,0.05002463236451149
1000,999,high,always_act,False,7,0,-0.32,0.3372749090194702,0.0338764414191246
1,0,high,inspect_once,True,12,1,0.85,0.0529528446495533,0.040888428688049316
2,1,high,inspect_once,True,18,1,0.7899999999999999,0.02866109274327755,0.04890000820159912
3,2,high,inspect_once,True,10,1,0.87,0.05388486012816429,0.010419622994959354
4,3,high,inspect_once,True,6,1,0.91,0.04306717962026596,0.030422192066907883
5,4,high,inspect_once,False,17,1,-0.45000000000000007,0.0732278823852539,0.02657199278473854
6,5,high,inspect_once,True,19,1,0.7799999999999999,0.028323929756879807,0.045733846724033356
7,6,high,inspect_once,True,13,1,0.84,0.03728742152452469,0.014295170083642006
8,7,high,inspect_once,False,17,1,-0.45000000000000007,0.08537385612726212,0.053056418895721436
9,8,high,inspect_once,False,17,1,-0.45000000000000007,0.07602211087942123,0.014685588888823986
10,9,high,inspect_once,True,16,1,0.8099999999999999,0.02443683333694935,0.032920610159635544
11,10,high,inspect_once,True,16,1,0.8099999999999999,0.04559844359755516,0.03908633440732956
12,11,high,inspect_once,False,9,1,-0.37,0.07337803393602371,0.05544006824493408
13,12,high,inspect_once,False,16,1,-0.44000000000000006,0.07404407858848572,0.02999087981879711
14,13,high,inspect_once,True,20,1,0.7699999999999999,0.028925353661179543,0.05857440084218979
15,14,high,inspect_once,False,15,1,-0.43000000000000005,0.062295667827129364,0.05810748413205147
16,15,high,inspect_once,True,18,1,0.7899999999999999,0.027406401932239532,0.0157027430832386
17,16,high,inspect_once,True,13,1,0.84,0.043664827942848206,0.0557684563100338
18,17,high,inspect_once,False,13,1,-0.41000000000000003,0.11278307437896729,0.05707285925745964
19,18,high,inspect_once,True,15,1,0.82,0.03555690497159958,0.0488179512321949
20,19,high,inspect_once,False,16,1,-0.44000000000000006,0.08658196032047272,0.04921237751841545
21,20,high,inspect_once,True,10,1,0.87,0.0499136745929718,0.04165330529212952
22,21,high,inspect_once,False,16,1,-0.44000000000000006,0.06459983438253403,0.04635174944996834
23,22,high,inspect_once,False,9,1,-0.37,0.06102897971868515,0.02738029509782791
24,23,high,inspect_once,False,15,1,-0.43000000000000005,0.09870649874210358,0.05035459250211716
25,24,high,inspect_once,True,10,1,0.87,0.03646864369511604,0.02454386092722416
26,25,high,inspect_once,True,5,1,0.9199999999999999,0.03084089234471321,0.030778279528021812
27,26,high,inspect_once,True,11,1,0.86,0.028568090870976448,0.028370486572384834
28,27,high,inspect_once,True,14,1,0.83,0.015733150765299797,0.02338024601340294
29,28,high,inspect_once,True,20,1,0.7699999999999999,0.03294957056641579,0.056687597185373306
30,29,high,inspect_once,False,9,1,-0.37,0.06334027647972107,0.05704116448760033
31,30,high,inspect_once,True,11,1,0.86,0.05633482336997986,0.019120438024401665
32,31,high,inspect_once,True,16,1,0.8099999999999999,0.011652328073978424,0.013027491979300976
33,32,high,inspect_once,False,10,1,-0.38,0.07885731011629105,0.020601913332939148
34,33,high,inspect_once,False,13,1,-0.41000000000000003,0.06017204001545906,0.021586773917078972
35,34,high,inspect_once,False,14,1,-0.42000000000000004,0.06542565673589706,0.05824943259358406
36,35,high,inspect_once,True,11,1,0.86,0.036876380443573,0.04656575992703438
37,36,high,inspect_once,True,9,1,0.88,0.03437836840748787,0.043486446142196655
38,37,high,inspect_once,True,17,1,0.7999999999999999,0.00846056453883648,0.028739340603351593
39,38,high,inspect_once,True,11,1,0.86,0.017847198992967606,0.02063337154686451
40,39,high,inspect_once,True,13,1,0.84,0.04872288182377815,0.02076171524822712
41,40,high,inspect_once,False,16,1,-0.44000000000000006,0.07542922347784042,0.03164821118116379
42,41,high,inspect_once,True,20,1,0.7699999999999999,0.057711370289325714,0.01934744045138359
43,42,high,inspect_once,False,14,1,-0.42000000000000004,0.09128612279891968,0.020936407148838043
44,43,high,inspect_once,False,11,1,-0.39,0.07456189393997192,0.010144452564418316
45,44,high,inspect_once,True,7,1,0.9,0.020794980227947235,0.04545799270272255
46,45,high,inspect_once,True,14,1,0.83,0.018525956198573112,0.01854831725358963
47,46,high,inspect_once,False,14,1,-0.42000000000000004,0.0988621860742569,0.05172128602862358
48,47,high,inspect_once,False,17,1,-0.45000000000000007,0.06244024634361267,0.014257920905947685
49,48,high,inspect_once,False,12,1,-0.4,0.07010922580957413,0.04494085535407066
50,49,high,inspect_once,True,13,1,0.84,0.005890500731766224,0.010476162657141685
51,50,high,inspect_once,True,19,1,0.7799999999999999,0.044885993003845215,0.054549288004636765
52,51,high,inspect_once,False,16,1,-0.44000000000000006,0.06368069350719452,0.03742007538676262
53,52,high,inspect_once,True,15,1,0.82,0.012605984695255756,0.03084363415837288
54,53,high,inspect_once,True,13,1,0.84,0.03506489098072052,0.019135648384690285
55,54,high,inspect_once,True,11,1,0.86,0.031157314777374268,0.04027331620454788
56,55,high,inspect_once,False,19,1,-0.4700000000000001,0.06958556175231934,0.03955972194671631
57,56,high,inspect_once,True,13,1,0.84,0.04303430765867233,0.029302915558218956
58,57,high,inspect_once,True,15,1,0.82,0.006077222526073456,0.010270236991345882
59,58,high,inspect_once,False,15,1,-0.43000000000000005,0.06954985111951828,0.05278896540403366
60,59,high,inspect_once,False,16,1,-0.44000000000000006,0.08038962632417679,0.048667989671230316
61,60,high,inspect_once,False,6,1,-0.34,0.09330734610557556,0.05929272621870041
62,61,high,inspect_once,False,14,1,-0.42000000000000004,0.0800376906991005,0.054177191108465195
63,62,high,inspect_once,True,16,1,0.8099999999999999,0.04819168522953987,0.021443193778395653
64,63,high,inspect_once,True,20,1,0.7699999999999999,0.03721027448773384,0.012502389959990978
65,64,high,inspect_once,True,19,1,0.7799999999999999,0.028755340725183487,0.027231737971305847
66,65,high,inspect_once,False,9,1,-0.37,0.0723905935883522,0.04532848298549652
67,66,high,inspect_once,False,18,1,-0.4600000000000001,0.07940280437469482,0.018525637686252594
68,67,high,inspect_once,True,10,1,0.87,0.03335404768586159,0.016768265515565872
69,68,high,inspect_once,True,17,1,0.7999999999999999,0.020387981086969376,0.04376595839858055
70,69,high,inspect_once,False,13,1,-0.41000000000000003,0.0874168872833252,0.05775464326143265
71,70,high,inspect_once,False,14,1,-0.42000000000000004,0.07053874433040619,0.02571333386003971
72,71,high,inspect_once,True,11,1,0.86,0.027531804516911507,0.047655899077653885
73,72,high,inspect_once,False,13,1,-0.41000000000000003,0.09226518124341965,0.045136500149965286
74,73,high,inspect_once,False,10,1,-0.38,0.09059591591358185,0.05340088903903961
75,74,high,inspect_once,True,17,1,0.7999999999999999,0.04335172474384308,0.015880754217505455
76,75,high,inspect_once,True,7,1,0.9,0.009241125546395779,0.016454175114631653
77,76,high,inspect_once,False,20,1,-0.4800000000000001,0.08186202496290207,0.047779180109500885
78,77,high,inspect_once,True,16,1,0.8099999999999999,0.044134460389614105,0.05538889765739441
79,78,high,inspect_once,True,17,1,0.7999999999999999,0.031496234238147736,0.02178930677473545
80,79,high,inspect_once,True,16,1,0.8099999999999999,0.005141012836247683,0.039484843611717224
81,80,high,inspect_once,False,12,1,-0.4,0.10420927405357361,0.04825982451438904
82,81,high,inspect_once,True,10,1,0.87,0.0164553951472044,0.038764987140893936
83,82,high,inspect_once,True,21,1,0.7599999999999999,0.04050469025969505,0.011548983864486217
84,83,high,inspect_once,True,7,1,0.9,0.054415035992860794,0.01733667030930519
85,84,high,inspect_once,False,18,1,-0.4600000000000001,0.08608592301607132,0.055884961038827896
86,85,high,inspect_once,True,9,1,0.88,0.039084769785404205,0.0495029017329216
87,86,high,inspect_once,False,11,1,-0.39,0.06475169956684113,0.04377410560846329
88,87,high,inspect_once,True,16,1,0.8099999999999999,0.048801060765981674,0.02215941622853279
89,88,high,inspect_once,True,13,1,0.84,0.032399073243141174,0.048468124121427536
90,89,high,inspect_once,True,17,1,0.7999999999999999,0.017213113605976105,0.018432075157761574
91,90,high,inspect_once,False,13,1,-0.41000000000000003,0.06251203268766403,0.057480186223983765
92,91,high,inspect_once,True,16,1,0.8099999999999999,0.03586755692958832,0.030882863327860832
93,92,high,inspect_once,True,11,1,0.86,0.04655952751636505,0.027931058779358864
94,93,high,inspect_once,True,19,1,0.7799999999999999,0.028070155531167984,0.010255587287247181
95,94,high,inspect_once,True,14,1,0.83,0.04111934453248978,0.03933630883693695
96,95,high,inspect_once,True,18,1,0.7899999999999999,0.03602694720029831,0.04021596163511276
97,96,high,inspect_once,True,18,1,0.7899999999999999,0.042771391570568085,0.022460995241999626
98,97,high,inspect_once,False,13,1,-0.41000000000000003,0.07994620501995087,0.032872095704078674
99,98,high,inspect_once,True,21,1,0.7599999999999999,0.017753949388861656,0.04140683636069298
100,99,high,inspect_once,False,13,1,-0.41000000000000003,0.08630158007144928,0.05801061913371086
101,100,high,inspect_once,True,17,1,0.7999999999999999,0.0568254217505455,0.03519100695848465
102,101,high,inspect_once,True,17,1,0.7999999999999999,0.025751909241080284,0.017713522538542747
103,102,high,inspect_once,True,11,1,0.86,0.04452609643340111,0.05693397298455238
104,103,high,inspect_once,False,8,1,-0.36,0.06611704081296921,0.04107118770480156
105,104,high,inspect_once,True,18,1,0.7899999999999999,0.03156495839357376,0.03265969827771187
106,105,high,inspect_once,True,20,1,0.7699999999999999,0.023761829361319542,0.017423130571842194
107,106,high,inspect_once,True,17,1,0.7999999999999999,0.047903403639793396,0.017101479694247246
108,107,high,inspect_once,True,14,1,0.83,0.054013993591070175,0.010292683728039265
109,108,high,inspect_once,True,18,1,0.7899999999999999,0.019837936386466026,0.051059622317552567
110,109,high,inspect_once,True,17,1,0.7999999999999999,0.02360994555056095,0.042908620089292526
111,110,high,inspect_once,False,17,1,-0.45000000000000007,0.0648198127746582,0.027688000351190567
112,111,high,inspect_once,True,7,1,0.9,0.04305111989378929,0.041122324764728546
113,112,high,inspect_once,False,16,1,-0.44000000000000006,0.06009222939610481,0.014990802854299545
114,113,high,inspect_once,False,7,1,-0.35,0.06643707305192947,0.013044961728155613
115,114,high,inspect_once,True,14,1,0.83,0.0211100485175848,0.015392828732728958
116,115,high,inspect_once,False,15,1,-0.43000000000000005,0.07168471813201904,0.05167727544903755
117,116,high,inspect_once,True,16,1,0.8099999999999999,0.01910732127726078,0.02301671728491783
118,117,high,inspect_once,True,15,1,0.82,0.034360725432634354,0.021376384422183037
119,118,high,inspect_once,True,21,1,0.7599999999999999,0.04710499942302704,0.048295676708221436
120,119,high,inspect_once,True,20,1,0.7699999999999999,0.013488375581800938,0.02108122780919075
121,120,high,inspect_once,True,15,1,0.82,0.03309977427124977,0.05297265201807022
122,121,high,inspect_once,True,13,1,0.84,0.007947329431772232,0.05393745005130768
123,122,high,inspect_once,True,14,1,0.83,0.051397841423749924,0.02090723067522049
124,123,high,inspect_once,True,13,1,0.84,0.01933383196592331,0.015091612003743649
125,124,high,inspect_once,True,19,1,0.7799999999999999,0.0044839330948889256,0.028498057276010513
126,125,high,inspect_once,True,16,1,0.8099999999999999,0.0576808899641037,0.02735176682472229
127,126,high,inspect_once,False,15,1,-0.43000000000000005,0.06821776926517487,0.02354549616575241
128,127,high,inspect_once,True,6,1,0.91,0.05976320058107376,0.04863056540489197
129,128,high,inspect_once,True,15,1,0.82,0.03514750674366951,0.02001289278268814
130,129,high,inspect_once,True,9,1,0.88,0.03858514875173569,0.04300350695848465
131,130,high,inspect_once,True,9,1,0.88,0.049028005450963974,0.0474175326526165
132,131,high,inspect_once,True,16,1,0.8099999999999999,0.021701253950595856,0.05158750340342522
133,132,high,inspect_once,False,13,1,-0.41000000000000003,0.09103033691644669,0.05369208753108978
134,133,high,inspect_once,True,19,1,0.7799999999999999,0.011193905957043171,0.038481924682855606
135,134,high,inspect_once,False,17,1,-0.45000000000000007,0.0838940292596817,0.05337970703840256
136,135,high,inspect_once,True,12,1,0.85,0.058138106018304825,0.059475433081388474
137,136,high,inspect_once,True,5,1,0.9199999999999999,0.025844251736998558,0.03998624533414841
138,137,high,inspect_once,True,15,1,0.82,0.0498129241168499,0.018237639218568802
139,138,high,inspect_once,False,16,1,-0.44000000000000006,0.06898435950279236,0.049760233610868454
140,139,high,inspect_once,True,13,1,0.84,0.019979378208518028,0.05135130137205124
141,140,high,inspect_once,False,15,1,-0.43000000000000005,0.0733519122004509,0.032816752791404724
142,141,high,inspect_once,True,20,1,0.7699999999999999,0.03778613358736038,0.011568025685846806
143,142,high,inspect_once,True,4,1,0.9299999999999999,0.04186352714896202,0.03879445046186447
144,143,high,inspect_once,False,17,1,-0.45000000000000007,0.07199233770370483,0.03742718696594238
145,144,high,inspect_once,True,14,1,0.83,0.01400232594460249,0.018198402598500252
146,145,high,inspect_once,True,12,1,0.85,0.029684869572520256,0.01833692006766796
147,146,high,inspect_once,True,15,1,0.82,0.0421576164662838,0.04940539225935936
148,147,high,inspect_once,True,20,1,0.7699999999999999,0.05560513958334923,0.05262688919901848
149,148,high,inspect_once,False,14,1,-0.42000000000000004,0.06693509966135025,0.039594970643520355
150,149,high,inspect_once,True,6,1,0.91,0.056366223841905594,0.023194916546344757
151,150,high,inspect_once,False,14,1,-0.42000000000000004,0.10540159791707993,0.04273831471800804
152,151,high,inspect_once,False,11,1,-0.39,0.07109050452709198,0.028759747743606567
153,152,high,inspect_once,False,7,1,-0.35,0.06199214980006218,0.05633510649204254
154,153,high,inspect_once,True,18,1,0.7899999999999999,0.03852894529700279,0.011206516064703465
155,154,high,inspect_once,True,15,1,0.82,0.04390304908156395,0.0316181518137455
156,155,high,inspect_once,False,14,1,-0.42000000000000004,0.1196557804942131,0.03683231398463249
157,156,high,inspect_once,True,4,1,0.9299999999999999,0.05648547038435936,0.055307239294052124
158,157,high,inspect_once,True,15,1,0.82,0.046420615166425705,0.03379807993769646
159,158,high,inspect_once,False,19,1,-0.4700000000000001,0.129170760512352,0.05616094544529915
160,159,high,inspect_once,True,17,1,0.7999999999999999,0.021191028878092766,0.042249035090208054
161,160,high,inspect_once,False,13,1,-0.41000000000000003,0.09812236577272415,0.03621977940201759
162,161,high,inspect_once,False,14,1,-0.42000000000000004,0.07424279302358627,0.03310688957571983
163,162,high,inspect_once,True,7,1,0.9,0.01639603078365326,0.011508326046168804
164,163,high,inspect_once,True,15,1,0.82,0.032971322536468506,0.03941211849451065
165,164,high,inspect_once,False,7,1,-0.35,0.07081370055675507,0.03883795440196991
166,165,high,inspect_once,True,13,1,0.84,0.052624788135290146,0.05142228677868843
167,166,high,inspect_once,True,13,1,0.84,0.03357221931219101,0.029448818415403366
168,167,high,inspect_once,True,12,1,0.85,0.028540654107928276,0.017870793119072914
169,168,high,inspect_once,True,7,1,0.9,0.005299033131450415,0.028382668271660805
170,169,high,inspect_once,True,16,1,0.8099999999999999,0.002809954807162285,0.01625591702759266
171,170,high,inspect_once,True,21,1,0.7599999999999999,0.03264492750167847,0.022115997970104218
172,171,high,inspect_once,True,14,1,0.83,0.039359938353300095,0.013132251799106598
173,172,high,inspect_once,False,15,1,-0.43000000000000005,0.08570294827222824,0.0501277931034565
174,173,high,inspect_once,False,9,1,-0.37,0.07486344873905182,0.05436726287007332
175,174,high,inspect_once,False,19,1,-0.4700000000000001,0.09286487847566605,0.04875059798359871
176,175,high,inspect_once,True,15,1,0.82,0.05617859587073326,0.025439608842134476
177,176,high,inspect_once,False,15,1,-0.43000000000000005,0.09271743148565292,0.02234734781086445
178,177,high,inspect_once,True,11,1,0.86,0.0304496381431818,0.04281097277998924
179,178,high,inspect_once,True,13,1,0.84,0.04907667636871338,0.04806196689605713
180,179,high,inspect_once,True,21,1,0.7599999999999999,0.05546979606151581,0.01385694369673729
181,180,high,inspect_once,True,15,1,0.82,0.03864589333534241,0.013980618678033352
182,181,high,inspect_once,True,17,1,0.7999999999999999,0.024250181391835213,0.019999410957098007
183,182,high,inspect_once,True,8,1,0.89,0.033443883061409,0.028384031727910042
184,183,high,inspect_once,False,20,1,-0.4800000000000001,0.09563233703374863,0.04109281301498413
185,184,high,inspect_once,True,12,1,0.85,0.03752792626619339,0.019686320796608925
186,185,high,inspect_once,False,10,1,-0.38,0.07609547674655914,0.04955613240599632
187,186,high,inspect_once,False,14,1,-0.42000000000000004,0.06631196290254593,0.05536505952477455
188,187,high,inspect_once,True,9,1,0.88,0.0318647138774395,0.014105978421866894
189,188,high,inspect_once,True,13,1,0.84,0.05129842087626457,0.03570430353283882
190,189,high,inspect_once,False,9,1,-0.37,0.0688256174325943,0.05800570920109749
191,190,high,inspect_once,False,9,1,-0.37,0.08662236481904984,0.05089174583554268
192,191,high,inspect_once,False,20,1,-0.4800000000000001,0.06395768374204636,0.04961015284061432
193,192,high,inspect_once,True,16,1,0.8099999999999999,0.023523135110735893,0.04403006657958031
194,193,high,inspect_once,True,11,1,0.86,0.03368246555328369,0.015656717121601105
195,194,high,inspect_once,True,21,1,0.7599999999999999,0.0238321702927351,0.031771235167980194
196,195,high,inspect_once,True,4,1,0.9299999999999999,0.03283975273370743,0.055584993213415146
197,196,high,inspect_once,False,15,1,-0.43000000000000005,0.10390784591436386,0.05927763506770134
198,197,high,inspect_once,True,20,1,0.7699999999999999,0.02889448218047619,0.0394119992852211
199,198,high,inspect_once,True,19,1,0.7799999999999999,0.02309577725827694,0.03408745676279068
200,199,high,inspect_once,True,15,1,0.82,0.05620242655277252,0.02832297794520855
201,200,high,inspect_once,True,16,1,0.8099999999999999,0.023520011454820633,0.04908151552081108
202,201,high,inspect_once,True,19,1,0.7799999999999999,0.01857842318713665,0.05608602240681648
203,202,high,inspect_once,True,11,1,0.86,0.05459680035710335,0.030782071873545647
204,203,high,inspect_once,False,15,1,-0.43000000000000005,0.07288914173841476,0.02211204543709755
205,204,high,inspect_once,True,16,1,0.8099999999999999,0.05296659097075462,0.031030381098389626
206,205,high,inspect_once,True,16,1,0.8099999999999999,0.01782064512372017,0.02831142768263817
207,206,high,inspect_once,True,16,1,0.8099999999999999,0.02978341653943062,0.017177021130919456
208,207,high,inspect_once,True,11,1,0.86,0.03820255026221275,0.020367274060845375
209,208,high,inspect_once,True,19,1,0.7799999999999999,0.04094390571117401,0.016064370051026344
210,209,high,inspect_once,False,11,1,-0.39,0.07881754636764526,0.011655520647764206
211,210,high,inspect_once,True,17,1,0.7999999999999999,0.026141036301851273,0.024543799459934235
212,211,high,inspect_once,True,11,1,0.86,0.05972070246934891,0.012442787177860737
213,212,high,inspect_once,True,12,1,0.85,0.027567394077777863,0.045884694904088974
214,213,high,inspect_once,False,15,1,-0.43000000000000005,0.10018405318260193,0.05617140978574753
215,214,high,inspect_once,True,9,1,0.88,0.02669052965939045,0.02845505252480507
216,215,high,inspect_once,False,14,1,-0.42000000000000004,0.10655146837234497,0.05566452816128731
217,216,high,inspect_once,False,19,1,-0.4700000000000001,0.06234511733055115,0.029342636466026306
218,217,high,inspect_once,True,19,1,0.7799999999999999,0.021170197054743767,0.05032125115394592
219,218,high,inspect_once,True,19,1,0.7799999999999999,0.023968037217855453,0.026160886511206627
220,219,high,inspect_once,False,12,1,-0.4,0.09001275897026062,0.051552001386880875
221,220,high,inspect_once,True,16,1,0.8099999999999999,0.008623682893812656,0.05099198594689369
222,221,high,inspect_once,True,11,1,0.86,0.019956983625888824,0.01221425086259842
223,222,high,inspect_once,True,14,1,0.83,0.02896195836365223,0.0189204104244709
224,223,high,inspect_once,True,17,1,0.7999999999999999,0.0036415448412299156,0.028649980202317238
225,224,high,inspect_once,True,11,1,0.86,0.03656528890132904,0.04755723848938942
226,225,high,inspect_once,True,13,1,0.84,0.0413360670208931,0.0430147647857666
227,226,high,inspect_once,False,17,1,-0.45000000000000007,0.06090433523058891,0.02931792475283146
228,227,high,inspect_once,False,12,1,-0.4,0.08022218197584152,0.04480893537402153
229,228,high,inspect_once,True,15,1,0.82,0.022076301276683807,0.04259003698825836
230,229,high,inspect_once,True,21,1,0.7599999999999999,0.028188632801175117,0.05995064601302147
231,230,high,inspect_once,False,9,1,-0.37,0.06554169207811356,0.039972901344299316
232,231,high,inspect_once,True,17,1,0.7999999999999999,0.03926705941557884,0.012207885272800922
233,232,high,inspect_once,False,14,1,-0.42000000000000004,0.10218003392219543,0.05865965783596039
234,233,high,inspect_once,True,11,1,0.86,0.02609221637248993,0.04684431105852127
235,234,high,inspect_once,True,16,1,0.8099999999999999,0.011957323178648949,0.012952856719493866
236,235,high,inspect_once,False,9,1,-0.37,0.07648856937885284,0.056913089007139206
237,236,high,inspect_once,True,15,1,0.82,0.049665823578834534,0.011314460076391697
238,237,high,inspect_once,True,10,1,0.87,0.033386651426553726,0.033707380294799805
239,238,high,inspect_once,False,15,1,-0.43000000000000005,0.08819705992937088,0.046860188245773315
240,239,high,inspect_once,True,6,1,0.91,0.028586944565176964,0.0271131694316864
241,240,high,inspect_once,False,11,1,-0.39,0.06761055439710617,0.057562265545129776
242,241,high,inspect_once,False,8,1,-0.36,0.06199940666556358,0.04952910542488098
243,242,high,inspect_once,False,15,1,-0.43000000000000005,0.0642111748456955,0.016919100657105446
244,243,high,inspect_once,True,18,1,0.7899999999999999,0.03449879586696625,0.015071205794811249
245,244,high,inspect_once,True,9,1,0.88,0.039547525346279144,0.05128386244177818
246,245,high,inspect_once,False,11,1,-0.39,0.07031775265932083,0.029152482748031616
247,246,high,inspect_once,True,8,1,0.89,0.057588595896959305,0.039321474730968475
248,247,high,inspect_once,True,18,1,0.7899999999999999,0.01585005223751068,0.047706909477710724
249,248,high,inspect_once,True,17,1,0.7999999999999999,0.01965460553765297,0.03887677565217018
250,249,high,inspect_once,True,22,1,0.7499999999999999,0.03840511664748192,0.046494755893945694
251,250,high,inspect_once,True,13,1,0.84,0.00625655660405755,0.02312096580862999
252,251,high,inspect_once,True,18,1,0.7899999999999999,0.022175505757331848,0.015537362545728683
253,252,high,inspect_once,True,14,1,0.83,0.02522093988955021,0.013925300911068916
254,253,high,inspect_once,True,12,1,0.85,0.04626457393169403,0.010245631448924541
255,254,high,inspect_once,False,11,1,-0.39,0.1011795923113823,0.05829543620347977
256,255,high,inspect_once,True,16,1,0.8099999999999999,0.02613084577023983,0.054022371768951416
257,256,high,inspect_once,False,19,1,-0.4700000000000001,0.07645482569932938,0.03844453766942024
258,257,high,inspect_once,True,19,1,0.7799999999999999,0.04440704360604286,0.04466704651713371
259,258,high,inspect_once,True,16,1,0.8099999999999999,0.029814230278134346,0.02094603143632412
260,259,high,inspect_once,False,13,1,-0.41000000000000003,0.0841045156121254,0.04056519269943237
261,260,high,inspect_once,True,19,1,0.7799999999999999,0.03988643363118172,0.03494532033801079
262,261,high,inspect_once,True,12,1,0.85,0.03398343175649643,0.038564588874578476
263,262,high,inspect_once,True,17,1,0.7999999999999999,0.03995080292224884,0.04842102900147438
264,263,high,inspect_once,True,8,1,0.89,0.0158378966152668,0.02848076820373535
265,264,high,inspect_once,True,11,1,0.86,0.047100603580474854,0.058577220886945724
266,265,high,inspect_once,True,8,1,0.89,0.010571882128715515,0.02565959468483925
267,266,high,inspect_once,False,9,1,-0.37,0.07024948298931122,0.04078039154410362
268,267,high,inspect_once,True,13,1,0.84,0.013020734302699566,0.013400433585047722
269,268,high,inspect_once,True,18,1,0.7899999999999999,0.038864802569150925,0.04563813656568527
270,269,high,inspect_once,True,12,1,0.85,0.05249711871147156,0.03453855216503143
271,270,high,inspect_once,False,15,1,-0.43000000000000005,0.06406334042549133,0.04524712264537811
272,271,high,inspect_once,True,19,1,0.7799999999999999,0.03262384608387947,0.01319809164851904
273,272,high,inspect_once,False,10,1,-0.38,0.0676041692495346,0.05797704681754112
274,273,high,inspect_once,False,14,1,-0.42000000000000004,0.06801719963550568,0.05086572840809822
275,274,high,inspect_once,True,17,1,0.7999999999999999,0.01571602188050747,0.022230958566069603
276,275,high,inspect_once,True,20,1,0.7699999999999999,0.02806193009018898,0.01969328336417675
277,276,high,inspect_once,True,14,1,0.83,0.03632557392120361,0.02488510124385357
278,277,high,inspect_once,False,10,1,-0.38,0.07436931878328323,0.020951038226485252
279,278,high,inspect_once,True,13,1,0.84,0.023142796009778976,0.010214212350547314
280,279,high,inspect_once,True,14,1,0.83,0.05713513493537903,0.015194833278656006
281,280,high,inspect_once,True,20,1,0.7699999999999999,0.03445360064506531,0.015016675926744938
282,281,high,inspect_once,True,18,1,0.7899999999999999,0.03439338877797127,0.011114868335425854
283,282,high,inspect_once,False,11,1,-0.39,0.06791377067565918,0.029070518910884857
284,283,high,inspect_once,True,14,1,0.83,0.03473927080631256,0.036743346601724625
285,284,high,inspect_once,True,12,1,0.85,0.004984199069440365,0.03720630705356598
286,285,high,inspect_once,True,6,1,0.91,0.038252513855695724,0.017862709239125252
287,286,high,inspect_once,True,16,1,0.8099999999999999,0.03865441307425499,0.04219137132167816
288,287,high,inspect_once,True,19,1,0.7799999999999999,0.017502332106232643,0.030295783653855324
289,288,high,inspect_once,True,15,1,0.82,0.034463606774806976,0.05155619978904724
290,289,high,inspect_once,False,14,1,-0.42000000000000004,0.0620369054377079,0.053086187690496445
291,290,high,inspect_once,True,9,1,0.88,0.026592154055833817,0.05235810577869415
292,291,high,inspect_once,True,10,1,0.87,0.0356634259223938,0.04906805232167244
293,292,high,inspect_once,True,17,1,0.7999999999999999,0.03464558720588684,0.0344967357814312
294,293,high,inspect_once,True,18,1,0.7899999999999999,0.03396683931350708,0.019161934033036232
295,294,high,inspect_once,True,15,1,0.82,0.0469556488096714,0.01544913463294506
296,295,high,inspect_once,True,5,1,0.9199999999999999,0.04140091687440872,0.047784414142370224
297,296,high,inspect_once,True,14,1,0.83,0.05115040764212608,0.05862557888031006
298,297,high,inspect_once,True,7,1,0.9,0.018341312184929848,0.020642714574933052
299,298,high,inspect_once,True,14,1,0.83,0.04575193673372269,0.03460425138473511
300,299,high,inspect_once,True,14,1,0.83,0.03378697857260704,0.03003343567252159
301,300,high,inspect_once,True,15,1,0.82,0.035133250057697296,0.01644890010356903
302,301,high,inspect_once,False,8,1,-0.36,0.09188620001077652,0.05577024072408676
303,302,high,inspect_once,True,18,1,0.7899999999999999,0.04566027969121933,0.023936603218317032
304,303,high,inspect_once,True,10,1,0.87,0.03927150368690491,0.029902782291173935
305,304,high,inspect_once,False,17,1,-0.45000000000000007,0.06115609407424927,0.03987763449549675
306,305,high,inspect_once,False,16,1,-0.44000000000000006,0.07968523353338242,0.0497334785759449
307,306,high,inspect_once,False,7,1,-0.35,0.07521247863769531,0.02002856135368347
308,307,high,inspect_once,False,15,1,-0.43000000000000005,0.06782511621713638,0.019327126443386078
309,308,high,inspect_once,True,15,1,0.82,0.038628071546554565,0.04881680756807327
310,309,high,inspect_once,False,5,1,-0.33,0.08937112987041473,0.019904159009456635
311,310,high,inspect_once,True,18,1,0.7899999999999999,0.03319193422794342,0.057983893901109695
312,311,high,inspect_once,False,10,1,-0.38,0.07081977277994156,0.049934230744838715
313,312,high,inspect_once,True,12,1,0.85,0.03126873821020126,0.017531925812363625
314,313,high,inspect_once,False,12,1,-0.4,0.12259254604578018,0.05001567304134369
315,314,high,inspect_once,True,19,1,0.7799999999999999,0.03695307672023773,0.043404173105955124
316,315,high,inspect_once,True,20,1,0.7699999999999999,0.02471255324780941,0.0452696830034256
317,316,high,inspect_once,True,17,1,0.7999999999999999,0.006756066810339689,0.04153904691338539
318,317,high,inspect_once,True,16,1,0.8099999999999999,0.047876130789518356,0.05501144379377365
319,318,high,inspect_once,True,21,1,0.7599999999999999,0.021779043599963188,0.033187057822942734
320,319,high,inspect_once,True,16,1,0.8099999999999999,0.05766323208808899,0.029443150386214256
321,320,high,inspect_once,True,18,1,0.7899999999999999,0.03263020142912865,0.037081699818372726
322,321,high,inspect_once,True,18,1,0.7899999999999999,0.05587393045425415,0.044553324580192566
323,322,high,inspect_once,False,9,1,-0.37,0.11668480932712555,0.05593894049525261
324,323,high,inspect_once,True,15,1,0.82,0.044318556785583496,0.02591131627559662
325,324,high,inspect_once,False,13,1,-0.41000000000000003,0.07013539224863052,0.016133654862642288
326,325,high,inspect_once,False,11,1,-0.39,0.06600447744131088,0.023715749382972717
327,326,high,inspect_once,True,10,1,0.87,0.032400261610746384,0.01154561061412096
328,327,high,inspect_once,True,12,1,0.85,0.04695673659443855,0.03646398335695267
329,328,high,inspect_once,True,17,1,0.7999999999999999,0.020357955247163773,0.0508030503988266
330,329,high,inspect_once,False,7,1,-0.35,0.07277418673038483,0.023157645016908646
331,330,high,inspect_once,True,22,1,0.7499999999999999,0.015545642003417015,0.045971594750881195
332,331,high,inspect_once,True,9,1,0.88,0.05964472517371178,0.013452911749482155
333,332,high,inspect_once,True,13,1,0.84,0.0516931414604187,0.026798123493790627
334,333,high,inspect_once,True,20,1,0.7699999999999999,0.03846394270658493,0.054467372596263885
335,334,high,inspect_once,False,10,1,-0.38,0.09209902584552765,0.05169108510017395
336,335,high,inspect_once,True,11,1,0.86,0.0528329499065876,0.01455650944262743
337,336,high,inspect_once,False,16,1,-0.44000000000000006,0.06465501338243484,0.0386686734855175
338,337,high,inspect_once,True,7,1,0.9,0.0584750734269619,0.052601221948862076
339,338,high,inspect_once,False,19,1,-0.4700000000000001,0.07828451693058014,0.04782037436962128
340,339,high,inspect_once,True,16,1,0.8099999999999999,0.04959435015916824,0.028630319982767105
341,340,high,inspect_once,False,16,1,-0.44000000000000006,0.07095867395401001,0.030439160764217377
342,341,high,inspect_once,True,15,1,0.82,0.030594293028116226,0.010586295276880264
343,342,high,inspect_once,False,13,1,-0.41000000000000003,0.08444715291261673,0.033905431628227234
344,343,high,inspect_once,False,13,1,-0.41000000000000003,0.0615532286465168,0.03367533162236214
345,344,high,inspect_once,True,14,1,0.83,0.04781128838658333,0.045395709574222565
346,345,high,inspect_once,False,13,1,-0.41000000000000003,0.061726417392492294,0.03254751116037369
347,346,high,inspect_once,True,12,1,0.85,0.03398334980010986,0.04497385770082474
348,347,high,inspect_once,True,12,1,0.85,0.03443106263875961,0.010663824155926704
349,348,high,inspect_once,False,12,1,-0.4,0.0774749293923378,0.03203348442912102
350,349,high,inspect_once,True,12,1,0.85,0.04469360038638115,0.0444766990840435
351,350,high,inspect_once,True,18,1,0.7899999999999999,0.03209976851940155,0.018304312601685524
352,351,high,inspect_once,False,13,1,-0.41000000000000003,0.09941142797470093,0.05964965745806694
353,352,high,inspect_once,False,11,1,-0.39,0.07258553057909012,0.040532443672418594
354,353,high,inspect_once,False,12,1,-0.4,0.1148916557431221,0.05475722998380661
355,354,high,inspect_once,False,11,1,-0.39,0.06259626895189285,0.020444249734282494
356,355,high,inspect_once,True,13,1,0.84,0.022229855880141258,0.04865320399403572
357,356,high,inspect_once,False,9,1,-0.37,0.06069280952215195,0.04125833138823509
358,357,high,inspect_once,False,9,1,-0.37,0.07532033324241638,0.023848548531532288
359,358,high,inspect_once,True,14,1,0.83,0.041362129151821136,0.03767651692032814
360,359,high,inspect_once,False,13,1,-0.41000000000000003,0.08199004083871841,0.055383745580911636
361,360,high,inspect_once,False,20,1,-0.4800000000000001,0.07037993520498276,0.03871503472328186
362,361,high,inspect_once,False,10,1,-0.38,0.10550491511821747,0.03780336305499077
363,362,high,inspect_once,True,11,1,0.86,0.03879070654511452,0.046323541551828384
364,363,high,inspect_once,True,21,1,0.7599999999999999,0.04088925942778587,0.01462398748844862
365,364,high,inspect_once,True,13,1,0.84,0.014614369720220566,0.014182038605213165
366,365,high,inspect_once,False,17,1,-0.45000000000000007,0.07583776861429214,0.050398748368024826
367,366,high,inspect_once,True,12,1,0.85,0.022474009543657303,0.012519720941781998
368,367,high,inspect_once,False,17,1,-0.45000000000000007,0.06581773608922958,0.053839609026908875
369,368,high,inspect_once,True,12,1,0.85,0.0429602786898613,0.02952025830745697
370,369,high,inspect_once,True,15,1,0.82,0.0357549674808979,0.045267123728990555
371,370,high,inspect_once,True,19,1,0.7799999999999999,0.04292645305395126,0.01224594097584486
372,371,high,inspect_once,True,16,1,0.8099999999999999,0.04352138191461563,0.043911151587963104
373,372,high,inspect_once,True,17,1,0.7999999999999999,0.019533049315214157,0.031563520431518555
374,373,high,inspect_once,False,17,1,-0.45000000000000007,0.07984066754579544,0.019123880192637444
375,374,high,inspect_once,True,11,1,0.86,0.03829396888613701,0.04490762576460838
376,375,high,inspect_once,True,21,1,0.7599999999999999,0.03678428754210472,0.03610778599977493
377,376,high,inspect_once,True,15,1,0.82,0.03914467617869377,0.03978528082370758
378,377,high,inspect_once,True,9,1,0.88,0.05756722390651703,0.02657337486743927
379,378,high,inspect_once,True,11,1,0.86,0.042848311364650726,0.05577671527862549
380,379,high,inspect_once,False,14,1,-0.42000000000000004,0.0652051568031311,0.020507559180259705
381,380,high,inspect_once,False,5,1,-0.33,0.06376470625400543,0.03891308605670929
382,381,high,inspect_once,True,21,1,0.7599999999999999,0.010406768880784512,0.037663690745830536
383,382,high,inspect_once,True,11,1,0.86,0.03226695954799652,0.03912621736526489
384,383,high,inspect_once,True,14,1,0.83,0.04943136125802994,0.03532521799206734
385,384,high,inspect_once,False,17,1,-0.45000000000000007,0.06357165426015854,0.03846364840865135
386,385,high,inspect_once,True,12,1,0.85,0.03798976540565491,0.01195566076785326
387,386,high,inspect_once,True,9,1,0.88,0.030471041798591614,0.03335559368133545
388,387,high,inspect_once,True,10,1,0.87,0.041551653295755386,0.05540774390101433
389,388,high,inspect_once,False,14,1,-0.42000000000000004,0.077759750187397,0.053281519562006
390,389,high,inspect_once,True,11,1,0.86,0.03727521747350693,0.011948004364967346
391,390,high,inspect_once,True,18,1,0.7899999999999999,0.055089931935071945,0.02936488948762417
392,391,high,inspect_once,True,15,1,0.82,0.05767512321472168,0.035972852259874344
393,392,high,inspect_once,True,10,1,0.87,0.01828124187886715,0.058979615569114685
394,393,high,inspect_once,True,9,1,0.88,0.05432277172803879,0.014441567473113537
395,394,high,inspect_once,True,15,1,0.82,0.035675033926963806,0.010499417781829834
396,395,high,inspect_once,True,12,1,0.85,0.029840238392353058,0.03202127665281296
397,396,high,inspect_once,True,9,1,0.88,0.027528982609510422,0.033996034413576126
398,397,high,inspect_once,True,16,1,0.8099999999999999,0.015242517925798893,0.03303004428744316
399,398,high,inspect_once,False,15,1,-0.43000000000000005,0.07270831614732742,0.05928115174174309
400,399,high,inspect_once,False,17,1,-0.45000000000000007,0.06753256916999817,0.028438135981559753
401,400,high,inspect_once,False,11,1,-0.39,0.07092951983213425,0.04057367518544197
402,401,high,inspect_once,False,13,1,-0.41000000000000003,0.08128972351551056,0.03729536384344101
403,402,high,inspect_once,False,15,1,-0.43000000000000005,0.08227283507585526,0.046753451228141785
404,403,high,inspect_once,True,16,1,0.8099999999999999,0.03346475213766098,0.056863587349653244
405,404,high,inspect_once,True,10,1,0.87,0.05118618905544281,0.055343735963106155
406,405,high,inspect_once,False,14,1,-0.42000000000000004,0.10149295628070831,0.04164225608110428
407,406,high,inspect_once,True,5,1,0.9199999999999999,0.05573764815926552,0.014397874474525452
408,407,high,inspect_once,True,7,1,0.9,0.03710506111383438,0.042552389204502106
409,408,high,inspect_once,True,12,1,0.85,0.03646528720855713,0.038187794387340546
410,409,high,inspect_once,True,9,1,0.88,0.059443019330501556,0.04998715594410896
411,410,high,inspect_once,False,16,1,-0.44000000000000006,0.07018836587667465,0.03821253404021263
412,411,high,inspect_once,True,16,1,0.8099999999999999,0.008751646615564823,0.02004268951714039
413,412,high,inspect_once,False,14,1,-0.42000000000000004,0.07323134690523148,0.05727323144674301
414,413,high,inspect_once,True,10,1,0.87,0.05569164454936981,0.038235317915678024
415,414,high,inspect_once,True,14,1,0.83,0.037791453301906586,0.02123311534523964
416,415,high,inspect_once,False,17,1,-0.45000000000000007,0.0662262961268425,0.018695367500185966
417,416,high,inspect_once,True,9,1,0.88,0.04530332237482071,0.05011710897088051
418,417,high,inspect_once,False,17,1,-0.45000000000000007,0.07896868884563446,0.05111873894929886
419,418,high,inspect_once,True,17,1,0.7999999999999999,0.04207326099276543,0.03285177797079086
420,419,high,inspect_once,True,21,1,0.7599999999999999,0.02350878342986107,0.024213891476392746
421,420,high,inspect_once,True,20,1,0.7699999999999999,0.027822809293866158,0.03431261330842972
422,421,high,inspect_once,True,7,1,0.9,0.027226779609918594,0.020219795405864716
423,422,high,inspect_once,True,16,1,0.8099999999999999,0.029853401705622673,0.034843217581510544
424,423,high,inspect_once,True,15,1,0.82,0.01817973516881466,0.027609189972281456
425,424,high,inspect_once,True,14,1,0.83,0.025210632011294365,0.019417235627770424
426,425,high,inspect_once,False,5,1,-0.33,0.06537706404924393,0.05995015427470207
427,426,high,inspect_once,True,11,1,0.86,0.009033049456775188,0.011382543481886387
428,427,high,inspect_once,False,17,1,-0.45000000000000007,0.10215703397989273,0.04358596354722977
429,428,high,inspect_once,False,14,1,-0.42000000000000004,0.08363998681306839,0.03459237143397331
430,429,high,inspect_once,True,11,1,0.86,0.02499113790690899,0.025175916031003
431,430,high,inspect_once,False,16,1,-0.44000000000000006,0.0945042297244072,0.05241271108388901
432,431,high,inspect_once,True,14,1,0.83,0.05114178732037544,0.02935701422393322
433,432,high,inspect_once,True,15,1,0.82,0.04172920063138008,0.02947816252708435
434,433,high,inspect_once,False,12,1,-0.4,0.06362278014421463,0.04224191978573799
435,434,high,inspect_once,True,13,1,0.84,0.014902235940098763,0.04281701520085335
436,435,high,inspect_once,True,15,1,0.82,0.023602882400155067,0.023511486127972603
437,436,high,inspect_once,False,9,1,-0.37,0.07361245900392532,0.03683682158589363
438,437,high,inspect_once,False,15,1,-0.43000000000000005,0.07411777973175049,0.026940852403640747
439,438,high,inspect_once,True,19,1,0.7799999999999999,0.03347676247358322,0.02334700897336006
440,439,high,inspect_once,False,18,1,-0.4600000000000001,0.0713636726140976,0.0139117781072855
441,440,high,inspect_once,True,16,1,0.8099999999999999,0.05950389802455902,0.028344787657260895
442,441,high,inspect_once,True,11,1,0.86,0.04133234918117523,0.032769665122032166
443,442,high,inspect_once,True,16,1,0.8099999999999999,0.0068121179938316345,0.05131112039089203
444,443,high,inspect_once,True,10,1,0.87,0.031372979283332825,0.016000784933567047
445,444,high,inspect_once,True,15,1,0.82,0.01930524967610836,0.011837281286716461
446,445,high,inspect_once,True,10,1,0.87,0.04164675623178482,0.05125783011317253
447,446,high,inspect_once,False,17,1,-0.45000000000000007,0.07368168979883194,0.05860309302806854
448,447,high,inspect_once,True,16,1,0.8099999999999999,0.024834351614117622,0.010330882854759693
449,448,high,inspect_once,True,4,1,0.9299999999999999,0.053805992007255554,0.04562627896666527
450,449,high,inspect_once,True,15,1,0.82,0.043261513113975525,0.029701029881834984
451,450,high,inspect_once,True,10,1,0.87,0.0094642648473382,0.04341693967580795
452,451,high,inspect_once,False,8,1,-0.36,0.07888929545879364,0.05690586566925049
453,452,high,inspect_once,False,15,1,-0.43000000000000005,0.07912969589233398,0.04271087795495987
454,453,high,inspect_once,True,10,1,0.87,0.03894927352666855,0.02960408665239811
455,454,high,inspect_once,False,9,1,-0.37,0.06919794529676437,0.042800989001989365
456,455,high,inspect_once,True,18,1,0.7899999999999999,0.02016591839492321,0.021950237452983856
457,456,high,inspect_once,False,11,1,-0.39,0.09117316454648972,0.017259815707802773
458,457,high,inspect_once,False,15,1,-0.43000000000000005,0.07242752611637115,0.03556426241993904
459,458,high,inspect_once,True,14,1,0.83,0.05425592511892319,0.015467094257473946
460,459,high,inspect_once,True,16,1,0.8099999999999999,0.03411737084388733,0.031245213001966476
461,460,high,inspect_once,True,14,1,0.83,0.054257676005363464,0.04401272162795067
462,461,high,inspect_once,True,16,1,0.8099999999999999,0.05978013947606087,0.04538514092564583
463,462,high,inspect_once,True,16,1,0.8099999999999999,0.05942009389400482,0.059124283492565155
464,463,high,inspect_once,True,16,1,0.8099999999999999,0.03413375839591026,0.04962186887860298
465,464,high,inspect_once,True,14,1,0.83,0.026961691677570343,0.014723914675414562
466,465,high,inspect_once,True,15,1,0.82,0.047021616250276566,0.016732793301343918
467,466,high,inspect_once,True,9,1,0.88,0.033372264355421066,0.022188693284988403
468,467,high,inspect_once,False,14,1,-0.42000000000000004,0.06065785884857178,0.05934906750917435
469,468,high,inspect_once,True,20,1,0.7699999999999999,0.017469897866249084,0.02928115986287594
470,469,high,inspect_once,True,18,1,0.7899999999999999,0.03636815771460533,0.0595722571015358
471,470,high,inspect_once,True,11,1,0.86,0.05929424613714218,0.027740351855754852
472,471,high,inspect_once,True,8,1,0.89,0.03978363797068596,0.04429766908288002
473,472,high,inspect_once,True,13,1,0.84,0.029371770098805428,0.02125011757016182
474,473,high,inspect_once,True,15,1,0.82,0.032140955328941345,0.02201583795249462
475,474,high,inspect_once,False,14,1,-0.42000000000000004,0.0935116782784462,0.05115455389022827
476,475,high,inspect_once,True,13,1,0.84,0.02339152991771698,0.010290861129760742
477,476,high,inspect_once,False,8,1,-0.36,0.0646926760673523,0.041112516075372696
478,477,high,inspect_once,True,18,1,0.7899999999999999,0.04894178733229637,0.018453815951943398
479,478,high,inspect_once,False,10,1,-0.38,0.06403335928916931,0.011076380498707294
480,479,high,inspect_once,True,12,1,0.85,0.018367748707532883,0.02951975166797638
481,480,high,inspect_once,True,17,1,0.7999999999999999,0.030833279713988304,0.05247141793370247
482,481,high,inspect_once,True,18,1,0.7899999999999999,0.04235326126217842,0.05193556845188141
483,482,high,inspect_once,True,13,1,0.84,0.047089800238609314,0.03278309479355812
484,483,high,inspect_once,False,6,1,-0.34,0.10097699612379074,0.04906335845589638
485,484,high,inspect_once,False,15,1,-0.43000000000000005,0.06557998061180115,0.05213151499629021
486,485,high,inspect_once,True,12,1,0.85,0.03422049805521965,0.047964148223400116
487,486,high,inspect_once,True,21,1,0.7599999999999999,0.014020795002579689,0.028582226485013962
488,487,high,inspect_once,False,11,1,-0.39,0.06847032159566879,0.01117758173495531
489,488,high,inspect_once,False,2,1,-0.3,0.08528377115726471,0.058942761272192
490,489,high,inspect_once,True,17,1,0.7999999999999999,0.05297582596540451,0.05950145795941353
491,490,high,inspect_once,True,9,1,0.88,0.025482358410954475,0.05384112149477005
492,491,high,inspect_once,False,19,1,-0.4700000000000001,0.08033167570829391,0.04773984104394913
493,492,high,inspect_once,False,17,1,-0.45000000000000007,0.06545106321573257,0.03310775011777878
494,493,high,inspect_once,False,17,1,-0.45000000000000007,0.12590529024600983,0.05335123836994171
495,494,high,inspect_once,True,20,1,0.7699999999999999,0.016725463792681694,0.04128663241863251
496,495,high,inspect_once,True,17,1,0.7999999999999999,0.05306655541062355,0.032889947295188904
497,496,high,inspect_once,False,16,1,-0.44000000000000006,0.06699343770742416,0.02767784148454666
498,497,high,inspect_once,True,14,1,0.83,0.039296094328165054,0.01108221523463726
499,498,high,inspect_once,True,21,1,0.7599999999999999,0.0499655120074749,0.016872892156243324
500,499,high,inspect_once,False,17,1,-0.45000000000000007,0.08790821582078934,0.0256549920886755
501,500,high,inspect_once,False,17,1,-0.45000000000000007,0.07891881465911865,0.03901718184351921
502,501,high,inspect_once,True,20,1,0.7699999999999999,0.004532684572041035,0.026977133005857468
503,502,high,inspect_once,False,7,1,-0.35,0.0980079248547554,0.033192768692970276
504,503,high,inspect_once,True,9,1,0.88,0.05539626255631447,0.047665905207395554
505,504,high,inspect_once,True,3,1,0.94,0.039264943450689316,0.053105082362890244
506,505,high,inspect_once,True,18,1,0.7899999999999999,0.04293308034539223,0.03360685333609581
507,506,high,inspect_once,True,10,1,0.87,0.016123967245221138,0.031368885189294815
508,507,high,inspect_once,True,8,1,0.89,0.04467364028096199,0.056793708354234695
509,508,high,inspect_once,True,15,1,0.82,0.028989296406507492,0.049054864794015884
510,509,high,inspect_once,False,16,1,-0.44000000000000006,0.07924745976924896,0.04016810655593872
511,510,high,inspect_once,True,13,1,0.84,0.0296025313436985,0.030575720593333244
512,511,high,inspect_once,True,17,1,0.7999999999999999,0.05001457780599594,0.011446991935372353
513,512,high,inspect_once,True,16,1,0.8099999999999999,0.05453931540250778,0.030440157279372215
514,513,high,inspect_once,True,10,1,0.87,0.03824529051780701,0.018242966383695602
515,514,high,inspect_once,False,16,1,-0.44000000000000006,0.12064921855926514,0.05638856440782547
516,515,high,inspect_once,True,12,1,0.85,0.05782630667090416,0.056222833693027496
517,516,high,inspect_once,False,11,1,-0.39,0.07345873862504959,0.053776681423187256
518,517,high,inspect_once,False,14,1,-0.42000000000000004,0.08944003283977509,0.04258022829890251
519,518,high,inspect_once,True,16,1,0.8099999999999999,0.03359290957450867,0.02188919670879841
520,519,high,inspect_once,False,4,1,-0.32,0.07557006180286407,0.05644635111093521
521,520,high,inspect_once,False,9,1,-0.37,0.07528828829526901,0.057749029248952866
522,521,high,inspect_once,True,14,1,0.83,0.058654412627220154,0.016324851661920547
523,522,high,inspect_once,False,12,1,-0.4,0.10258294641971588,0.04972003772854805
524,523,high,inspect_once,True,17,1,0.7999999999999999,0.01053717639297247,0.03407461196184158
525,524,high,inspect_once,True,10,1,0.87,0.028028598055243492,0.03592589870095253
526,525,high,inspect_once,True,13,1,0.84,0.025113046169281006,0.012799698859453201
527,526,high,inspect_once,True,7,1,0.9,0.05024600028991699,0.0124957375228405
528,527,high,inspect_once,True,13,1,0.84,0.010716451331973076,0.03374786302447319
529,528,high,inspect_once,False,14,1,-0.42000000000000004,0.11534376442432404,0.052103083580732346
530,529,high,inspect_once,True,9,1,0.88,0.04824940487742424,0.017287632450461388
531,530,high,inspect_once,False,10,1,-0.38,0.11421693116426468,0.050981082022190094
532,531,high,inspect_once,True,20,1,0.7699999999999999,0.04926585033535957,0.026724042370915413
533,532,high,inspect_once,True,6,1,0.91,0.02307920716702938,0.012324617244303226
534,533,high,inspect_once,False,14,1,-0.42000000000000004,0.06592582166194916,0.05021538585424423
535,534,high,inspect_once,True,17,1,0.7999999999999999,0.04142041876912117,0.04061935469508171
536,535,high,inspect_once,False,16,1,-0.44000000000000006,0.09704692661762238,0.04774993285536766
537,536,high,inspect_once,True,6,1,0.91,0.032611552625894547,0.059252846986055374
538,537,high,inspect_once,True,16,1,0.8099999999999999,0.023548677563667297,0.056503985077142715
539,538,high,inspect_once,False,17,1,-0.45000000000000007,0.09407837688922882,0.03319719806313515
540,539,high,inspect_once,True,9,1,0.88,0.0272834450006485,0.019092204049229622
541,540,high,inspect_once,True,8,1,0.89,0.05604666844010353,0.03373705968260765
542,541,high,inspect_once,False,13,1,-0.41000000000000003,0.09843956679105759,0.058064695447683334
543,542,high,inspect_once,True,21,1,0.7599999999999999,0.04989390820264816,0.04132606461644173
544,543,high,inspect_once,True,14,1,0.83,0.054377567023038864,0.013995016925036907
545,544,high,inspect_once,False,14,1,-0.42000000000000004,0.12392674386501312,0.05878420174121857
546,545,high,inspect_once,True,14,1,0.83,0.05366562679409981,0.023045038804411888
547,546,high,inspect_once,True,16,1,0.8099999999999999,0.03340589255094528,0.020784351974725723
548,547,high,inspect_once,True,11,1,0.86,0.03474516049027443,0.021428391337394714
549,548,high,inspect_once,True,12,1,0.85,0.015042535029351711,0.031990356743335724
550,549,high,inspect_once,False,10,1,-0.38,0.0792195275425911,0.03627710044384003
551,550,high,inspect_once,False,15,1,-0.43000000000000005,0.09759517014026642,0.05567014217376709
552,551,high,inspect_once,True,16,1,0.8099999999999999,0.05229770764708519,0.048635926097631454
553,552,high,inspect_once,True,7,1,0.9,0.024962425231933594,0.01963229477405548
554,553,high,inspect_once,True,17,1,0.7999999999999999,0.05062064528465271,0.04860744625329971
555,554,high,inspect_once,True,18,1,0.7899999999999999,0.028943782672286034,0.036784011870622635
556,555,high,inspect_once,False,4,1,-0.32,0.11082315444946289,0.055600788444280624
557,556,high,inspect_once,True,13,1,0.84,0.033471621572971344,0.038882482796907425
558,557,high,inspect_once,False,14,1,-0.42000000000000004,0.10279611498117447,0.04898720979690552
559,558,high,inspect_once,True,12,1,0.85,0.033068571239709854,0.01261281967163086
560,559,high,inspect_once,False,17,1,-0.45000000000000007,0.10495395213365555,0.02869974635541439
561,560,high,inspect_once,True,9,1,0.88,0.0483279712498188,0.034967102110385895
562,561,high,inspect_once,True,18,1,0.7899999999999999,0.013809729367494583,0.046292394399642944
563,562,high,inspect_once,False,11,1,-0.39,0.08010134845972061,0.05871430039405823
564,563,high,inspect_once,False,15,1,-0.43000000000000005,0.06338360905647278,0.05151887238025665
565,564,high,inspect_once,True,15,1,0.82,0.01830814592540264,0.012776867486536503
566,565,high,inspect_once,True,13,1,0.84,0.0331944115459919,0.04248455911874771
567,566,high,inspect_once,True,20,1,0.7699999999999999,0.0588032528758049,0.045285601168870926
568,567,high,inspect_once,True,17,1,0.7999999999999999,0.031054526567459106,0.018795059993863106
569,568,high,inspect_once,False,19,1,-0.4700000000000001,0.06447207182645798,0.03250627964735031
570,569,high,inspect_once,False,13,1,-0.41000000000000003,0.08872877061367035,0.02361491322517395
571,570,high,inspect_once,True,13,1,0.84,0.02536596544086933,0.053551990538835526
572,571,high,inspect_once,False,14,1,-0.42000000000000004,0.0718732625246048,0.05101703852415085
573,572,high,inspect_once,True,12,1,0.85,0.02179490402340889,0.03528083488345146
574,573,high,inspect_once,True,16,1,0.8099999999999999,0.04521111398935318,0.03327375277876854
575,574,high,inspect_once,True,17,1,0.7999999999999999,0.019025081768631935,0.03002655692398548
576,575,high,inspect_once,True,8,1,0.89,0.056835249066352844,0.050264909863471985
577,576,high,inspect_once,True,19,1,0.7799999999999999,0.04905261844396591,0.04244505986571312
578,577,high,inspect_once,False,11,1,-0.39,0.06194349378347397,0.048926468938589096
579,578,high,inspect_once,True,9,1,0.88,0.013538532890379429,0.03221706300973892
580,579,high,inspect_once,True,17,1,0.7999999999999999,0.015246347524225712,0.014610580168664455
581,580,high,inspect_once,True,4,1,0.9299999999999999,0.045147377997636795,0.0571167916059494
582,581,high,inspect_once,True,10,1,0.87,0.0592401847243309,0.024217460304498672
583,582,high,inspect_once,True,7,1,0.9,0.030840076506137848,0.039494745433330536
584,583,high,inspect_once,False,7,1,-0.35,0.06300845742225647,0.059752121567726135
585,584,high,inspect_once,True,18,1,0.7899999999999999,0.03574062138795853,0.05639425292611122
586,585,high,inspect_once,True,17,1,0.7999999999999999,0.04174314811825752,0.014934600330889225
587,586,high,inspect_once,True,11,1,0.86,0.029096079990267754,0.03759009391069412
588,587,high,inspect_once,False,6,1,-0.34,0.07159454375505447,0.017557954415678978
589,588,high,inspect_once,True,24,1,0.73,0.04570811986923218,0.010220028460025787
590,589,high,inspect_once,True,13,1,0.84,0.020293550565838814,0.030651705339550972
591,590,high,inspect_once,True,13,1,0.84,0.043960705399513245,0.05405963212251663
592,591,high,inspect_once,True,9,1,0.88,0.05106554925441742,0.05672528222203255
593,592,high,inspect_once,True,4,1,0.9299999999999999,0.04816099628806114,0.04258503392338753
594,593,high,inspect_once,False,19,1,-0.4700000000000001,0.06091170012950897,0.05378175154328346
595,594,high,inspect_once,False,9,1,-0.37,0.09154576808214188,0.03249189257621765
596,595,high,inspect_once,False,18,1,-0.4600000000000001,0.06113046407699585,0.04693127050995827
597,596,high,inspect_once,True,14,1,0.83,0.03803173452615738,0.026758113875985146
598,597,high,inspect_once,False,16,1,-0.44000000000000006,0.08631745725870132,0.04732755571603775
599,598,high,inspect_once,True,22,1,0.7499999999999999,0.055831100791692734,0.013589699752628803
600,599,high,inspect_once,False,16,1,-0.44000000000000006,0.07857334613800049,0.042830489575862885
601,600,high,inspect_once,False,4,1,-0.32,0.10724865645170212,0.052715130150318146
602,601,high,inspect_once,True,14,1,0.83,0.05563630536198616,0.02646152675151825
603,602,high,inspect_once,False,15,1,-0.43000000000000005,0.0635237917304039,0.05525524914264679
604,603,high,inspect_once,False,8,1,-0.36,0.06894602626562119,0.05125878006219864
605,604,high,inspect_once,True,6,1,0.91,0.030374309048056602,0.01921856217086315
606,605,high,inspect_once,True,14,1,0.83,0.0447528101503849,0.014861879870295525
607,606,high,inspect_once,True,18,1,0.7899999999999999,0.01636672578752041,0.04774907976388931
608,607,high,inspect_once,True,16,1,0.8099999999999999,0.04588067904114723,0.04427388682961464
609,608,high,inspect_once,True,17,1,0.7999999999999999,0.016347436234354973,0.02292576991021633
610,609,high,inspect_once,True,13,1,0.84,0.01824357733130455,0.045734357088804245
611,610,high,inspect_once,True,11,1,0.86,0.013093352317810059,0.02531789056956768
612,611,high,inspect_once,False,18,1,-0.4600000000000001,0.06407169252634048,0.020377203822135925
613,612,high,inspect_once,True,8,1,0.89,0.011072912253439426,0.019812025129795074
614,613,high,inspect_once,False,18,1,-0.4600000000000001,0.07811570912599564,0.04540523514151573
615,614,high,inspect_once,True,5,1,0.9199999999999999,0.023105138912796974,0.042791947722435
616,615,high,inspect_once,True,17,1,0.7999999999999999,0.04902559518814087,0.024338342249393463
617,616,high,inspect_once,True,17,1,0.7999999999999999,0.016779888421297073,0.011575303040444851
618,617,high,inspect_once,False,5,1,-0.33,0.07178740948438644,0.03748466074466705
619,618,high,inspect_once,True,14,1,0.83,0.05447554215788841,0.058075543493032455
620,619,high,inspect_once,True,10,1,0.87,0.023027770221233368,0.03434484452009201
621,620,high,inspect_once,True,17,1,0.7999999999999999,0.03935898467898369,0.03485136479139328
622,621,high,inspect_once,True,14,1,0.83,0.028913291171193123,0.01011680904775858
623,622,high,inspect_once,True,5,1,0.9199999999999999,0.05073557049036026,0.057128362357616425
624,623,high,inspect_once,True,15,1,0.82,0.041244328022003174,0.04671110957860947
625,624,high,inspect_once,True,4,1,0.9299999999999999,0.04462779313325882,0.042900845408439636
626,625,high,inspect_once,False,12,1,-0.4,0.061483368277549744,0.03749397024512291
627,626,high,inspect_once,True,17,1,0.7999999999999999,0.03309385105967522,0.03574705123901367
628,627,high,inspect_once,True,10,1,0.87,0.03807586058974266,0.03797491267323494
629,628,high,inspect_once,False,18,1,-0.4600000000000001,0.07229498773813248,0.047853901982307434
630,629,high,inspect_once,True,16,1,0.8099999999999999,0.05162294581532478,0.01835155114531517
631,630,high,inspect_once,True,11,1,0.86,0.010859820991754532,0.03849080950021744
632,631,high,inspect_once,True,15,1,0.82,0.030077796429395676,0.05331707000732422
633,632,high,inspect_once,True,11,1,0.86,0.02793153002858162,0.017961399629712105
634,633,high,inspect_once,False,12,1,-0.4,0.10255227237939835,0.04931022971868515
635,634,high,inspect_once,True,19,1,0.7799999999999999,0.01760816015303135,0.04661383107304573
636,635,high,inspect_once,True,16,1,0.8099999999999999,0.05030621960759163,0.015557719394564629
637,636,high,inspect_once,False,7,1,-0.35,0.08291406184434891,0.05501842871308327
638,637,high,inspect_once,True,9,1,0.88,0.019856706261634827,0.02472795359790325
639,638,high,inspect_once,True,13,1,0.84,0.037509601563215256,0.012685242109000683
640,639,high,inspect_once,True,20,1,0.7699999999999999,0.04220246523618698,0.030004067346453667
641,640,high,inspect_once,False,13,1,-0.41000000000000003,0.07875993847846985,0.03701810911297798
642,641,high,inspect_once,True,15,1,0.82,0.05733749270439148,0.03306072950363159
643,642,high,inspect_once,True,14,1,0.83,0.009440460242331028,0.053387172520160675
644,643,high,inspect_once,True,4,1,0.9299999999999999,0.029294855892658234,0.018213272094726562
645,644,high,inspect_once,False,12,1,-0.4,0.07089114189147949,0.021514642983675003
646,645,high,inspect_once,False,11,1,-0.39,0.0771048367023468,0.05344146117568016
647,646,high,inspect_once,True,10,1,0.87,0.05777794122695923,0.04142237827181816
648,647,high,inspect_once,False,10,1,-0.38,0.06818412989377975,0.018590761348605156
649,648,high,inspect_once,False,12,1,-0.4,0.08667720854282379,0.04144148901104927
650,649,high,inspect_once,False,17,1,-0.45000000000000007,0.0752294734120369,0.053368233144283295
651,650,high,inspect_once,True,14,1,0.83,0.007265240885317326,0.04790801182389259
652,651,high,inspect_once,True,15,1,0.82,0.044949937611818314,0.015616381540894508
653,652,high,inspect_once,True,12,1,0.85,0.039207573980093,0.02075764536857605
654,653,high,inspect_once,True,13,1,0.84,0.027372494339942932,0.02894720993936062
655,654,high,inspect_once,False,17,1,-0.45000000000000007,0.06091633439064026,0.0422944650053978
656,655,high,inspect_once,False,7,1,-0.35,0.12397636473178864,0.050615713000297546
657,656,high,inspect_once,False,13,1,-0.41000000000000003,0.07161571830511093,0.04028167203068733
658,657,high,inspect_once,False,18,1,-0.4600000000000001,0.06250482052564621,0.05119934678077698
659,658,high,inspect_once,False,4,1,-0.32,0.07688331604003906,0.049996957182884216
660,659,high,inspect_once,True,4,1,0.9299999999999999,0.02694188803434372,0.048842232674360275
661,660,high,inspect_once,True,16,1,0.8099999999999999,0.049193110316991806,0.012997590936720371
662,661,high,inspect_once,True,11,1,0.86,0.034088339656591415,0.03134065866470337
663,662,high,inspect_once,False,5,1,-0.33,0.06049681082367897,0.011046175844967365
664,663,high,inspect_once,True,5,1,0.9199999999999999,0.024139149114489555,0.026585495099425316
665,664,high,inspect_once,False,16,1,-0.44000000000000006,0.10269859433174133,0.027658581733703613
666,665,high,inspect_once,True,8,1,0.89,0.04607332497835159,0.04913697391748428
667,666,high,inspect_once,True,17,1,0.7999999999999999,0.032723717391490936,0.04255826771259308
668,667,high,inspect_once,True,15,1,0.82,0.03171293064951897,0.042663540691137314
669,668,high,inspect_once,False,13,1,-0.41000000000000003,0.0739961713552475,0.01907011680305004
670,669,high,inspect_once,True,4,1,0.9299999999999999,0.05644442141056061,0.043302956968545914
671,670,high,inspect_once,True,9,1,0.88,0.05946701020002365,0.03155985474586487
672,671,high,inspect_once,False,17,1,-0.45000000000000007,0.06552614271640778,0.043057218194007874
673,672,high,inspect_once,False,14,1,-0.42000000000000004,0.08620400726795197,0.037394147366285324
674,673,high,inspect_once,True,20,1,0.7699999999999999,0.030449356883764267,0.026918860152363777
675,674,high,inspect_once,False,13,1,-0.41000000000000003,0.09716657549142838,0.03623475879430771
676,675,high,inspect_once,True,16,1,0.8099999999999999,0.05326874926686287,0.05760094150900841
677,676,high,inspect_once,False,10,1,-0.38,0.06367171555757523,0.05011869594454765
678,677,high,inspect_once,True,12,1,0.85,0.04249868169426918,0.028317231684923172
679,678,high,inspect_once,False,13,1,-0.41000000000000003,0.11004921048879623,0.05501137673854828
680,679,high,inspect_once,True,8,1,0.89,0.033479925245046616,0.032363735139369965
681,680,high,inspect_once,False,4,1,-0.32,0.06859850883483887,0.05950707942247391
682,681,high,inspect_once,False,10,1,-0.38,0.08351036161184311,0.052407484501600266
683,682,high,inspect_once,False,13,1,-0.41000000000000003,0.07836046814918518,0.04819506034255028
684,683,high,inspect_once,True,21,1,0.7599999999999999,0.030040834099054337,0.03763747960329056
685,684,high,inspect_once,True,14,1,0.83,0.05803680047392845,0.05228985473513603
686,685,high,inspect_once,False,14,1,-0.42000000000000004,0.09278272092342377,0.053582824766635895
687,686,high,inspect_once,True,13,1,0.84,0.030825665220618248,0.03046693094074726
688,687,high,inspect_once,False,14,1,-0.42000000000000004,0.0666058212518692,0.04727284237742424
689,688,high,inspect_once,False,9,1,-0.37,0.07978429645299911,0.014474356546998024
690,689,high,inspect_once,True,14,1,0.83,0.05162195488810539,0.020074207335710526
691,690,high,inspect_once,False,21,1,-0.4900000000000001,0.06972445547580719,0.026650376617908478
692,691,high,inspect_once,True,17,1,0.7999999999999999,0.028257830068469048,0.026714477688074112
693,692,high,inspect_once,True,5,1,0.9199999999999999,0.01754803955554962,0.040567219257354736
694,693,high,inspect_once,False,14,1,-0.42000000000000004,0.1208108589053154,0.05732884258031845
695,694,high,inspect_once,True,15,1,0.82,0.013480723835527897,0.053792454302310944
696,695,high,inspect_once,True,8,1,0.89,0.03407541289925575,0.04374053701758385
697,696,high,inspect_once,False,10,1,-0.38,0.08064254373311996,0.0400063581764698
698,697,high,inspect_once,True,8,1,0.89,0.04411317780613899,0.017293781042099
699,698,high,inspect_once,True,19,1,0.7799999999999999,0.016617679968476295,0.030361130833625793
700,699,high,inspect_once,False,15,1,-0.43000000000000005,0.13099788129329681,0.015336800366640091
701,700,high,inspect_once,True,8,1,0.89,0.025845326483249664,0.04846715182065964
702,701,high,inspect_once,True,22,1,0.7499999999999999,0.00478745112195611,0.030426062643527985
703,702,high,inspect_once,True,6,1,0.91,0.04365050047636032,0.021141739562153816
704,703,high,inspect_once,True,15,1,0.82,0.05119576305150986,0.04189395159482956
705,704,high,inspect_once,True,16,1,0.8099999999999999,0.036579981446266174,0.04202650859951973
706,705,high,inspect_once,True,9,1,0.88,0.043160125613212585,0.041866790503263474
707,706,high,inspect_once,True,8,1,0.89,0.055469706654548645,0.053266797214746475
708,707,high,inspect_once,True,15,1,0.82,0.03138519451022148,0.013303203508257866
709,708,high,inspect_once,False,16,1,-0.44000000000000006,0.13594311475753784,0.053858138620853424
710,709,high,inspect_once,True,15,1,0.82,0.05167432874441147,0.05379941314458847
711,710,high,inspect_once,True,7,1,0.9,0.012030187994241714,0.013446426019072533
712,711,high,inspect_once,True,12,1,0.85,0.0094983521848917,0.016539685428142548
713,712,high,inspect_once,True,9,1,0.88,0.042000558227300644,0.02665799669921398
714,713,high,inspect_once,True,11,1,0.86,0.04687812551856041,0.05206404998898506
715,714,high,inspect_once,False,10,1,-0.38,0.06671623140573502,0.03625521808862686
716,715,high,inspect_once,True,7,1,0.9,0.03713203966617584,0.026213781908154488
717,716,high,inspect_once,False,20,1,-0.4800000000000001,0.08608223497867584,0.0468616709113121
718,717,high,inspect_once,True,13,1,0.84,0.03174463286995888,0.0403841957449913
719,718,high,inspect_once,False,18,1,-0.4600000000000001,0.0813947543501854,0.010527891106903553
720,719,high,inspect_once,False,14,1,-0.42000000000000004,0.08531009405851364,0.027421539649367332
721,720,high,inspect_once,False,5,1,-0.33,0.08684630692005157,0.04379406198859215
722,721,high,inspect_once,True,9,1,0.88,0.03304950147867203,0.031972941011190414
723,722,high,inspect_once,True,17,1,0.7999999999999999,0.033644337207078934,0.015968890860676765
724,723,high,inspect_once,False,9,1,-0.37,0.09479468315839767,0.013197270222008228
725,724,high,inspect_once,False,14,1,-0.42000000000000004,0.08237554132938385,0.027721021324396133
726,725,high,inspect_once,True,17,1,0.7999999999999999,0.05998513102531433,0.04512406140565872
727,726,high,inspect_once,True,11,1,0.86,0.030715972185134888,0.044351935386657715
728,727,high,inspect_once,True,16,1,0.8099999999999999,0.02898777648806572,0.038952331990003586
729,728,high,inspect_once,False,21,1,-0.4900000000000001,0.07658812403678894,0.042147282510995865
730,729,high,inspect_once,True,18,1,0.7899999999999999,0.05393223091959953,0.02815735712647438
731,730,high,inspect_once,True,13,1,0.84,0.016314459964632988,0.036417361348867416
732,731,high,inspect_once,True,18,1,0.7899999999999999,0.028056221082806587,0.025110267102718353
733,732,high,inspect_once,True,12,1,0.85,0.040642548352479935,0.055346373468637466
734,733,high,inspect_once,False,13,1,-0.41000000000000003,0.07960959523916245,0.05252113193273544
735,734,high,inspect_once,False,18,1,-0.4600000000000001,0.10469956696033478,0.0558292455971241
736,735,high,inspect_once,True,16,1,0.8099999999999999,0.037743959575891495,0.01728535257279873
737,736,high,inspect_once,True,14,1,0.83,0.016530606895685196,0.011664114892482758
738,737,high,inspect_once,True,9,1,0.88,0.030097706243395805,0.024913085624575615
739,738,high,inspect_once,True,16,1,0.8099999999999999,0.04304974526166916,0.010357415303587914
740,739,high,inspect_once,True,18,1,0.7899999999999999,0.015035007148981094,0.010868544690310955
741,740,high,inspect_once,False,13,1,-0.41000000000000003,0.07282588630914688,0.053098276257514954
742,741,high,inspect_once,False,9,1,-0.37,0.07600237429141998,0.028664352372288704
743,742,high,inspect_once,True,19,1,0.7799999999999999,0.02629232034087181,0.014955118298530579
744,743,high,inspect_once,True,5,1,0.9199999999999999,0.028175143525004387,0.04078318923711777
745,744,high,inspect_once,True,19,1,0.7799999999999999,0.04233360290527344,0.015014905482530594
746,745,high,inspect_once,False,15,1,-0.43000000000000005,0.0666155219078064,0.026309754699468613
747,746,high,inspect_once,True,14,1,0.83,0.021155990660190582,0.03478110581636429
748,747,high,inspect_once,True,15,1,0.82,0.0290415957570076,0.021628590300679207
749,748,high,inspect_once,True,18,1,0.7899999999999999,0.050503045320510864,0.04317415505647659
750,749,high,inspect_once,True,16,1,0.8099999999999999,0.05879298597574234,0.02613856829702854
751,750,high,inspect_once,True,13,1,0.84,0.03981954604387283,0.0113662825897336
752,751,high,inspect_once,True,9,1,0.88,0.013030228205025196,0.02953161858022213
753,752,high,inspect_once,False,16,1,-0.44000000000000006,0.10515513271093369,0.03907100111246109
754,753,high,inspect_once,True,7,1,0.9,0.019858749583363533,0.014770930632948875
755,754,high,inspect_once,False,13,1,-0.41000000000000003,0.08900769054889679,0.03405752778053284
756,755,high,inspect_once,True,19,1,0.7799999999999999,0.05711968243122101,0.013430128805339336
757,756,high,inspect_once,True,9,1,0.88,0.011831953190267086,0.022488664835691452
758,757,high,inspect_once,True,14,1,0.83,0.04349007084965706,0.02656853385269642
759,758,high,inspect_once,True,17,1,0.7999999999999999,0.0339706689119339,0.03737788647413254
760,759,high,inspect_once,True,8,1,0.89,0.037068065255880356,0.04615892842411995
761,760,high,inspect_once,True,17,1,0.7999999999999999,0.04501892998814583,0.03330661356449127
762,761,high,inspect_once,False,12,1,-0.4,0.07720141112804413,0.046097878366708755
763,762,high,inspect_once,True,9,1,0.88,0.04727247357368469,0.04425371438264847
764,763,high,inspect_once,True,17,1,0.7999999999999999,0.05764566734433174,0.05860698223114014
765,764,high,inspect_once,False,19,1,-0.4700000000000001,0.09671850502490997,0.04869147762656212
766,765,high,inspect_once,True,13,1,0.84,0.0260145366191864,0.022925730794668198
767,766,high,inspect_once,False,13,1,-0.41000000000000003,0.06705327332019806,0.05268431827425957
768,767,high,inspect_once,True,16,1,0.8099999999999999,0.015308638103306293,0.03481988608837128
769,768,high,inspect_once,True,19,1,0.7799999999999999,0.05269332602620125,0.049002815037965775
770,769,high,inspect_once,True,19,1,0.7799999999999999,0.04666939377784729,0.010156318545341492
771,770,high,inspect_once,False,18,1,-0.4600000000000001,0.06776124238967896,0.05775298923254013
772,771,high,inspect_once,True,12,1,0.85,0.027605708688497543,0.010827821679413319
773,772,high,inspect_once,True,13,1,0.84,0.02925693802535534,0.01646098494529724
774,773,high,inspect_once,True,15,1,0.82,0.026803141459822655,0.040123261511325836
775,774,high,inspect_once,True,13,1,0.84,0.027679525315761566,0.013659320771694183
776,775,high,inspect_once,False,10,1,-0.38,0.06786171346902847,0.027998600155115128
777,776,high,inspect_once,False,10,1,-0.38,0.08081896603107452,0.03601739555597305
778,777,high,inspect_once,True,13,1,0.84,0.03212619945406914,0.03231774643063545
779,778,high,inspect_once,True,6,1,0.91,0.04178941622376442,0.03801397234201431
780,779,high,inspect_once,True,8,1,0.89,0.039528366178274155,0.04540732130408287
781,780,high,inspect_once,True,12,1,0.85,0.054311227053403854,0.04396425187587738
782,781,high,inspect_once,True,10,1,0.87,0.05527927726507187,0.01458531804382801
783,782,high,inspect_once,True,6,1,0.91,0.036788210272789,0.056448787450790405
784,783,high,inspect_once,True,11,1,0.86,0.04909414425492287,0.013910266570746899
785,784,high,inspect_once,True,10,1,0.87,0.05078957602381706,0.05916363373398781
786,785,high,inspect_once,True,16,1,0.8099999999999999,0.057574182748794556,0.05999625474214554
787,786,high,inspect_once,False,15,1,-0.43000000000000005,0.10791338235139847,0.057704225182533264
788,787,high,inspect_once,False,8,1,-0.36,0.08051581680774689,0.033052172511816025
789,788,high,inspect_once,False,15,1,-0.43000000000000005,0.06330681592226028,0.03003918007016182
790,789,high,inspect_once,True,7,1,0.9,0.03163318708539009,0.029529640451073647
791,790,high,inspect_once,True,19,1,0.7799999999999999,0.047074221074581146,0.05431589111685753
792,791,high,inspect_once,True,16,1,0.8099999999999999,0.04737772420048714,0.0483408197760582
793,792,high,inspect_once,True,11,1,0.86,0.05472072958946228,0.026461975648999214
794,793,high,inspect_once,True,18,1,0.7899999999999999,0.0058981990441679955,0.04853561520576477
795,794,high,inspect_once,True,16,1,0.8099999999999999,0.04398224875330925,0.05314229056239128
796,795,high,inspect_once,False,11,1,-0.39,0.07417343556880951,0.03815498575568199
797,796,high,inspect_once,True,10,1,0.87,0.03919132053852081,0.029002167284488678
798,797,high,inspect_once,False,11,1,-0.39,0.06378193199634552,0.049607131630182266
799,798,high,inspect_once,True,12,1,0.85,0.057278458029031754,0.014593417756259441
800,799,high,inspect_once,True,14,1,0.83,0.03449646010994911,0.04259379580616951
801,800,high,inspect_once,True,7,1,0.9,0.04899023473262787,0.027558913454413414
802,801,high,inspect_once,True,7,1,0.9,0.033714067190885544,0.033600497990846634
803,802,high,inspect_once,True,18,1,0.7899999999999999,0.04973505437374115,0.011491695418953896
804,803,high,inspect_once,True,13,1,0.84,0.04614195600152016,0.03480173274874687
805,804,high,inspect_once,True,18,1,0.7899999999999999,0.03978921100497246,0.026591820642352104
806,805,high,inspect_once,True,4,1,0.9299999999999999,0.03539250046014786,0.025459177792072296
807,806,high,inspect_once,True,10,1,0.87,0.0348459891974926,0.01463293470442295
808,807,high,inspect_once,True,19,1,0.7799999999999999,0.05064617469906807,0.0489874966442585
809,808,high,inspect_once,True,11,1,0.86,0.010787811130285263,0.014002676121890545
810,809,high,inspect_once,False,17,1,-0.45000000000000007,0.06738826632499695,0.031907081604003906
811,810,high,inspect_once,True,11,1,0.86,0.026892663910984993,0.031489595770835876
812,811,high,inspect_once,True,17,1,0.7999999999999999,0.020892931148409843,0.03444962948560715
813,812,high,inspect_once,True,12,1,0.85,0.04285094514489174,0.056440096348524094
814,813,high,inspect_once,True,11,1,0.86,0.029571600258350372,0.05835841968655586
815,814,high,inspect_once,True,10,1,0.87,0.029630038887262344,0.0447986014187336
816,815,high,inspect_once,True,19,1,0.7799999999999999,0.056239426136016846,0.030458398163318634
817,816,high,inspect_once,True,16,1,0.8099999999999999,0.016514958813786507,0.017384778708219528
818,817,high,inspect_once,False,12,1,-0.4,0.09225483238697052,0.05404432862997055
819,818,high,inspect_once,True,5,1,0.9199999999999999,0.03990427032113075,0.012027737684547901
820,819,high,inspect_once,True,13,1,0.84,0.014515540562570095,0.03219650685787201
821,820,high,inspect_once,True,17,1,0.7999999999999999,0.05229801684617996,0.01030847430229187
822,821,high,inspect_once,True,17,1,0.7999999999999999,0.03436575084924698,0.04279574006795883
823,822,high,inspect_once,False,10,1,-0.38,0.07094762474298477,0.04947303235530853
824,823,high,inspect_once,True,18,1,0.7899999999999999,0.005396351218223572,0.02557518519461155
825,824,high,inspect_once,False,13,1,-0.41000000000000003,0.08326815813779831,0.018531790003180504
826,825,high,inspect_once,False,7,1,-0.35,0.06631878763437271,0.026499558240175247
827,826,high,inspect_once,True,14,1,0.83,0.05379746854305267,0.0569351501762867
828,827,high,inspect_once,True,17,1,0.7999999999999999,0.035255249589681625,0.03555022552609444
829,828,high,inspect_once,False,4,1,-0.32,0.10138890892267227,0.05979811027646065
830,829,high,inspect_once,False,10,1,-0.38,0.06053415685892105,0.054729800671339035
831,830,high,inspect_once,True,7,1,0.9,0.05845101922750473,0.02488630637526512
832,831,high,inspect_once,True,12,1,0.85,0.03693758696317673,0.05436031147837639
833,832,high,inspect_once,False,16,1,-0.44000000000000006,0.0694805309176445,0.05945868790149689
834,833,high,inspect_once,True,12,1,0.85,0.04326208680868149,0.014467592351138592
835,834,high,inspect_once,True,17,1,0.7999999999999999,0.02521466091275215,0.01686755008995533
836,835,high,inspect_once,False,17,1,-0.45000000000000007,0.09451797604560852,0.013902833685278893
837,836,high,inspect_once,False,9,1,-0.37,0.09155365824699402,0.04923771321773529
838,837,high,inspect_once,True,12,1,0.85,0.025058744475245476,0.01755589246749878
839,838,high,inspect_once,False,15,1,-0.43000000000000005,0.10876189172267914,0.05920878052711487
840,839,high,inspect_once,True,10,1,0.87,0.01550639234483242,0.016128767281770706
841,840,high,inspect_once,True,17,1,0.7999999999999999,0.05460655689239502,0.032263509929180145
842,841,high,inspect_once,True,10,1,0.87,0.03779298812150955,0.010117151774466038
843,842,high,inspect_once,False,18,1,-0.4600000000000001,0.06641378253698349,0.050306934863328934
844,843,high,inspect_once,True,16,1,0.8099999999999999,0.05564326420426369,0.045691557228565216
845,844,high,inspect_once,False,11,1,-0.39,0.08001410216093063,0.02682814560830593
846,845,high,inspect_once,True,14,1,0.83,0.029987089335918427,0.011232423596084118
847,846,high,inspect_once,True,16,1,0.8099999999999999,0.055516567081213,0.0468301847577095
848,847,high,inspect_once,False,14,1,-0.42000000000000004,0.06069886311888695,0.04375380277633667
849,848,high,inspect_once,False,11,1,-0.39,0.07411367446184158,0.03210463374853134
850,849,high,inspect_once,True,13,1,0.84,0.03272571414709091,0.02469591051340103
851,850,high,inspect_once,False,7,1,-0.35,0.08632931113243103,0.025464465841650963
852,851,high,inspect_once,False,17,1,-0.45000000000000007,0.08821461349725723,0.03790774568915367
853,852,high,inspect_once,True,19,1,0.7799999999999999,0.05124717578291893,0.05912837013602257
854,853,high,inspect_once,False,11,1,-0.39,0.06970292329788208,0.058796294033527374
855,854,high,inspect_once,False,18,1,-0.4600000000000001,0.08059075474739075,0.05496302619576454
856,855,high,inspect_once,True,17,1,0.7999999999999999,0.053143035620450974,0.0495295412838459
857,856,high,inspect_once,True,7,1,0.9,0.008292069658637047,0.013506305404007435
858,857,high,inspect_once,True,14,1,0.83,0.03620194271206856,0.05948428437113762
859,858,high,inspect_once,True,19,1,0.7799999999999999,0.033971868455410004,0.050877705216407776
860,859,high,inspect_once,True,14,1,0.83,0.04118863120675087,0.03191596269607544
861,860,high,inspect_once,False,20,1,-0.4800000000000001,0.0661025270819664,0.051328036934137344
862,861,high,inspect_once,True,16,1,0.8099999999999999,0.04682780057191849,0.022396337240934372
863,862,high,inspect_once,True,16,1,0.8099999999999999,0.04782520607113838,0.03159590810537338
864,863,high,inspect_once,False,16,1,-0.44000000000000006,0.06913753598928452,0.04953267052769661
865,864,high,inspect_once,True,11,1,0.86,0.031044606119394302,0.031105192378163338
866,865,high,inspect_once,True,19,1,0.7799999999999999,0.005961621180176735,0.04698248207569122
867,866,high,inspect_once,True,10,1,0.87,0.017177129164338112,0.011047936975955963
868,867,high,inspect_once,True,14,1,0.83,0.046427853405475616,0.011638573370873928
869,868,high,inspect_once,False,11,1,-0.39,0.06689278036355972,0.05534049868583679
870,869,high,inspect_once,False,15,1,-0.43000000000000005,0.06790477782487869,0.02983085811138153
871,870,high,inspect_once,True,5,1,0.9199999999999999,0.01345191989094019,0.03848526254296303
872,871,high,inspect_once,True,14,1,0.83,0.020833177492022514,0.027296900749206543
873,872,high,inspect_once,True,17,1,0.7999999999999999,0.005849073175340891,0.05288756266236305
874,873,high,inspect_once,True,16,1,0.8099999999999999,0.010711251758038998,0.022944478318095207
875,874,high,inspect_once,False,12,1,-0.4,0.06762299686670303,0.058031365275382996
876,875,high,inspect_once,True,17,1,0.7999999999999999,0.033157702535390854,0.04476778954267502
877,876,high,inspect_once,True,10,1,0.87,0.013574855402112007,0.029983190819621086
878,877,high,inspect_once,True,13,1,0.84,0.022397000342607498,0.03000585548579693
879,878,high,inspect_once,True,11,1,0.86,0.05702754482626915,0.05921076983213425
880,879,high,inspect_once,False,14,1,-0.42000000000000004,0.07142852991819382,0.04013883322477341
881,880,high,inspect_once,True,7,1,0.9,0.04143335297703743,0.05883578956127167
882,881,high,inspect_once,True,14,1,0.83,0.05513441935181618,0.04726756736636162
883,882,high,inspect_once,True,12,1,0.85,0.05913432687520981,0.02829812467098236
884,883,high,inspect_once,True,20,1,0.7699999999999999,0.02942848950624466,0.012397941201925278
885,884,high,inspect_once,True,15,1,0.82,0.054372843354940414,0.056441500782966614
886,885,high,inspect_once,True,18,1,0.7899999999999999,0.026091204956173897,0.010890712961554527
887,886,high,inspect_once,True,10,1,0.87,0.028219787403941154,0.03261742368340492
888,887,high,inspect_once,True,15,1,0.82,0.040343403816223145,0.020949099212884903
889,888,high,inspect_once,True,8,1,0.89,0.032608166337013245,0.05676265433430672
890,889,high,inspect_once,True,15,1,0.82,0.04684371501207352,0.04264942929148674
891,890,high,inspect_once,True,15,1,0.82,0.05080954730510712,0.030050819739699364
892,891,high,inspect_once,False,15,1,-0.43000000000000005,0.06211211532354355,0.032337289303541183
893,892,high,inspect_once,False,14,1,-0.42000000000000004,0.07955501228570938,0.034907519817352295
894,893,high,inspect_once,True,14,1,0.83,0.04181705787777901,0.016303816810250282
895,894,high,inspect_once,True,8,1,0.89,0.057241037487983704,0.057347461581230164
896,895,high,inspect_once,True,14,1,0.83,0.02118614874780178,0.015692925080657005
897,896,high,inspect_once,True,16,1,0.8099999999999999,0.04413890093564987,0.02717963047325611
898,897,high,inspect_once,False,12,1,-0.4,0.06607631593942642,0.015182026661932468
899,898,high,inspect_once,True,16,1,0.8099999999999999,0.05112922564148903,0.03504084795713425
900,899,high,inspect_once,False,15,1,-0.43000000000000005,0.06490267813205719,0.046930473297834396
901,900,high,inspect_once,True,3,1,0.94,0.05165022611618042,0.02305196039378643
902,901,high,inspect_once,True,20,1,0.7699999999999999,0.003121099201962352,0.03390117362141609
903,902,high,inspect_once,False,15,1,-0.43000000000000005,0.06383458524942398,0.044400256127119064
904,903,high,inspect_once,False,12,1,-0.4,0.06253361701965332,0.015144139528274536
905,904,high,inspect_once,True,12,1,0.85,0.052998073399066925,0.029419945552945137
906,905,high,inspect_once,True,20,1,0.7699999999999999,0.02264716662466526,0.026047272607684135
907,906,high,inspect_once,False,15,1,-0.43000000000000005,0.06680130213499069,0.059220775961875916
908,907,high,inspect_once,True,12,1,0.85,0.0388774573802948,0.052057377994060516
909,908,high,inspect_once,False,14,1,-0.42000000000000004,0.062359437346458435,0.027006996795535088
910,909,high,inspect_once,True,13,1,0.84,0.03729057312011719,0.03960670530796051
911,910,high,inspect_once,True,14,1,0.83,0.01666155830025673,0.01634880155324936
912,911,high,inspect_once,True,10,1,0.87,0.028841892257332802,0.051057733595371246
913,912,high,inspect_once,True,17,1,0.7999999999999999,0.03157108277082443,0.01445944607257843
914,913,high,inspect_once,True,7,1,0.9,0.02011820860207081,0.041711512953042984
915,914,high,inspect_once,False,12,1,-0.4,0.0701204240322113,0.05529606714844704
916,915,high,inspect_once,False,8,1,-0.36,0.061839353293180466,0.013608983717858791
917,916,high,inspect_once,False,10,1,-0.38,0.07714129239320755,0.047526001930236816
918,917,high,inspect_once,True,12,1,0.85,0.02146230638027191,0.02094387821853161
919,918,high,inspect_once,True,6,1,0.91,0.055492300540208817,0.020087389275431633
920,919,high,inspect_once,True,21,1,0.7599999999999999,0.02904840186238289,0.030009286478161812
921,920,high,inspect_once,True,10,1,0.87,0.029368696734309196,0.04363977164030075
922,921,high,inspect_once,True,10,1,0.87,0.01632133312523365,0.011425330303609371
923,922,high,inspect_once,True,9,1,0.88,0.006209617480635643,0.03161346912384033
924,923,high,inspect_once,True,22,1,0.7499999999999999,0.016298478469252586,0.011417632922530174
925,924,high,inspect_once,True,17,1,0.7999999999999999,0.03305335342884064,0.044523563235998154
926,925,high,inspect_once,False,17,1,-0.45000000000000007,0.09136901050806046,0.039068471640348434
927,926,high,inspect_once,False,12,1,-0.4,0.07396645843982697,0.027310822159051895
928,927,high,inspect_once,True,14,1,0.83,0.04295475780963898,0.029854167252779007
929,928,high,inspect_once,True,9,1,0.88,0.043619655072689056,0.015522528439760208
930,929,high,inspect_once,False,11,1,-0.39,0.060507480055093765,0.03285912424325943
931,930,high,inspect_once,False,15,1,-0.43000000000000005,0.06854413449764252,0.03924545273184776
932,931,high,inspect_once,False,11,1,-0.39,0.060610607266426086,0.016474144533276558
933,932,high,inspect_once,False,16,1,-0.44000000000000006,0.06760136783123016,0.042966119945049286
934,933,high,inspect_once,True,9,1,0.88,0.021628491580486298,0.016574915498495102
935,934,high,inspect_once,False,15,1,-0.43000000000000005,0.08302997797727585,0.05198398977518082
936,935,high,inspect_once,True,9,1,0.88,0.007696494925767183,0.03561636433005333
937,936,high,inspect_once,True,14,1,0.83,0.021757911890745163,0.025743810459971428
938,937,high,inspect_once,True,12,1,0.85,0.04469645395874977,0.022405581548810005
939,938,high,inspect_once,False,14,1,-0.42000000000000004,0.06654936075210571,0.04868942126631737
940,939,high,inspect_once,False,19,1,-0.4700000000000001,0.08329381793737411,0.026959171518683434
941,940,high,inspect_once,True,15,1,0.82,0.027436774224042892,0.027023162692785263
942,941,high,inspect_once,True,18,1,0.7899999999999999,0.03222005441784859,0.01864277757704258
943,942,high,inspect_once,True,12,1,0.85,0.018751902505755424,0.024593042209744453
944,943,high,inspect_once,True,16,1,0.8099999999999999,0.057173822075128555,0.055214863270521164
945,944,high,inspect_once,True,14,1,0.83,0.022344157099723816,0.017690204083919525
946,945,high,inspect_once,True,15,1,0.82,0.009267748333513737,0.027899859473109245
947,946,high,inspect_once,False,15,1,-0.43000000000000005,0.08698656409978867,0.051600515842437744
948,947,high,inspect_once,False,12,1,-0.4,0.10684109479188919,0.056998033076524734
949,948,high,inspect_once,False,13,1,-0.41000000000000003,0.0648287758231163,0.05747478827834129
950,949,high,inspect_once,True,10,1,0.87,0.04430829733610153,0.021462274715304375
951,950,high,inspect_once,True,8,1,0.89,0.042630042880773544,0.021984456107020378
952,951,high,inspect_once,True,15,1,0.82,0.016342563554644585,0.025853339582681656
953,952,high,inspect_once,True,8,1,0.89,0.032557934522628784,0.045498915016651154
954,953,high,inspect_once,True,9,1,0.88,0.02864198200404644,0.0504290834069252
955,954,high,inspect_once,True,17,1,0.7999999999999999,0.028381451964378357,0.053459279239177704
956,955,high,inspect_once,True,10,1,0.87,0.05070656165480614,0.04354285076260567
957,956,high,inspect_once,False,17,1,-0.45000000000000007,0.08073701709508896,0.046402812004089355
958,957,high,inspect_once,True,11,1,0.86,0.05547570064663887,0.017503898590803146
959,958,high,inspect_once,True,16,1,0.8099999999999999,0.04664050042629242,0.032079342752695084
960,959,high,inspect_once,True,16,1,0.8099999999999999,0.039995793253183365,0.039573848247528076
961,960,high,inspect_once,False,16,1,-0.44000000000000006,0.07654651254415512,0.02488207072019577
962,961,high,inspect_once,False,9,1,-0.37,0.06209537759423256,0.03223976120352745
963,962,high,inspect_once,True,9,1,0.88,0.051442038267850876,0.020737778395414352
964,963,high,inspect_once,True,17,1,0.7999999999999999,0.031993165612220764,0.02385713905096054
965,964,high,inspect_once,True,12,1,0.85,0.010900134220719337,0.043732501566410065
966,965,high,inspect_once,True,5,1,0.9199999999999999,0.024807998910546303,0.049577757716178894
967,966,high,inspect_once,True,13,1,0.84,0.03761647269129753,0.0331953801214695
968,967,high,inspect_once,True,11,1,0.86,0.020417820662260056,0.04062391445040703
969,968,high,inspect_once,False,18,1,-0.4600000000000001,0.07140079885721207,0.054205961525440216
970,969,high,inspect_once,True,15,1,0.82,0.04680896922945976,0.03730771318078041
971,970,high,inspect_once,True,19,1,0.7799999999999999,0.03783707320690155,0.04096511751413345
972,971,high,inspect_once,False,11,1,-0.39,0.06559693068265915,0.058954253792762756
973,972,high,inspect_once,True,18,1,0.7899999999999999,0.037254899740219116,0.026132483035326004
974,973,high,inspect_once,True,9,1,0.88,0.0225045308470726,0.03838851675391197
975,974,high,inspect_once,False,15,1,-0.43000000000000005,0.06779510527849197,0.04346614331007004
976,975,high,inspect_once,True,14,1,0.83,0.0470641553401947,0.056945111602544785
977,976,high,inspect_once,True,14,1,0.83,0.016298089176416397,0.04590429365634918
978,977,high,inspect_once,False,16,1,-0.44000000000000006,0.06040465831756592,0.03300194814801216
979,978,high,inspect_once,False,16,1,-0.44000000000000006,0.11563248932361603,0.05622226744890213
980,979,high,inspect_once,True,10,1,0.87,0.024782029911875725,0.03172757104039192
981,980,high,inspect_once,False,12,1,-0.4,0.07555978000164032,0.04078150540590286
982,981,high,inspect_once,False,13,1,-0.41000000000000003,0.06502266228199005,0.017339687794446945
983,982,high,inspect_once,True,12,1,0.85,0.01486452016979456,0.01245303824543953
984,983,high,inspect_once,True,14,1,0.83,0.01919686794281006,0.022530952468514442
985,984,high,inspect_once,False,10,1,-0.38,0.07148860394954681,0.04163350164890289
986,985,high,inspect_once,True,6,1,0.91,0.031891368329524994,0.05503527820110321
987,986,high,inspect_once,True,5,1,0.9199999999999999,0.03612399846315384,0.024662233889102936
988,987,high,inspect_once,False,18,1,-0.4600000000000001,0.09424091130495071,0.05470113456249237
989,988,high,inspect_once,True,16,1,0.8099999999999999,0.021328458562493324,0.01732601970434189
990,989,high,inspect_once,False,12,1,-0.4,0.09557982534170151,0.026739588007330894
991,990,high,inspect_once,False,9,1,-0.37,0.06338753551244736,0.037559326738119125
992,991,high,inspect_once,True,18,1,0.7899999999999999,0.02877628616988659,0.011215551756322384
993,992,high,inspect_once,True,14,1,0.83,0.04114696383476257,0.028716089203953743
994,993,high,inspect_once,True,7,1,0.9,0.042833827435970306,0.04105227813124657
995,994,high,inspect_once,True,10,1,0.87,0.02408963069319725,0.04654400050640106
996,995,high,inspect_once,False,10,1,-0.38,0.06280137598514557,0.05489987134933472
997,996,high,inspect_once,True,9,1,0.88,0.02777257189154625,0.027162376791238785
998,997,high,inspect_once,True,16,1,0.8099999999999999,0.05694486200809479,0.05822667479515076
999,998,high,inspect_once,True,13,1,0.84,0.05559578537940979,0.044186659157276154
1000,999,high,inspect_once,True,14,1,0.83,0.026625076308846474,0.03037938103079796
1,0,severe,always_act,False,14,0,-0.39,0.10688483715057373,0.05751224234700203
2,1,severe,always_act,False,13,0,-0.38,0.34788212180137634,0.02666197530925274
3,2,severe,always_act,False,4,0,-0.29000000000000004,0.39604857563972473,0.04840437322854996
4,3,severe,always_act,False,5,0,-0.3,0.17020128667354584,0.02682906575500965
5,4,severe,always_act,False,21,0,-0.4600000000000001,0.1922474503517151,0.024940624833106995
6,5,severe,always_act,False,18,0,-0.43000000000000005,0.1137850433588028,0.057424649596214294
7,6,severe,always_act,False,6,0,-0.31,0.5581877827644348,0.04653467237949371
8,7,severe,always_act,False,13,0,-0.38,0.2501040995121002,0.018852850422263145
9,8,severe,always_act,False,13,0,-0.38,0.3645576238632202,0.0560685433447361
10,9,severe,always_act,False,10,0,-0.35,0.45143967866897583,0.031794171780347824
11,10,severe,always_act,False,12,0,-0.37,0.23295944929122925,0.03568025305867195
12,11,severe,always_act,False,11,0,-0.36,0.3189791738986969,0.02250869758427143
13,12,severe,always_act,False,19,0,-0.44000000000000006,0.1926911622285843,0.04413987323641777
14,13,severe,always_act,False,22,0,-0.4700000000000001,0.17109836637973785,0.02991556003689766
15,14,severe,always_act,False,6,0,-0.31,0.6053456664085388,0.03159261494874954
16,15,severe,always_act,False,9,0,-0.34,0.4493867754936218,0.025581181049346924
17,16,severe,always_act,False,19,0,-0.44000000000000006,0.3330170512199402,0.033051032572984695
18,17,severe,always_act,False,11,0,-0.36,0.34510132670402527,0.02830141969025135
19,18,severe,always_act,False,12,0,-0.37,0.3239312469959259,0.018976446241140366
20,19,severe,always_act,False,14,0,-0.39,0.2084631472826004,0.05453905463218689
21,20,severe,always_act,False,15,0,-0.4,0.31547415256500244,0.047496866434812546
22,21,severe,always_act,False,18,0,-0.43000000000000005,0.5772461295127869,0.013168607838451862
23,22,severe,always_act,False,1,0,-0.26,0.36030545830726624,0.03886617347598076
24,23,severe,always_act,False,11,0,-0.36,0.5770354270935059,0.027467619627714157
25,24,severe,always_act,False,6,0,-0.31,0.3013885021209717,0.03701186180114746
26,25,severe,always_act,False,3,0,-0.28,0.20613111555576324,0.052893683314323425
27,26,severe,always_act,False,19,0,-0.44000000000000006,0.47393518686294556,0.012074428610503674
28,27,severe,always_act,False,16,0,-0.41000000000000003,0.34343013167381287,0.029636163264513016
29,28,severe,always_act,False,16,0,-0.41000000000000003,0.18778909742832184,0.047631796449422836
30,29,severe,always_act,False,8,0,-0.33,0.07141904532909393,0.015062513761222363
31,30,severe,always_act,False,6,0,-0.31,0.25871962308883667,0.04863467812538147
32,31,severe,always_act,False,17,0,-0.42000000000000004,0.25775450468063354,0.04662774130702019
33,32,severe,always_act,False,13,0,-0.38,0.13179859519004822,0.03315160050988197
34,33,severe,always_act,False,14,0,-0.39,0.12250915169715881,0.03411724045872688
35,34,severe,always_act,False,21,0,-0.4600000000000001,0.6186680793762207,0.0463213175535202
36,35,severe,always_act,False,16,0,-0.41000000000000003,0.2940294146537781,0.04837422072887421
37,36,severe,always_act,False,6,0,-0.31,0.1270742267370224,0.04139129817485809
38,37,severe,always_act,False,15,0,-0.4,0.3659181594848633,0.010937332175672054
39,38,severe,always_act,False,13,0,-0.38,0.15898536145687103,0.03519193455576897
40,39,severe,always_act,False,10,0,-0.35,0.23616813123226166,0.04386768862605095
41,40,severe,always_act,False,17,0,-0.42000000000000004,0.26489633321762085,0.016966186463832855
42,41,severe,always_act,False,21,0,-0.4600000000000001,0.1183086410164833,0.010536191053688526
43,42,severe,always_act,False,20,0,-0.45000000000000007,0.27285003662109375,0.028939051553606987
44,43,severe,always_act,False,8,0,-0.33,0.2800612151622772,0.03888732194900513
45,44,severe,always_act,False,11,0,-0.36,0.2373017519712448,0.0588497519493103
46,45,severe,always_act,False,16,0,-0.41000000000000003,0.17476464807987213,0.04580017924308777
47,46,severe,always_act,False,14,0,-0.39,0.19460709393024445,0.029540013521909714
48,47,severe,always_act,False,3,0,-0.28,0.7109684348106384,0.032164666801691055
49,48,severe,always_act,False,18,0,-0.43000000000000005,0.30897390842437744,0.048242662101984024
50,49,severe,always_act,False,8,0,-0.33,0.38698533177375793,0.02360524609684944
51,50,severe,always_act,False,17,0,-0.42000000000000004,0.38374125957489014,0.020281698554754257
52,51,severe,always_act,False,19,0,-0.44000000000000006,0.2938913404941559,0.031012730672955513
53,52,severe,always_act,False,13,0,-0.38,0.0603681355714798,0.032289404422044754
54,53,severe,always_act,False,9,0,-0.34,0.32527434825897217,0.026548616588115692
55,54,severe,always_act,False,20,0,-0.45000000000000007,0.49177220463752747,0.044864434748888016
56,55,severe,always_act,False,21,0,-0.4600000000000001,0.1965714544057846,0.01587015762925148
57,56,severe,always_act,False,18,0,-0.43000000000000005,0.3225376605987549,0.045453209429979324
58,57,severe,always_act,False,22,0,-0.4700000000000001,0.40496140718460083,0.05834685638546944
59,58,severe,always_act,False,7,0,-0.32,0.5582736134529114,0.05035636946558952
60,59,severe,always_act,False,21,0,-0.4600000000000001,0.346506267786026,0.05456839129328728
61,60,severe,always_act,False,10,0,-0.35,0.25410619378089905,0.05280107632279396
62,61,severe,always_act,False,8,0,-0.33,0.31776776909828186,0.018022002652287483
63,62,severe,always_act,False,12,0,-0.37,0.1970674693584442,0.039043501019477844
64,63,severe,always_act,False,15,0,-0.4,0.41825175285339355,0.02326490357518196
65,64,severe,always_act,False,14,0,-0.39,0.39629971981048584,0.02353028394281864
66,65,severe,always_act,False,8,0,-0.33,0.4757622480392456,0.04389689490199089
67,66,severe,always_act,False,13,0,-0.38,0.3188663125038147,0.03385243937373161
68,67,severe,always_act,False,7,0,-0.32,0.10539375990629196,0.015175317414104939
69,68,severe,always_act,False,18,0,-0.43000000000000005,0.17082683742046356,0.010393057018518448
70,69,severe,always_act,False,18,0,-0.43000000000000005,0.45364800095558167,0.0168529711663723
71,70,severe,always_act,False,14,0,-0.39,0.23562566936016083,0.0523473396897316
72,71,severe,always_act,False,9,0,-0.34,0.07811817526817322,0.04448818787932396
73,72,severe,always_act,False,16,0,-0.41000000000000003,0.21991175413131714,0.04714904725551605
74,73,severe,always_act,False,9,0,-0.34,0.13389836251735687,0.050311602652072906
75,74,severe,always_act,False,19,0,-0.44000000000000006,0.16706839203834534,0.0220575463026762
76,75,severe,always_act,False,8,0,-0.33,0.09763617068529129,0.05173413082957268
77,76,severe,always_act,False,24,0,-0.4900000000000001,0.21182923018932343,0.05208178609609604
78,77,severe,always_act,False,17,0,-0.42000000000000004,0.45057716965675354,0.050667088478803635
79,78,severe,always_act,False,10,0,-0.35,0.3241840898990631,0.035171907395124435
80,79,severe,always_act,False,16,0,-0.41000000000000003,0.14200405776500702,0.04688548669219017
81,80,severe,always_act,False,9,0,-0.34,0.2730776369571686,0.046417951583862305
82,81,severe,always_act,False,8,0,-0.33,0.21782930195331573,0.01736808754503727
83,82,severe,always_act,False,19,0,-0.44000000000000006,0.26851698756217957,0.04179300740361214
84,83,severe,always_act,False,7,0,-0.32,0.0918094664812088,0.017009804025292397
85,84,severe,always_act,False,17,0,-0.42000000000000004,0.6020320057868958,0.05050669610500336
86,85,severe,always_act,False,5,0,-0.3,0.32655733823776245,0.011931845918297768
87,86,severe,always_act,False,15,0,-0.4,0.21031194925308228,0.03859807923436165
88,87,severe,always_act,False,21,0,-0.4600000000000001,0.2556973993778229,0.023541109636425972
89,88,severe,always_act,False,13,0,-0.38,0.2642437815666199,0.05634227767586708
90,89,severe,always_act,False,20,0,-0.45000000000000007,0.2522185742855072,0.0304019246250391
91,90,severe,always_act,False,15,0,-0.4,0.12047521024942398,0.016490278765559196
92,91,severe,always_act,False,12,0,-0.37,0.3556876480579376,0.01570454053580761
93,92,severe,always_act,False,4,0,-0.29000000000000004,0.4288698434829712,0.05067797750234604
94,93,severe,always_act,False,21,0,-0.4600000000000001,0.161452054977417,0.03365418314933777
95,94,severe,always_act,False,13,0,-0.38,0.1697460114955902,0.04879932850599289
96,95,severe,always_act,False,23,0,-0.4800000000000001,0.4111673831939697,0.013581342995166779
97,96,severe,always_act,False,8,0,-0.33,0.5120022892951965,0.022227630019187927
98,97,severe,always_act,False,9,0,-0.34,0.2868955731391907,0.028913315385580063
99,98,severe,always_act,False,24,0,-0.4900000000000001,0.19207866489887238,0.029765823855996132
100,99,severe,always_act,False,15,0,-0.4,0.13507266342639923,0.04471709579229355
101,100,severe,always_act,False,21,0,-0.4600000000000001,0.21190083026885986,0.026018129661679268
102,101,severe,always_act,False,20,0,-0.45000000000000007,0.20539943873882294,0.02995930053293705
103,102,severe,always_act,False,9,0,-0.34,0.3509403169155121,0.0436696782708168
104,103,severe,always_act,False,9,0,-0.34,0.31586840748786926,0.040810804814100266
105,104,severe,always_act,False,15,0,-0.4,0.16806438565254211,0.017499076202511787
106,105,severe,always_act,False,23,0,-0.4800000000000001,0.3384985625743866,0.020888149738311768
107,106,severe,always_act,False,17,0,-0.42000000000000004,0.07589412480592728,0.05076580494642258
108,107,severe,always_act,False,20,0,-0.45000000000000007,0.4326082766056061,0.014622943475842476
109,108,severe,always_act,False,18,0,-0.43000000000000005,0.3509479761123657,0.022257976233959198
110,109,severe,always_act,False,11,0,-0.36,0.34053608775138855,0.038339849561452866
111,110,severe,always_act,False,19,0,-0.44000000000000006,0.11542115360498428,0.03974372148513794
112,111,severe,always_act,False,4,0,-0.29000000000000004,0.1660325825214386,0.03900199383497238
113,112,severe,always_act,False,14,0,-0.39,0.14367417991161346,0.04467892646789551
114,113,severe,always_act,False,4,0,-0.29000000000000004,0.28742316365242004,0.02220163308084011
115,114,severe,always_act,False,10,0,-0.35,0.31570562720298767,0.05014101788401604
116,115,severe,always_act,False,16,0,-0.41000000000000003,0.2793233096599579,0.04058433324098587
117,116,severe,always_act,False,10,0,-0.35,0.48468416929244995,0.029267292469739914
118,117,severe,always_act,False,13,0,-0.38,0.5031864047050476,0.03542538732290268
119,118,severe,always_act,False,15,0,-0.4,0.5164929032325745,0.05936286225914955
120,119,severe,always_act,False,15,0,-0.4,0.23219774663448334,0.018198391422629356
121,120,severe,always_act,False,14,0,-0.39,0.1774168759584427,0.012089930474758148
122,121,severe,always_act,False,11,0,-0.36,0.2680898904800415,0.058051563799381256
123,122,severe,always_act,False,16,0,-0.41000000000000003,0.2505412697792053,0.017094038426876068
124,123,severe,always_act,False,18,0,-0.43000000000000005,0.3151431977748871,0.010469937697052956
125,124,severe,always_act,False,9,0,-0.34,0.44870302081108093,0.042674075812101364
126,125,severe,always_act,False,14,0,-0.39,0.1266835778951645,0.014288947917521
127,126,severe,always_act,False,17,0,-0.42000000000000004,0.1777729094028473,0.057027727365493774
128,127,severe,always_act,False,5,0,-0.3,0.15920603275299072,0.02172180451452732
129,128,severe,always_act,False,12,0,-0.37,0.25035396218299866,0.05456516891717911
130,129,severe,always_act,False,6,0,-0.31,0.1341085284948349,0.0301748625934124
131,130,severe,always_act,False,5,0,-0.3,0.21812957525253296,0.03977758809924126
132,131,severe,always_act,False,10,0,-0.35,0.24042613804340363,0.055992644280195236
133,132,severe,always_act,False,12,0,-0.37,0.3004993498325348,0.041456229984760284
134,133,severe,always_act,False,10,0,-0.35,0.4276116192340851,0.01748383231461048
135,134,severe,always_act,False,18,0,-0.43000000000000005,0.1412014663219452,0.032013777643442154
136,135,severe,always_act,False,8,0,-0.33,0.3267097473144531,0.047724585980176926
137,136,severe,always_act,False,14,0,-0.39,0.4823700189590454,0.04539172723889351
138,137,severe,always_act,False,11,0,-0.36,0.20355218648910522,0.05102880671620369
139,138,severe,always_act,False,7,0,-0.32,0.4760529100894928,0.04938824102282524
140,139,severe,always_act,False,7,0,-0.32,0.2880367934703827,0.05221930518746376
141,140,severe,always_act,False,18,0,-0.43000000000000005,0.45326483249664307,0.02849976345896721
142,141,severe,always_act,False,17,0,-0.42000000000000004,0.15901924669742584,0.03125253692269325
143,142,severe,always_act,False,7,0,-0.32,0.1831335723400116,0.04716392606496811
144,143,severe,always_act,False,19,0,-0.44000000000000006,0.09780410677194595,0.020116543397307396
145,144,severe,always_act,False,13,0,-0.38,0.18392212688922882,0.01261086668819189
146,145,severe,always_act,False,2,0,-0.27,0.5468817949295044,0.02663245238363743
147,146,severe,always_act,False,11,0,-0.36,0.3242003917694092,0.016937853768467903
148,147,severe,always_act,False,18,0,-0.43000000000000005,0.13957996666431427,0.055021144449710846
149,148,severe,always_act,False,21,0,-0.4600000000000001,0.35500407218933105,0.026008279994130135
150,149,severe,always_act,False,10,0,-0.35,0.27567312121391296,0.040636565536260605
151,150,severe,always_act,False,18,0,-0.43000000000000005,0.1689683496952057,0.014761111699044704
152,151,severe,always_act,False,13,0,-0.38,0.40742751955986023,0.029373999685049057
153,152,severe,always_act,False,6,0,-0.31,0.19711031019687653,0.018295664340257645
154,153,severe,always_act,False,21,0,-0.4600000000000001,0.18781504034996033,0.04914844408631325
155,154,severe,always_act,False,11,0,-0.36,0.38494405150413513,0.021348262205719948
156,155,severe,always_act,False,14,0,-0.39,0.11045253276824951,0.02760530821979046
157,156,severe,always_act,False,4,0,-0.29000000000000004,0.2942943572998047,0.03987490385770798
158,157,severe,always_act,False,18,0,-0.43000000000000005,0.19250400364398956,0.016765324398875237
159,158,severe,always_act,False,11,0,-0.36,0.4474261701107025,0.027798036113381386
160,159,severe,always_act,False,18,0,-0.43000000000000005,0.17521356046199799,0.04745607078075409
161,160,severe,always_act,False,11,0,-0.36,0.2545391619205475,0.04620568826794624
162,161,severe,always_act,False,18,0,-0.43000000000000005,0.33333396911621094,0.017553381621837616
163,162,severe,always_act,False,4,0,-0.29000000000000004,0.2935674786567688,0.05215618386864662
164,163,severe,always_act,False,18,0,-0.43000000000000005,0.23752419650554657,0.010790939442813396
165,164,severe,always_act,False,11,0,-0.36,0.3035023510456085,0.024259334430098534
166,165,severe,always_act,False,10,0,-0.35,0.20426374673843384,0.0200975202023983
167,166,severe,always_act,False,17,0,-0.42000000000000004,0.266554594039917,0.05288602411746979
168,167,severe,always_act,False,16,0,-0.41000000000000003,0.24955131113529205,0.04701515659689903
169,168,severe,always_act,False,4,0,-0.29000000000000004,0.19353953003883362,0.030268508940935135
170,169,severe,always_act,False,23,0,-0.4800000000000001,0.4262630045413971,0.05190602317452431
171,170,severe,always_act,False,19,0,-0.44000000000000006,0.2280505746603012,0.04395776987075806
172,171,severe,always_act,False,14,0,-0.39,0.11198846995830536,0.0393260195851326
173,172,severe,always_act,False,14,0,-0.39,0.3217085301876068,0.027662014588713646
174,173,severe,always_act,False,4,0,-0.29000000000000004,0.44589322805404663,0.010726391337811947
175,174,severe,always_act,False,16,0,-0.41000000000000003,0.21385319530963898,0.010426802560687065
176,175,severe,always_act,False,17,0,-0.42000000000000004,0.31204497814178467,0.018517812713980675
177,176,severe,always_act,False,16,0,-0.41000000000000003,0.4204216003417969,0.043446026742458344
178,177,severe,always_act,False,6,0,-0.31,0.29570746421813965,0.014077889733016491
179,178,severe,always_act,True,12,0,0.88,0.04288578778505325,0.04493166506290436
180,179,severe,always_act,False,18,0,-0.43000000000000005,0.20654280483722687,0.028152700513601303
181,180,severe,always_act,False,16,0,-0.41000000000000003,0.33680224418640137,0.010766696184873581
182,181,severe,always_act,False,6,0,-0.31,0.6271160840988159,0.023032311350107193
183,182,severe,always_act,False,14,0,-0.39,0.37584763765335083,0.047614455223083496
184,183,severe,always_act,False,24,0,-0.4900000000000001,0.16336378455162048,0.05208178609609604
185,184,severe,always_act,False,8,0,-0.33,0.11656226217746735,0.04128557816147804
186,185,severe,always_act,False,12,0,-0.37,0.20331425964832306,0.02467435412108898
187,186,severe,always_act,False,23,0,-0.4800000000000001,0.44966089725494385,0.02629254199564457
188,187,severe,always_act,False,6,0,-0.31,0.17031697928905487,0.04282257333397865
189,188,severe,always_act,False,18,0,-0.43000000000000005,0.2840317487716675,0.018030738458037376
190,189,severe,always_act,False,13,0,-0.38,0.2620950937271118,0.04635545611381531
191,190,severe,always_act,False,6,0,-0.31,0.26983094215393066,0.04798455536365509
192,191,severe,always_act,False,20,0,-0.45000000000000007,0.1720794439315796,0.024063289165496826
193,192,severe,always_act,False,12,0,-0.37,0.3883981704711914,0.020093465223908424
194,193,severe,always_act,False,13,0,-0.38,0.14537948369979858,0.024410055950284004
195,194,severe,always_act,False,21,0,-0.4600000000000001,0.16871704161167145,0.04925088956952095
196,195,severe,always_act,False,4,0,-0.29000000000000004,0.2490910142660141,0.011384193785488605
197,196,severe,always_act,False,18,0,-0.43000000000000005,0.2538379430770874,0.013993039727210999
198,197,severe,always_act,False,18,0,-0.43000000000000005,0.3327166438102722,0.050939541310071945
199,198,severe,always_act,False,18,0,-0.43000000000000005,0.45677676796913147,0.03011457622051239
200,199,severe,always_act,False,11,0,-0.36,0.2918807864189148,0.026476595550775528
201,200,severe,always_act,False,14,0,-0.39,0.154213547706604,0.045255813747644424
202,201,severe,always_act,False,7,0,-0.32,0.5726205706596375,0.01889078877866268
203,202,severe,always_act,False,6,0,-0.31,0.29418155550956726,0.010927373543381691
204,203,severe,always_act,False,22,0,-0.4700000000000001,0.4368326663970947,0.03734460473060608
205,204,severe,always_act,False,24,0,-0.4900000000000001,0.43385449051856995,0.05208178609609604
206,205,severe,always_act,False,19,0,-0.44000000000000006,0.19667239487171173,0.01773315854370594
207,206,severe,always_act,False,20,0,-0.45000000000000007,0.22293001413345337,0.01180171687155962
208,207,severe,always_act,False,7,0,-0.32,0.22823545336723328,0.03714384138584137
209,208,severe,always_act,False,16,0,-0.41000000000000003,0.39676448702812195,0.05647716671228409
210,209,severe,always_act,False,9,0,-0.34,0.36918285489082336,0.039668530225753784
211,210,severe,always_act,False,22,0,-0.4700000000000001,0.30442631244659424,0.04829967021942139
212,211,severe,always_act,False,9,0,-0.34,0.2832363247871399,0.016108419746160507
213,212,severe,always_act,False,17,0,-0.42000000000000004,0.2886672616004944,0.02500641532242298
214,213,severe,always_act,False,16,0,-0.41000000000000003,0.1204376369714737,0.05089723318815231
215,214,severe,always_act,False,10,0,-0.35,0.26095786690711975,0.021281471475958824
216,215,severe,always_act,False,14,0,-0.39,0.10846724361181259,0.013584481552243233
217,216,severe,always_act,False,24,0,-0.4900000000000001,0.2703354060649872,0.02339407615363598
218,217,severe,always_act,False,14,0,-0.39,0.3443005084991455,0.017361193895339966
219,218,severe,always_act,False,20,0,-0.45000000000000007,0.08658019453287125,0.03153298795223236
220,219,severe,always_act,False,23,0,-0.4800000000000001,0.6015772819519043,0.0351191870868206
221,220,severe,always_act,False,16,0,-0.41000000000000003,0.08196717500686646,0.01584494300186634
222,221,severe,always_act,False,5,0,-0.3,0.23652711510658264,0.023626534268260002
223,222,severe,always_act,False,12,0,-0.37,0.4589008390903473,0.054692428559064865
224,223,severe,always_act,False,10,0,-0.35,0.30064940452575684,0.04751332849264145
225,224,severe,always_act,False,6,0,-0.31,0.3913559317588806,0.035071443766355515
226,225,severe,always_act,False,3,0,-0.28,0.49966275691986084,0.0383816696703434
227,226,severe,always_act,False,7,0,-0.32,0.49371612071990967,0.020275142043828964
228,227,severe,always_act,False,17,0,-0.42000000000000004,0.3920798599720001,0.012252782471477985
229,228,severe,always_act,False,12,0,-0.37,0.0907401591539383,0.048013102263212204
230,229,severe,always_act,True,21,0,0.7899999999999999,0.05446195602416992,0.040407467633485794
231,230,severe,always_act,False,14,0,-0.39,0.2664543092250824,0.05943024903535843
232,231,severe,always_act,False,19,0,-0.44000000000000006,0.11963295936584473,0.03190465644001961
233,232,severe,always_act,False,11,0,-0.36,0.2292308509349823,0.022490205243229866
234,233,severe,always_act,False,19,0,-0.44000000000000006,0.46769312024116516,0.033066149801015854
235,234,severe,always_act,False,18,0,-0.43000000000000005,0.1485307365655899,0.04424109309911728
236,235,severe,always_act,False,17,0,-0.42000000000000004,0.45285385847091675,0.04810604825615883
237,236,severe,always_act,False,22,0,-0.4700000000000001,0.5255274176597595,0.021881412714719772
238,237,severe,always_act,False,14,0,-0.39,0.27848121523857117,0.03032146953046322
239,238,severe,always_act,False,21,0,-0.4600000000000001,0.29141342639923096,0.03832100331783295
240,239,severe,always_act,False,12,0,-0.37,0.4260501265525818,0.049460574984550476
241,240,severe,always_act,False,16,0,-0.41000000000000003,0.27389439940452576,0.03498386964201927
242,241,severe,always_act,False,13,0,-0.38,0.2642979919910431,0.05366073176264763
243,242,severe,always_act,False,10,0,-0.35,0.2565014362335205,0.01102148275822401
244,243,severe,always_act,False,14,0,-0.39,0.36608201265335083,0.034114714711904526
245,244,severe,always_act,False,10,0,-0.35,0.2572114169597626,0.05464654415845871
246,245,severe,always_act,False,22,0,-0.4700000000000001,0.5469505786895752,0.012313468381762505
247,246,severe,always_act,False,14,0,-0.39,0.40468937158584595,0.02532193250954151
248,247,severe,always_act,False,19,0,-0.44000000000000006,0.35352715849876404,0.01225788239389658
249,248,severe,always_act,False,14,0,-0.39,0.22555291652679443,0.04398632422089577
250,249,severe,always_act,False,18,0,-0.43000000000000005,0.17775115370750427,0.03376108407974243
251,250,severe,always_act,False,1,0,-0.26,0.5440571308135986,0.022946424782276154
252,251,severe,always_act,False,18,0,-0.43000000000000005,0.6183281540870667,0.02282387763261795
253,252,severe,always_act,False,18,0,-0.43000000000000005,0.24211835861206055,0.017883319407701492
254,253,severe,always_act,False,19,0,-0.44000000000000006,0.3561716675758362,0.05882430821657181
255,254,severe,always_act,False,8,0,-0.33,0.5108705759048462,0.023227831348776817
256,255,severe,always_act,False,14,0,-0.39,0.2921086847782135,0.04589129984378815
257,256,severe,always_act,False,21,0,-0.4600000000000001,0.31445086002349854,0.03946997970342636
258,257,severe,always_act,False,16,0,-0.41000000000000003,0.29009872674942017,0.012116760946810246
259,258,severe,always_act,False,12,0,-0.37,0.20440013706684113,0.02288205735385418
260,259,severe,always_act,False,15,0,-0.4,0.10800094157457352,0.044379934668540955
261,260,severe,always_act,False,24,0,-0.4900000000000001,0.3024153709411621,0.04577755182981491
262,261,severe,always_act,False,9,0,-0.34,0.17075109481811523,0.04600757360458374
263,262,severe,always_act,False,14,0,-0.39,0.23376986384391785,0.05881023406982422
264,263,severe,always_act,False,11,0,-0.36,0.19389018416404724,0.05294118449091911
265,264,severe,always_act,False,15,0,-0.4,0.32292526960372925,0.0400514230132103
266,265,severe,always_act,False,5,0,-0.3,0.27705612778663635,0.021591410040855408
267,266,severe,always_act,False,7,0,-0.32,0.13748730719089508,0.056575607508420944
268,267,severe,always_act,False,19,0,-0.44000000000000006,0.36998096108436584,0.030928337946534157
269,268,severe,always_act,False,13,0,-0.38,0.28167957067489624,0.018026556819677353
270,269,severe,always_act,False,15,0,-0.4,0.345740407705307,0.010249733924865723
271,270,severe,always_act,False,14,0,-0.39,0.17334286868572235,0.05620183050632477
272,271,severe,always_act,False,17,0,-0.42000000000000004,0.7338457703590393,0.05270465835928917
273,272,severe,always_act,False,15,0,-0.4,0.29578474164009094,0.052348196506500244
274,273,severe,always_act,False,13,0,-0.38,0.1693257838487625,0.01919378712773323
275,274,severe,always_act,False,10,0,-0.35,0.31766220927238464,0.01947348192334175
276,275,severe,always_act,False,19,0,-0.44000000000000006,0.14583557844161987,0.021806957200169563
277,276,severe,always_act,False,13,0,-0.38,0.3280709683895111,0.02538672462105751
278,277,severe,always_act,False,10,0,-0.35,0.2670711874961853,0.03585973381996155
279,278,severe,always_act,False,10,0,-0.35,0.18818365037441254,0.016785411164164543
280,279,severe,always_act,False,11,0,-0.36,0.2793944478034973,0.0418400913476944
281,280,severe,always_act,False,18,0,-0.43000000000000005,0.08484762161970139,0.012371988035738468
282,281,severe,always_act,False,18,0,-0.43000000000000005,0.2757020890712738,0.010576718486845493
283,282,severe,always_act,False,3,0,-0.28,0.5479831695556641,0.05104009434580803
284,283,severe,always_act,False,17,0,-0.42000000000000004,0.18190911412239075,0.025157727301120758
285,284,severe,always_act,False,8,0,-0.33,0.21812061965465546,0.04156244173645973
286,285,severe,always_act,False,4,0,-0.29000000000000004,0.259688138961792,0.019130688160657883
287,286,severe,always_act,False,22,0,-0.4700000000000001,0.43193602561950684,0.03690486401319504
288,287,severe,always_act,False,22,0,-0.4700000000000001,0.2910936772823334,0.011912146583199501
289,288,severe,always_act,False,15,0,-0.4,0.07595790922641754,0.04604191333055496
290,289,severe,always_act,False,12,0,-0.37,0.2053254395723343,0.042624473571777344
291,290,severe,always_act,False,5,0,-0.3,0.45893505215644836,0.02265269309282303
292,291,severe,always_act,False,14,0,-0.39,0.5558488368988037,0.037019360810518265
293,292,severe,always_act,False,16,0,-0.41000000000000003,0.23819567263126373,0.0102074034512043
294,293,severe,always_act,False,20,0,-0.45000000000000007,0.2009086012840271,0.02465682476758957
295,294,severe,always_act,False,14,0,-0.39,0.10224656015634537,0.04407329112291336
296,295,severe,always_act,False,11,0,-0.36,0.32632073760032654,0.011724703013896942
297,296,severe,always_act,False,12,0,-0.37,0.14336170256137848,0.055173277854919434
298,297,severe,always_act,False,2,0,-0.27,0.25597766041755676,0.039853837341070175
299,298,severe,always_act,False,16,0,-0.41000000000000003,0.35824522376060486,0.023255938664078712
300,299,severe,always_act,False,14,0,-0.39,0.41419926285743713,0.025939879938960075
301,300,severe,always_act,True,14,0,0.86,0.032064951956272125,0.018195590004324913
302,301,severe,always_act,False,3,0,-0.28,0.4812606871128082,0.044965874403715134
303,302,severe,always_act,False,10,0,-0.35,0.6041954159736633,0.04508450999855995
304,303,severe,always_act,False,8,0,-0.33,0.21639619767665863,0.051149141043424606
305,304,severe,always_act,False,16,0,-0.41000000000000003,0.06357474625110626,0.05717633664608002
306,305,severe,always_act,False,20,0,-0.45000000000000007,0.22870036959648132,0.041478585451841354
307,306,severe,always_act,False,3,0,-0.28,0.36835744976997375,0.05109551176428795
308,307,severe,always_act,False,15,0,-0.4,0.10340827703475952,0.044878460466861725
309,308,severe,always_act,False,10,0,-0.35,0.378775030374527,0.021729709580540657
310,309,severe,always_act,False,3,0,-0.28,0.25891974568367004,0.059801358729600906
311,310,severe,always_act,False,18,0,-0.43000000000000005,0.30853503942489624,0.04305447265505791
312,311,severe,always_act,False,14,0,-0.39,0.18547682464122772,0.04081272333860397
313,312,severe,always_act,False,16,0,-0.41000000000000003,0.24550722539424896,0.031808193773031235
314,313,severe,always_act,False,12,0,-0.37,0.13561390340328217,0.05098339542746544
315,314,severe,always_act,False,22,0,-0.4700000000000001,0.23791521787643433,0.014780832454562187
316,315,severe,always_act,False,19,0,-0.44000000000000006,0.29793259501457214,0.022592026740312576
317,316,severe,always_act,False,6,0,-0.31,0.5065605640411377,0.011314621195197105
318,317,severe,always_act,False,19,0,-0.44000000000000006,0.19769492745399475,0.021304499357938766
319,318,severe,always_act,False,19,0,-0.44000000000000006,0.41772738099098206,0.034988369792699814
320,319,severe,always_act,False,18,0,-0.43000000000000005,0.18932916224002838,0.03743983060121536
321,320,severe,always_act,False,20,0,-0.45000000000000007,0.20254985988140106,0.04026990383863449
322,321,severe,always_act,False,7,0,-0.32,0.564764678478241,0.046055227518081665
323,322,severe,always_act,False,10,0,-0.35,0.06042231619358063,0.021451909095048904
324,323,severe,always_act,False,24,0,-0.4900000000000001,0.580718457698822,0.019606396555900574
325,324,severe,always_act,False,10,0,-0.35,0.21218203008174896,0.02702392265200615
326,325,severe,always_act,True,12,0,0.88,0.058374062180519104,0.03690391033887863
327,326,severe,always_act,False,6,0,-0.31,0.2950035631656647,0.04128309339284897
328,327,severe,always_act,False,7,0,-0.32,0.2486618459224701,0.022228937596082687
329,328,severe,always_act,False,14,0,-0.39,0.13516084849834442,0.011651573702692986
330,329,severe,always_act,False,14,0,-0.39,0.47543609142303467,0.03127964213490486
331,330,severe,always_act,False,23,0,-0.4800000000000001,0.0862669050693512,0.05180301517248154
332,331,severe,always_act,False,13,0,-0.38,0.23537148535251617,0.016941476613283157
333,332,severe,always_act,False,15,0,-0.4,0.14978760480880737,0.042579129338264465
334,333,severe,always_act,False,20,0,-0.45000000000000007,0.27044761180877686,0.0436391644179821
335,334,severe,always_act,False,3,0,-0.28,0.44677063822746277,0.017062587663531303
336,335,severe,always_act,False,14,0,-0.39,0.27458447217941284,0.05669346824288368
337,336,severe,always_act,False,19,0,-0.44000000000000006,0.14177994430065155,0.033459778875112534
338,337,severe,always_act,False,4,0,-0.29000000000000004,0.1203191950917244,0.03715416416525841
339,338,severe,always_act,False,14,0,-0.39,0.5660741329193115,0.05453922227025032
340,339,severe,always_act,False,18,0,-0.43000000000000005,0.12315141409635544,0.029466722160577774
341,340,severe,always_act,False,16,0,-0.41000000000000003,0.14101943373680115,0.03860893473029137
342,341,severe,always_act,False,9,0,-0.34,0.28442320227622986,0.013957412913441658
343,342,severe,always_act,False,19,0,-0.44000000000000006,0.36348819732666016,0.052122894674539566
344,343,severe,always_act,False,16,0,-0.41000000000000003,0.44733625650405884,0.043183937668800354
345,344,severe,always_act,False,9,0,-0.34,0.5009576678276062,0.039587389677762985
346,345,severe,always_act,False,14,0,-0.39,0.2877952456474304,0.030793311074376106
347,346,severe,always_act,False,1,0,-0.26,0.5283013582229614,0.05635984614491463
348,347,severe,always_act,False,14,0,-0.39,0.41970881819725037,0.03840639069676399
349,348,severe,always_act,False,10,0,-0.35,0.12479270994663239,0.01962493546307087
350,349,severe,always_act,False,14,0,-0.39,0.17740876972675323,0.01982942223548889
351,350,severe,always_act,False,14,0,-0.39,0.12569542229175568,0.034548480063676834
352,351,severe,always_act,False,14,0,-0.39,0.13444329798221588,0.04410838708281517
353,352,severe,always_act,False,9,0,-0.34,0.1586841642856598,0.052513957023620605
354,353,severe,always_act,False,19,0,-0.44000000000000006,0.3427773118019104,0.01796662248671055
355,354,severe,always_act,False,15,0,-0.4,0.27916470170021057,0.012830435298383236
356,355,severe,always_act,False,17,0,-0.42000000000000004,0.2980736494064331,0.03483075276017189
357,356,severe,always_act,False,10,0,-0.35,0.06383808702230453,0.025795262306928635
358,357,severe,always_act,False,12,0,-0.37,0.2483680546283722,0.04569656029343605
359,358,severe,always_act,False,16,0,-0.41000000000000003,0.13460426032543182,0.058832962065935135
360,359,severe,always_act,False,14,0,-0.39,0.31494250893592834,0.02794288657605648
361,360,severe,always_act,False,18,0,-0.43000000000000005,0.12428746372461319,0.046173058450222015
362,361,severe,always_act,False,18,0,-0.43000000000000005,0.4664462208747864,0.013382518664002419
363,362,severe,always_act,False,12,0,-0.37,0.5357308387756348,0.055702582001686096
364,363,severe,always_act,False,19,0,-0.44000000000000006,0.09646916389465332,0.016666201874613762
365,364,severe,always_act,False,17,0,-0.42000000000000004,0.2673927843570709,0.052218399941921234
366,365,severe,always_act,False,21,0,-0.4600000000000001,0.2476120889186859,0.020876310765743256
367,366,severe,always_act,False,10,0,-0.35,0.12379282712936401,0.021685665473341942
368,367,severe,always_act,False,15,0,-0.4,0.1861746907234192,0.05534212663769722
369,368,severe,always_act,False,14,0,-0.39,0.3306911587715149,0.021478908136487007
370,369,severe,always_act,False,18,0,-0.43000000000000005,0.2848687469959259,0.012726958841085434
371,370,severe,always_act,False,18,0,-0.43000000000000005,0.4268682897090912,0.03886081650853157
372,371,severe,always_act,False,11,0,-0.36,0.2757331132888794,0.025625333189964294
373,372,severe,always_act,False,18,0,-0.43000000000000005,0.11566377431154251,0.039064671844244
374,373,severe,always_act,False,11,0,-0.36,0.3459509313106537,0.027856243774294853
375,374,severe,always_act,False,6,0,-0.31,0.21311809122562408,0.02371451072394848
376,375,severe,always_act,False,15,0,-0.4,0.5043361186981201,0.02526206523180008
377,376,severe,always_act,False,21,0,-0.4600000000000001,0.35310906171798706,0.02883302979171276
378,377,severe,always_act,False,15,0,-0.4,0.2958546578884125,0.0391407310962677
379,378,severe,always_act,True,10,0,0.9,0.0406944714486599,0.028399769216775894
380,379,severe,always_act,False,20,0,-0.45000000000000007,0.32554101943969727,0.05488559231162071
381,380,severe,always_act,False,9,0,-0.34,0.189597949385643,0.05150262266397476
382,381,severe,always_act,False,16,0,-0.41000000000000003,0.19805797934532166,0.05619342625141144
383,382,severe,always_act,False,16,0,-0.41000000000000003,0.2798580825328827,0.013873068615794182
384,383,severe,always_act,False,16,0,-0.41000000000000003,0.26808807253837585,0.04178226739168167
385,384,severe,always_act,False,13,0,-0.38,0.27718332409858704,0.053098808974027634
386,385,severe,always_act,False,17,0,-0.42000000000000004,0.27433526515960693,0.05273047089576721
387,386,severe,always_act,False,8,0,-0.33,0.12738807499408722,0.015069686807692051
388,387,severe,always_act,False,8,0,-0.33,0.26304951310157776,0.045758314430713654
389,388,severe,always_act,False,12,0,-0.37,0.19415971636772156,0.054121170192956924
390,389,severe,always_act,False,6,0,-0.31,0.22235241532325745,0.05926011502742767
391,390,severe,always_act,False,24,0,-0.4900000000000001,0.33870628476142883,0.05066893249750137
392,391,severe,always_act,False,13,0,-0.38,0.3672390878200531,0.027471013367176056
393,392,severe,always_act,False,13,0,-0.38,0.1896493136882782,0.049673113971948624
394,393,severe,always_act,False,19,0,-0.44000000000000006,0.5209122896194458,0.033095430582761765
395,394,severe,always_act,False,12,0,-0.37,0.08571168780326843,0.05794910341501236
396,395,severe,always_act,False,13,0,-0.38,0.08836405724287033,0.03240203857421875
397,396,severe,always_act,False,5,0,-0.3,0.17782051861286163,0.052104704082012177
398,397,severe,always_act,False,17,0,-0.42000000000000004,0.10281434655189514,0.05942966789007187
399,398,severe,always_act,False,13,0,-0.38,0.3851916790008545,0.01912880875170231
400,399,severe,always_act,False,11,0,-0.36,0.2647135555744171,0.0310232974588871
401,400,severe,always_act,False,16,0,-0.41000000000000003,0.38474273681640625,0.04632103815674782
402,401,severe,always_act,False,16,0,-0.41000000000000003,0.3264055848121643,0.015666412189602852
403,402,severe,always_act,False,16,0,-0.41000000000000003,0.3827109932899475,0.05847974494099617
404,403,severe,always_act,False,16,0,-0.41000000000000003,0.10019534826278687,0.02847098931670189
405,404,severe,always_act,False,14,0,-0.39,0.20135772228240967,0.04968276247382164
406,405,severe,always_act,False,9,0,-0.34,0.30769068002700806,0.05925046280026436
407,406,severe,always_act,False,4,0,-0.29000000000000004,0.29125040769577026,0.013925077393651009
408,407,severe,always_act,False,8,0,-0.33,0.2982853353023529,0.050929561257362366
409,408,severe,always_act,False,6,0,-0.31,0.5844324231147766,0.01781500317156315
410,409,severe,always_act,False,13,0,-0.38,0.26394200325012207,0.02841033600270748
411,410,severe,always_act,False,13,0,-0.38,0.4408601224422455,0.04763070121407509
412,411,severe,always_act,False,18,0,-0.43000000000000005,0.39248204231262207,0.01808050461113453
413,412,severe,always_act,False,13,0,-0.38,0.4662383198738098,0.010674089193344116
414,413,severe,always_act,False,3,0,-0.28,0.34566599130630493,0.013735911808907986
415,414,severe,always_act,False,16,0,-0.41000000000000003,0.2667522430419922,0.016767965629696846
416,415,severe,always_act,False,17,0,-0.42000000000000004,0.3615843951702118,0.032063551247119904
417,416,severe,always_act,False,6,0,-0.31,0.14707297086715698,0.030405500903725624
418,417,severe,always_act,False,19,0,-0.44000000000000006,0.10223568230867386,0.05341155827045441
419,418,severe,always_act,False,17,0,-0.42000000000000004,0.2611386179924011,0.050230465829372406
420,419,severe,always_act,False,22,0,-0.4700000000000001,0.10547315329313278,0.055900465697050095
421,420,severe,always_act,False,13,0,-0.38,0.4389304220676422,0.04141521453857422
422,421,severe,always_act,False,8,0,-0.33,0.17807941138744354,0.05526468902826309
423,422,severe,always_act,False,13,0,-0.38,0.4531240165233612,0.056785207241773605
424,423,severe,always_act,False,12,0,-0.37,0.31763744354248047,0.018594684079289436
425,424,severe,always_act,False,16,0,-0.41000000000000003,0.20241761207580566,0.03980697691440582
426,425,severe,always_act,False,7,0,-0.32,0.2807719111442566,0.012044874019920826
427,426,severe,always_act,False,14,0,-0.39,0.25611862540245056,0.0228092223405838
428,427,severe,always_act,False,21,0,-0.4600000000000001,0.16558197140693665,0.028407614678144455
429,428,severe,always_act,False,12,0,-0.37,0.5737592577934265,0.057843711227178574
430,429,severe,always_act,False,3,0,-0.28,0.4678061604499817,0.0578363873064518
431,430,severe,always_act,False,20,0,-0.45000000000000007,0.2612866759300232,0.030425863340497017
432,431,severe,always_act,False,10,0,-0.35,0.24641092121601105,0.0368170328438282
433,432,severe,always_act,False,10,0,-0.35,0.3509961664676666,0.028796592727303505
434,433,severe,always_act,False,15,0,-0.4,0.27490532398223877,0.04942375421524048
435,434,severe,always_act,False,4,0,-0.29000000000000004,0.5644788146018982,0.020807290449738503
436,435,severe,always_act,False,17,0,-0.42000000000000004,0.24656696617603302,0.04814383387565613
437,436,severe,always_act,False,17,0,-0.42000000000000004,0.3885957896709442,0.041927970945835114
438,437,severe,always_act,False,16,0,-0.41000000000000003,0.1809251457452774,0.03058270737528801
439,438,severe,always_act,False,18,0,-0.43000000000000005,0.268077552318573,0.05962156504392624
440,439,severe,always_act,False,23,0,-0.4800000000000001,0.3127564787864685,0.0492577999830246
441,440,severe,always_act,False,18,0,-0.43000000000000005,0.15949051082134247,0.03311850130558014
442,441,severe,always_act,False,16,0,-0.41000000000000003,0.32484427094459534,0.011607229709625244
443,442,severe,always_act,False,9,0,-0.34,0.5431408286094666,0.0203423872590065
444,443,severe,always_act,False,1,0,-0.26,0.37168455123901367,0.051074545830488205
445,444,severe,always_act,False,12,0,-0.37,0.3057790994644165,0.012886468321084976
446,445,severe,always_act,False,16,0,-0.41000000000000003,0.40074795484542847,0.02317301742732525
447,446,severe,always_act,False,19,0,-0.44000000000000006,0.364501416683197,0.012736387550830841
448,447,severe,always_act,False,17,0,-0.42000000000000004,0.08707766234874725,0.05773245915770531
449,448,severe,always_act,False,3,0,-0.28,0.20087258517742157,0.05352173000574112
450,449,severe,always_act,False,19,0,-0.44000000000000006,0.25346440076828003,0.03515138849616051
451,450,severe,always_act,True,8,0,0.9199999999999999,0.05301974341273308,0.011321294121444225
452,451,severe,always_act,True,9,0,0.91,0.03358171507716179,0.05414333939552307
453,452,severe,always_act,False,13,0,-0.38,0.13316962122917175,0.044062335044145584
454,453,severe,always_act,False,2,0,-0.27,0.3818799555301666,0.036012571305036545
455,454,severe,always_act,False,10,0,-0.35,0.08387523889541626,0.025251543149352074
456,455,severe,always_act,False,9,0,-0.34,0.4238433837890625,0.039477769285440445
457,456,severe,always_act,False,18,0,-0.43000000000000005,0.3968030512332916,0.01483150850981474
458,457,severe,always_act,False,20,0,-0.45000000000000007,0.26532047986984253,0.026350336149334908
459,458,severe,always_act,False,21,0,-0.4600000000000001,0.4582202136516571,0.026786450296640396
460,459,severe,always_act,False,19,0,-0.44000000000000006,0.17058517038822174,0.02490723505616188
461,460,severe,always_act,False,13,0,-0.38,0.0760611891746521,0.021434400230646133
462,461,severe,always_act,False,13,0,-0.38,0.33268797397613525,0.037667542695999146
463,462,severe,always_act,False,15,0,-0.4,0.5007597208023071,0.0423470064997673
464,463,severe,always_act,False,12,0,-0.37,0.4233919382095337,0.03745558112859726
465,464,severe,always_act,False,15,0,-0.4,0.29114818572998047,0.025095615535974503
466,465,severe,always_act,False,19,0,-0.44000000000000006,0.2347436100244522,0.017682097852230072
467,466,severe,always_act,False,8,0,-0.33,0.21414604783058167,0.05022916570305824
468,467,severe,always_act,True,14,0,0.86,0.036082345992326736,0.05519672855734825
469,468,severe,always_act,False,20,0,-0.45000000000000007,0.14452719688415527,0.05499408021569252
470,469,severe,always_act,False,22,0,-0.4700000000000001,0.2655203938484192,0.03537164255976677
471,470,severe,always_act,False,12,0,-0.37,0.22600339353084564,0.011880312114953995
472,471,severe,always_act,False,8,0,-0.33,0.09273475408554077,0.026044225320219994
473,472,severe,always_act,False,13,0,-0.38,0.19084519147872925,0.046747833490371704
474,473,severe,always_act,False,19,0,-0.44000000000000006,0.23394769430160522,0.030449941754341125
475,474,severe,always_act,False,18,0,-0.43000000000000005,0.1882944405078888,0.057849593460559845
476,475,severe,always_act,False,17,0,-0.42000000000000004,0.3555848002433777,0.05719762295484543
477,476,severe,always_act,False,13,0,-0.38,0.29188215732574463,0.01169326901435852
478,477,severe,always_act,False,11,0,-0.36,0.3427652418613434,0.0237614456564188
479,478,severe,always_act,False,16,0,-0.41000000000000003,0.36882665753364563,0.01882646419107914
480,479,severe,always_act,False,5,0,-0.3,0.31141072511672974,0.023612117394804955
481,480,severe,always_act,False,10,0,-0.35,0.4179514944553375,0.0213839840143919
482,481,severe,always_act,False,17,0,-0.42000000000000004,0.10693000257015228,0.049963075667619705
483,482,severe,always_act,False,14,0,-0.39,0.2749086320400238,0.029849879443645477
484,483,severe,always_act,False,8,0,-0.33,0.45878589153289795,0.014723474159836769
485,484,severe,always_act,False,9,0,-0.34,0.30042997002601624,0.018137365579605103
486,485,severe,always_act,False,15,0,-0.4,0.17660686373710632,0.032511014491319656
487,486,severe,always_act,False,20,0,-0.45000000000000007,0.11631866544485092,0.05031467601656914
488,487,severe,always_act,False,8,0,-0.33,0.17633116245269775,0.05805797874927521
489,488,severe,always_act,False,9,0,-0.34,0.3388519585132599,0.02218608744442463
490,489,severe,always_act,False,21,0,-0.4600000000000001,0.21511974930763245,0.023551855236291885
491,490,severe,always_act,False,5,0,-0.3,0.19579383730888367,0.0470401905477047
492,491,severe,always_act,False,22,0,-0.4700000000000001,0.12170257419347763,0.054503705352544785
493,492,severe,always_act,False,13,0,-0.38,0.16422949731349945,0.04843702167272568
494,493,severe,always_act,False,20,0,-0.45000000000000007,0.17116504907608032,0.034770336002111435
495,494,severe,always_act,False,13,0,-0.38,0.38485655188560486,0.026737123727798462
496,495,severe,always_act,False,21,0,-0.4600000000000001,0.20433185994625092,0.024089504033327103
497,496,severe,always_act,False,17,0,-0.42000000000000004,0.18033213913440704,0.057974208146333694
498,497,severe,always_act,False,16,0,-0.41000000000000003,0.30405524373054504,0.022041218355298042
499,498,severe,always_act,False,21,0,-0.4600000000000001,0.12557443976402283,0.03694175183773041
500,499,severe,always_act,False,14,0,-0.39,0.29860904812812805,0.043543606996536255
501,500,severe,always_act,False,18,0,-0.43000000000000005,0.15092511475086212,0.037448517978191376
502,501,severe,always_act,False,16,0,-0.41000000000000003,0.1488722413778305,0.049856193363666534
503,502,severe,always_act,False,1,0,-0.26,0.34753966331481934,0.05155974254012108
504,503,severe,always_act,False,4,0,-0.29000000000000004,0.3039470911026001,0.03348007798194885
505,504,severe,always_act,False,10,0,-0.35,0.42299121618270874,0.026066498830914497
506,505,severe,always_act,False,16,0,-0.41000000000000003,0.4197770357131958,0.012900879606604576
507,506,severe,always_act,False,9,0,-0.34,0.20917366445064545,0.05666523426771164
508,507,severe,always_act,False,20,0,-0.45000000000000007,0.6386020183563232,0.05699872970581055
509,508,severe,always_act,False,19,0,-0.44000000000000006,0.23477622866630554,0.017658470198512077
510,509,severe,always_act,True,16,0,0.84,0.03127449378371239,0.05894971638917923
511,510,severe,always_act,False,7,0,-0.32,0.2799597382545471,0.0118971336632967
512,511,severe,always_act,True,17,0,0.83,0.03879561647772789,0.025895966216921806
513,512,severe,always_act,False,17,0,-0.42000000000000004,0.09758041799068451,0.05848341062664986
514,513,severe,always_act,False,8,0,-0.33,0.11200692504644394,0.05328243225812912
515,514,severe,always_act,False,19,0,-0.44000000000000006,0.09692534804344177,0.022676819935441017
516,515,severe,always_act,False,5,0,-0.3,0.4218156337738037,0.05387156084179878
517,516,severe,always_act,False,15,0,-0.4,0.18233701586723328,0.011381053365767002
518,517,severe,always_act,False,18,0,-0.43000000000000005,0.24935729801654816,0.028565600514411926
519,518,severe,always_act,False,11,0,-0.36,0.2699540853500366,0.02992621436715126
520,519,severe,always_act,False,5,0,-0.3,0.15566588938236237,0.026948222890496254
521,520,severe,always_act,False,7,0,-0.32,0.20700278878211975,0.021574269980192184
522,521,severe,always_act,False,10,0,-0.35,0.61432945728302,0.026413515210151672
523,522,severe,always_act,False,14,0,-0.39,0.23638524115085602,0.036321282386779785
524,523,severe,always_act,False,7,0,-0.32,0.5187786221504211,0.014794249087572098
525,524,severe,always_act,False,15,0,-0.4,0.28587931394577026,0.05551145598292351
526,525,severe,always_act,False,13,0,-0.38,0.2166685312986374,0.03127777948975563
527,526,severe,always_act,False,13,0,-0.38,0.30317601561546326,0.02976798824965954
528,527,severe,always_act,False,17,0,-0.42000000000000004,0.3163314163684845,0.027639424428343773
529,528,severe,always_act,False,8,0,-0.33,0.3692602217197418,0.056294817477464676
530,529,severe,always_act,False,6,0,-0.31,0.25034359097480774,0.05142718926072121
531,530,severe,always_act,False,13,0,-0.38,0.15323859453201294,0.0392548032104969
532,531,severe,always_act,False,24,0,-0.4900000000000001,0.21399617195129395,0.035592712461948395
533,532,severe,always_act,True,4,0,0.96,0.05809175595641136,0.0513141043484211
534,533,severe,always_act,False,16,0,-0.41000000000000003,0.08962024003267288,0.04680956155061722
535,534,severe,always_act,False,24,0,-0.4900000000000001,0.4420403242111206,0.05208178609609604
536,535,severe,always_act,False,14,0,-0.39,0.21788042783737183,0.04063940793275833
537,536,severe,always_act,False,5,0,-0.3,0.24154269695281982,0.04962822049856186
538,537,severe,always_act,False,12,0,-0.37,0.33153772354125977,0.054885562509298325
539,538,severe,always_act,False,15,0,-0.4,0.33208343386650085,0.0450260229408741
540,539,severe,always_act,False,9,0,-0.34,0.19814832508563995,0.04737165570259094
541,540,severe,always_act,False,11,0,-0.36,0.30022984743118286,0.04483301192522049
542,541,severe,always_act,False,9,0,-0.34,0.32591789960861206,0.015936756506562233
543,542,severe,always_act,False,18,0,-0.43000000000000005,0.1507309079170227,0.04284631460905075
544,543,severe,always_act,False,15,0,-0.4,0.21599240601062775,0.02176826074719429
545,544,severe,always_act,False,18,0,-0.43000000000000005,0.1493786722421646,0.022913379594683647
546,545,severe,always_act,False,17,0,-0.42000000000000004,0.15648595988750458,0.05036679282784462
547,546,severe,always_act,False,10,0,-0.35,0.31182917952537537,0.03850401192903519
548,547,severe,always_act,False,18,0,-0.43000000000000005,0.4219854176044464,0.013133999891579151
549,548,severe,always_act,False,10,0,-0.35,0.1747133880853653,0.04542927071452141
550,549,severe,always_act,False,8,0,-0.33,0.16990846395492554,0.031029554083943367
551,550,severe,always_act,False,12,0,-0.37,0.4505446255207062,0.010276048444211483
552,551,severe,always_act,False,13,0,-0.38,0.19840805232524872,0.053833939135074615
553,552,severe,always_act,False,5,0,-0.3,0.35543572902679443,0.03188805282115936
554,553,severe,always_act,False,16,0,-0.41000000000000003,0.307048499584198,0.0407208651304245
555,554,severe,always_act,False,18,0,-0.43000000000000005,0.1753058135509491,0.023563044145703316
556,555,severe,always_act,False,4,0,-0.29000000000000004,0.19772955775260925,0.05181276425719261
557,556,severe,always_act,False,5,0,-0.3,0.3933379352092743,0.0548289529979229
558,557,severe,always_act,False,12,0,-0.37,0.28466740250587463,0.054074276238679886
559,558,severe,always_act,False,7,0,-0.32,0.23445814847946167,0.04295280575752258
560,559,severe,always_act,False,23,0,-0.4800000000000001,0.24699774384498596,0.030335774645209312
561,560,severe,always_act,False,7,0,-0.32,0.11522733420133591,0.03693390265107155
562,561,severe,always_act,False,20,0,-0.45000000000000007,0.28490665555000305,0.05285755917429924
563,562,severe,always_act,False,11,0,-0.36,0.09325521439313889,0.04218335822224617
564,563,severe,always_act,False,17,0,-0.42000000000000004,0.3154822587966919,0.059556104242801666
565,564,severe,always_act,False,17,0,-0.42000000000000004,0.5009790658950806,0.050025079399347305
566,565,severe,always_act,False,20,0,-0.45000000000000007,0.4437772035598755,0.02953200414776802
567,566,severe,always_act,False,19,0,-0.44000000000000006,0.2562798857688904,0.03708982095122337
568,567,severe,always_act,False,19,0,-0.44000000000000006,0.2515886723995209,0.04089023172855377
569,568,severe,always_act,False,15,0,-0.4,0.4147219657897949,0.0297597274184227
570,569,severe,always_act,False,18,0,-0.43000000000000005,0.21805037558078766,0.0214373879134655
571,570,severe,always_act,False,12,0,-0.37,0.2000253051519394,0.051783476024866104
572,571,severe,always_act,False,11,0,-0.36,0.19028832018375397,0.04023803398013115
573,572,severe,always_act,False,9,0,-0.34,0.25147145986557007,0.011063680984079838
574,573,severe,always_act,False,17,0,-0.42000000000000004,0.3705828785896301,0.03964654356241226
575,574,severe,always_act,False,20,0,-0.45000000000000007,0.1943308711051941,0.03906272351741791
576,575,severe,always_act,False,8,0,-0.33,0.09002011269330978,0.027643844485282898
577,576,severe,always_act,False,11,0,-0.36,0.39845964312553406,0.045740704983472824
578,577,severe,always_act,False,10,0,-0.35,0.0845528170466423,0.05759523808956146
579,578,severe,always_act,False,3,0,-0.28,0.41643041372299194,0.018172666430473328
580,579,severe,always_act,True,16,0,0.84,0.02406122535467148,0.03732667863368988
581,580,severe,always_act,False,11,0,-0.36,0.35776421427726746,0.04759816452860832
582,581,severe,always_act,False,9,0,-0.34,0.18042391538619995,0.042797110974788666
583,582,severe,always_act,False,4,0,-0.29000000000000004,0.14007478952407837,0.04885066673159599
584,583,severe,always_act,False,5,0,-0.3,0.24917441606521606,0.05859123915433884
585,584,severe,always_act,False,19,0,-0.44000000000000006,0.46647924184799194,0.035788875073194504
586,585,severe,always_act,True,16,0,0.84,0.030255388468503952,0.024743253365159035
587,586,severe,always_act,False,12,0,-0.37,0.07423295825719833,0.015306724235415459
588,587,severe,always_act,False,8,0,-0.33,0.31275221705436707,0.024344395846128464
589,588,severe,always_act,False,21,0,-0.4600000000000001,0.1821894347667694,0.01877111941576004
590,589,severe,always_act,False,13,0,-0.38,0.0918259397149086,0.01164558157324791
591,590,severe,always_act,False,24,0,-0.4900000000000001,0.6337969303131104,0.03258995711803436
592,591,severe,always_act,False,8,0,-0.33,0.21890071034431458,0.04851848632097244
593,592,severe,always_act,False,3,0,-0.28,0.19388042390346527,0.024611903354525566
594,593,severe,always_act,False,23,0,-0.4800000000000001,0.26967376470565796,0.050027716904878616
595,594,severe,always_act,False,9,0,-0.34,0.25483301281929016,0.059381917119026184
596,595,severe,always_act,False,8,0,-0.33,0.5175051689147949,0.059035468846559525
597,596,severe,always_act,False,18,0,-0.43000000000000005,0.3013818860054016,0.053731679916381836
598,597,severe,always_act,False,17,0,-0.42000000000000004,0.1002909243106842,0.04378635063767433
599,598,severe,always_act,False,18,0,-0.43000000000000005,0.3655861020088196,0.05912979319691658
600,599,severe,always_act,False,23,0,-0.4800000000000001,0.3327925205230713,0.025611398741602898
601,600,severe,always_act,False,1,0,-0.26,0.20653966069221497,0.031601060181856155
602,601,severe,always_act,False,16,0,-0.41000000000000003,0.1424054652452469,0.03864223510026932
603,602,severe,always_act,False,17,0,-0.42000000000000004,0.3429931700229645,0.05422455072402954
604,603,severe,always_act,False,6,0,-0.31,0.12368053942918777,0.04644104093313217
605,604,severe,always_act,False,16,0,-0.41000000000000003,0.6610361933708191,0.027041258290410042
606,605,severe,always_act,False,12,0,-0.37,0.14831435680389404,0.055636774748563766
607,606,severe,always_act,False,21,0,-0.4600000000000001,0.20841170847415924,0.05444277077913284
608,607,severe,always_act,False,12,0,-0.37,0.2816516160964966,0.01690983772277832
609,608,severe,always_act,False,10,0,-0.35,0.41794082522392273,0.039444949477910995
610,609,severe,always_act,False,18,0,-0.43000000000000005,0.4206465184688568,0.013133999891579151
611,610,severe,always_act,True,11,0,0.89,0.04487746208906174,0.053920596837997437
612,611,severe,always_act,False,22,0,-0.4700000000000001,0.2292100340127945,0.044280000030994415
613,612,severe,always_act,False,11,0,-0.36,0.20254579186439514,0.04475628584623337
614,613,severe,always_act,False,22,0,-0.4700000000000001,0.22382840514183044,0.012187457643449306
615,614,severe,always_act,False,3,0,-0.28,0.1464572250843048,0.043807029724121094
616,615,severe,always_act,False,17,0,-0.42000000000000004,0.2091941386461258,0.04923994466662407
617,616,severe,always_act,False,17,0,-0.42000000000000004,0.4651607871055603,0.059279050678014755
618,617,severe,always_act,False,6,0,-0.31,0.06930359452962875,0.04332718625664711
619,618,severe,always_act,False,9,0,-0.34,0.3023476004600525,0.03627758100628853
620,619,severe,always_act,False,17,0,-0.42000000000000004,0.4632534086704254,0.013611877337098122
621,620,severe,always_act,False,15,0,-0.4,0.3130621016025543,0.03067972883582115
622,621,severe,always_act,False,11,0,-0.36,0.08837468177080154,0.036391254514455795
623,622,severe,always_act,False,8,0,-0.33,0.39093539118766785,0.04472321271896362
624,623,severe,always_act,False,19,0,-0.44000000000000006,0.35667654871940613,0.05620134621858597
625,624,severe,always_act,False,4,0,-0.29000000000000004,0.15183287858963013,0.0370158813893795
626,625,severe,always_act,False,11,0,-0.36,0.06077950447797775,0.04414960741996765
627,626,severe,always_act,False,11,0,-0.36,0.26800328493118286,0.03050515428185463
628,627,severe,always_act,False,10,0,-0.35,0.2602672874927521,0.037912361323833466
629,628,severe,always_act,False,14,0,-0.39,0.28962579369544983,0.056473489850759506
630,629,severe,always_act,False,19,0,-0.44000000000000006,0.6159108877182007,0.045601289719343185
631,630,severe,always_act,False,5,0,-0.3,0.5742347240447998,0.05131683126091957
632,631,severe,always_act,False,17,0,-0.42000000000000004,0.14413443207740784,0.053622473031282425
633,632,severe,always_act,False,11,0,-0.36,0.1170530617237091,0.0304387416690588
634,633,severe,always_act,False,13,0,-0.38,0.2512229084968567,0.031223081052303314
635,634,severe,always_act,False,13,0,-0.38,0.27800318598747253,0.012345710769295692
636,635,severe,always_act,False,16,0,-0.41000000000000003,0.18154552578926086,0.022769436240196228
637,636,severe,always_act,False,16,0,-0.41000000000000003,0.4689423739910126,0.04975449666380882
638,637,severe,always_act,False,12,0,-0.37,0.1915414184331894,0.02262846566736698
639,638,severe,always_act,False,7,0,-0.32,0.2896338701248169,0.03568392992019653
640,639,severe,always_act,False,15,0,-0.4,0.30887454748153687,0.055954381823539734
641,640,severe,always_act,False,11,0,-0.36,0.14682607352733612,0.01186099462211132
642,641,severe,always_act,False,17,0,-0.42000000000000004,0.11904741078615189,0.05426063388586044
643,642,severe,always_act,False,5,0,-0.3,0.45766669511795044,0.0391349121928215
644,643,severe,always_act,True,4,0,0.96,0.03747813403606415,0.03734322264790535
645,644,severe,always_act,False,2,0,-0.27,0.6106330156326294,0.05704456940293312
646,645,severe,always_act,False,16,0,-0.41000000000000003,0.31702327728271484,0.042985428124666214
647,646,severe,always_act,False,8,0,-0.33,0.16118887066841125,0.03922421485185623
648,647,severe,always_act,False,11,0,-0.36,0.1875622719526291,0.023523418232798576
649,648,severe,always_act,False,12,0,-0.37,0.2605222463607788,0.05424299091100693
650,649,severe,always_act,False,20,0,-0.45000000000000007,0.2351660430431366,0.01572924107313156
651,650,severe,always_act,True,12,0,0.88,0.05882136896252632,0.01257164403796196
652,651,severe,always_act,False,16,0,-0.41000000000000003,0.36542439460754395,0.034315723925828934
653,652,severe,always_act,False,9,0,-0.34,0.2780402600765228,0.013401877135038376
654,653,severe,always_act,False,14,0,-0.39,0.1633719652891159,0.018633024767041206
655,654,severe,always_act,False,16,0,-0.41000000000000003,0.2709904909133911,0.015644488856196404
656,655,severe,always_act,False,10,0,-0.35,0.1679089367389679,0.04185797646641731
657,656,severe,always_act,False,8,0,-0.33,0.2715361714363098,0.0492817759513855
658,657,severe,always_act,False,20,0,-0.45000000000000007,0.16891086101531982,0.04650333896279335
659,658,severe,always_act,False,3,0,-0.28,0.1945888251066208,0.039180051535367966
660,659,severe,always_act,False,4,0,-0.29000000000000004,0.22916600108146667,0.01007384154945612
661,660,severe,always_act,False,10,0,-0.35,0.4538251757621765,0.05304555222392082
662,661,severe,always_act,False,12,0,-0.37,0.29450082778930664,0.01892201043665409
663,662,severe,always_act,False,3,0,-0.28,0.09088880568742752,0.03732752054929733
664,663,severe,always_act,False,7,0,-0.32,0.1643379032611847,0.05966528505086899
665,664,severe,always_act,False,9,0,-0.34,0.4234623312950134,0.0167036484926939
666,665,severe,always_act,False,5,0,-0.3,0.29139450192451477,0.031065545976161957
667,666,severe,always_act,False,11,0,-0.36,0.5791501402854919,0.05759504437446594
668,667,severe,always_act,False,15,0,-0.4,0.13627606630325317,0.0279544647783041
669,668,severe,always_act,False,10,0,-0.35,0.18074791133403778,0.015590268187224865
670,669,severe,always_act,False,6,0,-0.31,0.16436445713043213,0.013710837811231613
671,670,severe,always_act,False,17,0,-0.42000000000000004,0.48469486832618713,0.04078378155827522
672,671,severe,always_act,False,21,0,-0.4600000000000001,0.24849379062652588,0.05724874883890152
673,672,severe,always_act,False,8,0,-0.33,0.3621857166290283,0.059358734637498856
674,673,severe,always_act,False,14,0,-0.39,0.30382072925567627,0.03240616247057915
675,674,severe,always_act,False,15,0,-0.4,0.12076503783464432,0.05159301310777664
676,675,severe,always_act,False,4,0,-0.29000000000000004,0.6011003255844116,0.014212772250175476
677,676,severe,always_act,False,7,0,-0.32,0.5219794511795044,0.05964113399386406
678,677,severe,always_act,False,15,0,-0.4,0.20525439083576202,0.04630454257130623
679,678,severe,always_act,False,15,0,-0.4,0.0844770222902298,0.03428326174616814
680,679,severe,always_act,False,12,0,-0.37,0.2734244465827942,0.030497485771775246
681,680,severe,always_act,False,5,0,-0.3,0.09961012005805969,0.0505678653717041
682,681,severe,always_act,False,11,0,-0.36,0.28332003951072693,0.011621976271271706
683,682,severe,always_act,False,10,0,-0.35,0.1691911220550537,0.028500070795416832
684,683,severe,always_act,False,18,0,-0.43000000000000005,0.1861112415790558,0.033012695610523224
685,684,severe,always_act,False,13,0,-0.38,0.24550890922546387,0.04743349552154541
686,685,severe,always_act,False,7,0,-0.32,0.39046424627304077,0.03093060664832592
687,686,severe,always_act,False,14,0,-0.39,0.10695075243711472,0.016911303624510765
688,687,severe,always_act,False,15,0,-0.4,0.20483431220054626,0.035236943513154984
689,688,severe,always_act,False,2,0,-0.27,0.34664860367774963,0.05531866475939751
690,689,severe,always_act,False,18,0,-0.43000000000000005,0.2429850846529007,0.01685233600437641
691,690,severe,always_act,False,22,0,-0.4700000000000001,0.130801722407341,0.034797560423612595
692,691,severe,always_act,False,8,0,-0.33,0.3862729072570801,0.02554742805659771
693,692,severe,always_act,False,9,0,-0.34,0.30701836943626404,0.039546966552734375
694,693,severe,always_act,False,14,0,-0.39,0.2206793576478958,0.032559510320425034
695,694,severe,always_act,False,22,0,-0.4700000000000001,0.4093746244907379,0.0209367498755455
696,695,severe,always_act,False,9,0,-0.34,0.38019534945487976,0.029242491349577904
697,696,severe,always_act,False,14,0,-0.39,0.4163610339164734,0.05779363960027695
698,697,severe,always_act,False,6,0,-0.31,0.0815390944480896,0.017095673829317093
699,698,severe,always_act,False,20,0,-0.45000000000000007,0.24386700987815857,0.04245728999376297
700,699,severe,always_act,False,17,0,-0.42000000000000004,0.21698540449142456,0.013819210231304169
701,700,severe,always_act,False,13,0,-0.38,0.28099310398101807,0.036307286471128464
702,701,severe,always_act,False,19,0,-0.44000000000000006,0.4168952703475952,0.011987370438873768
703,702,severe,always_act,False,10,0,-0.35,0.4397682249546051,0.01155301183462143
704,703,severe,always_act,False,16,0,-0.41000000000000003,0.06631793081760406,0.027907738462090492
705,704,severe,always_act,False,19,0,-0.44000000000000006,0.16979435086250305,0.04329538717865944
706,705,severe,always_act,False,11,0,-0.36,0.10989528894424438,0.015388733707368374
707,706,severe,always_act,True,8,0,0.9199999999999999,0.0345250628888607,0.046738073229789734
708,707,severe,always_act,False,18,0,-0.43000000000000005,0.36450159549713135,0.048022765666246414
709,708,severe,always_act,False,20,0,-0.45000000000000007,0.12379200756549835,0.01661548763513565
710,709,severe,always_act,False,18,0,-0.43000000000000005,0.43732163310050964,0.016682345420122147
711,710,severe,always_act,False,3,0,-0.28,0.3265019655227661,0.04890509694814682
712,711,severe,always_act,False,12,0,-0.37,0.15024195611476898,0.0507071353495121
713,712,severe,always_act,False,9,0,-0.34,0.08992714434862137,0.0107107013463974
714,713,severe,always_act,False,9,0,-0.34,0.09755900502204895,0.05263548716902733
715,714,severe,always_act,False,14,0,-0.39,0.24019448459148407,0.01052392739802599
716,715,severe,always_act,False,6,0,-0.31,0.20220410823822021,0.020335383713245392
717,716,severe,always_act,False,22,0,-0.4700000000000001,0.19293168187141418,0.02614748105406761
718,717,severe,always_act,False,13,0,-0.38,0.29216089844703674,0.05113938823342323
719,718,severe,always_act,True,16,0,0.84,0.037042055279016495,0.029994186013936996
720,719,severe,always_act,False,16,0,-0.41000000000000003,0.17332303524017334,0.02392684482038021
721,720,severe,always_act,False,5,0,-0.3,0.16951462626457214,0.04909001290798187
722,721,severe,always_act,False,4,0,-0.29000000000000004,0.2514338791370392,0.030982842668890953
723,722,severe,always_act,False,16,0,-0.41000000000000003,0.12780781090259552,0.029524371027946472
724,723,severe,always_act,False,4,0,-0.29000000000000004,0.2941442131996155,0.058389198035001755
725,724,severe,always_act,False,11,0,-0.36,0.1939905285835266,0.0516548678278923
726,725,severe,always_act,False,18,0,-0.43000000000000005,0.2914265990257263,0.026941630989313126
727,726,severe,always_act,False,8,0,-0.33,0.4259953498840332,0.030295036733150482
728,727,severe,always_act,False,15,0,-0.4,0.1418178677558899,0.010170365683734417
729,728,severe,always_act,False,24,0,-0.4900000000000001,0.15793049335479736,0.05208178609609604
730,729,severe,always_act,False,23,0,-0.4800000000000001,0.2539350390434265,0.01673102378845215
731,730,severe,always_act,False,8,0,-0.33,0.29749563336372375,0.047289349138736725
732,731,severe,always_act,False,8,0,-0.33,0.5246828198432922,0.05455248802900314
733,732,severe,always_act,True,11,0,0.89,0.030454861000180244,0.04809154197573662
734,733,severe,always_act,False,12,0,-0.37,0.16734927892684937,0.015277042984962463
735,734,severe,always_act,False,16,0,-0.41000000000000003,0.4287073016166687,0.05239870771765709
736,735,severe,always_act,False,18,0,-0.43000000000000005,0.4495586156845093,0.044229935854673386
737,736,severe,always_act,False,18,0,-0.43000000000000005,0.28381240367889404,0.04455573111772537
738,737,severe,always_act,False,5,0,-0.3,0.16600169241428375,0.03913375362753868
739,738,severe,always_act,False,22,0,-0.4700000000000001,0.3865951895713806,0.029205918312072754
740,739,severe,always_act,True,18,0,0.82,0.04889635741710663,0.05098482966423035
741,740,severe,always_act,False,5,0,-0.3,0.42276033759117126,0.029001329094171524
742,741,severe,always_act,False,8,0,-0.33,0.09564651548862457,0.047134846448898315
743,742,severe,always_act,False,21,0,-0.4600000000000001,0.16520503163337708,0.027112312614917755
744,743,severe,always_act,False,2,0,-0.27,0.13646374642848969,0.04056302830576897
745,744,severe,always_act,False,18,0,-0.43000000000000005,0.15949925780296326,0.04526935890316963
746,745,severe,always_act,False,14,0,-0.39,0.43031901121139526,0.025421064347028732
747,746,severe,always_act,False,13,0,-0.38,0.1460789293050766,0.05014869570732117
748,747,severe,always_act,False,9,0,-0.34,0.2740413546562195,0.05269096419215202
749,748,severe,always_act,False,20,0,-0.45000000000000007,0.1256832778453827,0.02903294377028942
750,749,severe,always_act,False,18,0,-0.43000000000000005,0.11396636813879013,0.03035152330994606
751,750,severe,always_act,False,18,0,-0.43000000000000005,0.4222041070461273,0.013133999891579151
752,751,severe,always_act,False,2,0,-0.27,0.3912971615791321,0.053039006888866425
753,752,severe,always_act,False,21,0,-0.4600000000000001,0.2428370714187622,0.017932597547769547
754,753,severe,always_act,False,10,0,-0.35,0.2513470947742462,0.022381283342838287
755,754,severe,always_act,False,14,0,-0.39,0.3316895365715027,0.02638704515993595
756,755,severe,always_act,False,22,0,-0.4700000000000001,0.14799702167510986,0.019098158925771713
757,756,severe,always_act,False,10,0,-0.35,0.3123605251312256,0.05609598755836487
758,757,severe,always_act,False,19,0,-0.44000000000000006,0.4098530113697052,0.051586415618658066
759,758,severe,always_act,False,23,0,-0.4800000000000001,0.42669403553009033,0.033611834049224854
760,759,severe,always_act,False,7,0,-0.32,0.2529011070728302,0.054317981004714966
761,760,severe,always_act,False,19,0,-0.44000000000000006,0.11885445564985275,0.02039264142513275
762,761,severe,always_act,False,16,0,-0.41000000000000003,0.30588358640670776,0.03628746420145035
763,762,severe,always_act,False,3,0,-0.28,0.43523433804512024,0.053957678377628326
764,763,severe,always_act,False,18,0,-0.43000000000000005,0.07384217530488968,0.010992328636348248
765,764,severe,always_act,False,20,0,-0.45000000000000007,0.10509432107210159,0.05543001741170883
766,765,severe,always_act,False,16,0,-0.41000000000000003,0.22784440219402313,0.025026656687259674
767,766,severe,always_act,False,9,0,-0.34,0.4163380563259125,0.036656130105257034
768,767,severe,always_act,False,8,0,-0.33,0.36882367730140686,0.05385078862309456
769,768,severe,always_act,False,21,0,-0.4600000000000001,0.2886216938495636,0.04952666908502579
770,769,severe,always_act,False,20,0,-0.45000000000000007,0.30302318930625916,0.020354392006993294
771,770,severe,always_act,False,20,0,-0.45000000000000007,0.11561930179595947,0.029043933376669884
772,771,severe,always_act,False,9,0,-0.34,0.2191672921180725,0.025520458817481995
773,772,severe,always_act,False,7,0,-0.32,0.32196909189224243,0.030129674822092056
774,773,severe,always_act,False,10,0,-0.35,0.48005980253219604,0.04385422170162201
775,774,severe,always_act,False,16,0,-0.41000000000000003,0.25247612595558167,0.010389233939349651
776,775,severe,always_act,True,10,0,0.9,0.01343724224716425,0.057858262211084366
777,776,severe,always_act,False,6,0,-0.31,0.3250778913497925,0.042817894369363785
778,777,severe,always_act,False,4,0,-0.29000000000000004,0.5128319263458252,0.032511819154024124
779,778,severe,always_act,False,12,0,-0.37,0.31589582562446594,0.026696281507611275
780,779,severe,always_act,False,5,0,-0.3,0.14984244108200073,0.011525160633027554
781,780,severe,always_act,False,11,0,-0.36,0.4039227068424225,0.022463129833340645
782,781,severe,always_act,False,5,0,-0.3,0.23836639523506165,0.04758191481232643
783,782,severe,always_act,False,7,0,-0.32,0.38066941499710083,0.021504977717995644
784,783,severe,always_act,False,6,0,-0.31,0.46982893347740173,0.01565665937960148
785,784,severe,always_act,False,16,0,-0.41000000000000003,0.30016449093818665,0.031425025314092636
786,785,severe,always_act,False,22,0,-0.4700000000000001,0.4807929992675781,0.010961493477225304
787,786,severe,always_act,False,17,0,-0.42000000000000004,0.11931455880403519,0.05000286176800728
788,787,severe,always_act,False,7,0,-0.32,0.2744843065738678,0.014688897877931595
789,788,severe,always_act,False,10,0,-0.35,0.24494169652462006,0.03896326944231987
790,789,severe,always_act,False,7,0,-0.32,0.09065546095371246,0.019972937181591988
791,790,severe,always_act,False,18,0,-0.43000000000000005,0.5743394494056702,0.01928040198981762
792,791,severe,always_act,False,15,0,-0.4,0.07727086544036865,0.05558113381266594
793,792,severe,always_act,True,12,0,0.88,0.05338065326213837,0.04109992831945419
794,793,severe,always_act,False,20,0,-0.45000000000000007,0.22095267474651337,0.019385768100619316
795,794,severe,always_act,False,7,0,-0.32,0.4514448344707489,0.05615350231528282
796,795,severe,always_act,True,11,0,0.89,0.049530137330293655,0.02936197817325592
797,796,severe,always_act,False,20,0,-0.45000000000000007,0.5258563160896301,0.016309816390275955
798,797,severe,always_act,False,8,0,-0.33,0.20095033943653107,0.051790740340948105
799,798,severe,always_act,False,17,0,-0.42000000000000004,0.28888192772865295,0.012078356929123402
800,799,severe,always_act,False,9,0,-0.34,0.3420717716217041,0.03764193877577782
801,800,severe,always_act,False,8,0,-0.33,0.1300096958875656,0.05738166719675064
802,801,severe,always_act,False,15,0,-0.4,0.47280094027519226,0.05915679782629013
803,802,severe,always_act,False,15,0,-0.4,0.3493713438510895,0.010810193605720997
804,803,severe,always_act,False,9,0,-0.34,0.216591477394104,0.03157674893736839
805,804,severe,always_act,False,24,0,-0.4900000000000001,0.32736125588417053,0.05199521780014038
806,805,severe,always_act,False,3,0,-0.28,0.14921167492866516,0.05606186017394066
807,806,severe,always_act,False,10,0,-0.35,0.21774017810821533,0.02401491440832615
808,807,severe,always_act,False,11,0,-0.36,0.34962978959083557,0.05122588574886322
809,808,severe,always_act,False,10,0,-0.35,0.25483039021492004,0.056063905358314514
810,809,severe,always_act,False,19,0,-0.44000000000000006,0.138671875,0.038403190672397614
811,810,severe,always_act,False,8,0,-0.33,0.19433586299419403,0.05416562780737877
812,811,severe,always_act,False,16,0,-0.41000000000000003,0.395641952753067,0.03807052597403526
813,812,severe,always_act,False,21,0,-0.4600000000000001,0.5422513484954834,0.03100721910595894
814,813,severe,always_act,False,16,0,-0.41000000000000003,0.32155877351760864,0.04049418866634369
815,814,severe,always_act,False,6,0,-0.31,0.2352130115032196,0.02447422593832016
816,815,severe,always_act,False,20,0,-0.45000000000000007,0.10414759069681168,0.020146802067756653
817,816,severe,always_act,False,13,0,-0.38,0.11061591655015945,0.03324385732412338
818,817,severe,always_act,False,15,0,-0.4,0.4427400827407837,0.02913522720336914
819,818,severe,always_act,False,8,0,-0.33,0.184037983417511,0.029493672773241997
820,819,severe,always_act,False,18,0,-0.43000000000000005,0.3035303056240082,0.015378429554402828
821,820,severe,always_act,False,18,0,-0.43000000000000005,0.18518932163715363,0.029682403430342674
822,821,severe,always_act,False,17,0,-0.42000000000000004,0.2850314974784851,0.055484332144260406
823,822,severe,always_act,False,14,0,-0.39,0.18343517184257507,0.05173400044441223
824,823,severe,always_act,True,16,0,0.84,0.056704048067331314,0.012509867548942566
825,824,severe,always_act,False,11,0,-0.36,0.31434229016304016,0.010767330415546894
826,825,severe,always_act,False,5,0,-0.3,0.07659980654716492,0.035796187818050385
827,826,severe,always_act,False,14,0,-0.39,0.21697987616062164,0.058457788079977036
828,827,severe,always_act,False,11,0,-0.36,0.2831916809082031,0.03028993494808674
829,828,severe,always_act,False,3,0,-0.28,0.10248371958732605,0.03403468057513237
830,829,severe,always_act,False,9,0,-0.34,0.2581237852573395,0.05348150432109833
831,830,severe,always_act,False,7,0,-0.32,0.12834741175174713,0.031565435230731964
832,831,severe,always_act,False,16,0,-0.41000000000000003,0.32990390062332153,0.025052856653928757
833,832,severe,always_act,False,18,0,-0.43000000000000005,0.2422938197851181,0.013133999891579151
834,833,severe,always_act,True,11,0,0.89,0.039055272936820984,0.017816470935940742
835,834,severe,always_act,False,21,0,-0.4600000000000001,0.4910905063152313,0.03948291391134262
836,835,severe,always_act,False,13,0,-0.38,0.2541104853153229,0.016520943492650986
837,836,severe,always_act,False,8,0,-0.33,0.09980399906635284,0.04653036966919899
838,837,severe,always_act,False,9,0,-0.34,0.17393413186073303,0.03697458282113075
839,838,severe,always_act,False,14,0,-0.39,0.07983819395303726,0.034633513540029526
840,839,severe,always_act,False,16,0,-0.41000000000000003,0.412427693605423,0.044415414333343506
841,840,severe,always_act,False,9,0,-0.34,0.6319835186004639,0.01845243200659752
842,841,severe,always_act,False,12,0,-0.37,0.16397562623023987,0.04238208755850792
843,842,severe,always_act,False,11,0,-0.36,0.3773530423641205,0.059477757662534714
844,843,severe,always_act,False,19,0,-0.44000000000000006,0.4472171664237976,0.04750506207346916
845,844,severe,always_act,False,7,0,-0.32,0.26713094115257263,0.04101647436618805
846,845,severe,always_act,False,13,0,-0.38,0.07202303409576416,0.048550691455602646
847,846,severe,always_act,False,17,0,-0.42000000000000004,0.3689374029636383,0.05694306641817093
848,847,severe,always_act,False,15,0,-0.4,0.18863743543624878,0.04665850102901459
849,848,severe,always_act,False,14,0,-0.39,0.1298583447933197,0.029172439128160477
850,849,severe,always_act,False,11,0,-0.36,0.3210216760635376,0.013510255143046379
851,850,severe,always_act,False,15,0,-0.4,0.43532314896583557,0.03728022798895836
852,851,severe,always_act,False,16,0,-0.41000000000000003,0.6105290055274963,0.02899826504290104
853,852,severe,always_act,False,15,0,-0.4,0.664628803730011,0.03548857197165489
854,853,severe,always_act,False,9,0,-0.34,0.1970413327217102,0.024697624146938324
855,854,severe,always_act,False,18,0,-0.43000000000000005,0.36615806818008423,0.05373956263065338
856,855,severe,always_act,False,20,0,-0.45000000000000007,0.1975684016942978,0.04332686588168144
857,856,severe,always_act,False,4,0,-0.29000000000000004,0.2840363383293152,0.03580357879400253
858,857,severe,always_act,False,12,0,-0.37,0.1790822297334671,0.022258153185248375
859,858,severe,always_act,False,14,0,-0.39,0.216549813747406,0.05543877184391022
860,859,severe,always_act,False,10,0,-0.35,0.42939648032188416,0.04709610715508461
861,860,severe,always_act,False,15,0,-0.4,0.301379919052124,0.026116330176591873
862,861,severe,always_act,False,14,0,-0.39,0.13562160730361938,0.050920575857162476
863,862,severe,always_act,False,11,0,-0.36,0.25459402799606323,0.05671513080596924
864,863,severe,always_act,False,21,0,-0.4600000000000001,0.242007777094841,0.04943013936281204
865,864,severe,always_act,False,12,0,-0.37,0.15393687784671783,0.017996160313487053
866,865,severe,always_act,False,23,0,-0.4800000000000001,0.2529163360595703,0.011277005076408386
867,866,severe,always_act,False,10,0,-0.35,0.2857474088668823,0.030528143048286438
868,867,severe,always_act,False,7,0,-0.32,0.5388560891151428,0.02839767001569271
869,868,severe,always_act,False,4,0,-0.29000000000000004,0.5479283928871155,0.04234030097723007
870,869,severe,always_act,False,16,0,-0.41000000000000003,0.3817361891269684,0.016269134357571602
871,870,severe,always_act,False,7,0,-0.32,0.15878205001354218,0.05215748772025108
872,871,severe,always_act,False,17,0,-0.42000000000000004,0.18002213537693024,0.053243499249219894
873,872,severe,always_act,False,15,0,-0.4,0.27220287919044495,0.0209400225430727
874,873,severe,always_act,False,18,0,-0.43000000000000005,0.23515740036964417,0.039784375578165054
875,874,severe,always_act,False,10,0,-0.35,0.23432284593582153,0.04883662983775139
876,875,severe,always_act,False,22,0,-0.4700000000000001,0.3447794020175934,0.011177520267665386
877,876,severe,always_act,False,12,0,-0.37,0.19550850987434387,0.029112940654158592
878,877,severe,always_act,False,11,0,-0.36,0.0782313123345375,0.012429318390786648
879,878,severe,always_act,False,8,0,-0.33,0.22799713909626007,0.025243928655982018
880,879,severe,always_act,False,6,0,-0.31,0.385489284992218,0.05690441280603409
881,880,severe,always_act,False,13,0,-0.38,0.31391096115112305,0.025517091155052185
882,881,severe,always_act,False,17,0,-0.42000000000000004,0.26002466678619385,0.0555107519030571
883,882,severe,always_act,False,13,0,-0.38,0.09620264917612076,0.031061777845025063
884,883,severe,always_act,False,22,0,-0.4700000000000001,0.1933753341436386,0.016129527240991592
885,884,severe,always_act,False,16,0,-0.41000000000000003,0.1986038237810135,0.05561629310250282
886,885,severe,always_act,False,15,0,-0.4,0.1490175575017929,0.0404362827539444
887,886,severe,always_act,False,3,0,-0.28,0.43231430649757385,0.02456674911081791
888,887,severe,always_act,False,18,0,-0.43000000000000005,0.22152641415596008,0.023655900731682777
889,888,severe,always_act,False,8,0,-0.33,0.3003386855125427,0.04900383949279785
890,889,severe,always_act,False,11,0,-0.36,0.3077155649662018,0.019601909443736076
891,890,severe,always_act,False,14,0,-0.39,0.3154877722263336,0.018516715615987778
892,891,severe,always_act,False,16,0,-0.41000000000000003,0.3917524218559265,0.024154698476195335
893,892,severe,always_act,False,18,0,-0.43000000000000005,0.3708305358886719,0.013133999891579151
894,893,severe,always_act,False,20,0,-0.45000000000000007,0.3562144339084625,0.04317311570048332
895,894,severe,always_act,False,12,0,-0.37,0.20447319746017456,0.01898590289056301
896,895,severe,always_act,False,14,0,-0.39,0.16808006167411804,0.058678414672613144
897,896,severe,always_act,False,16,0,-0.41000000000000003,0.2936336398124695,0.029397834092378616
898,897,severe,always_act,False,18,0,-0.43000000000000005,0.32301267981529236,0.019359469413757324
899,898,severe,always_act,False,12,0,-0.37,0.3372976779937744,0.03244021162390709
900,899,severe,always_act,False,10,0,-0.35,0.2417796105146408,0.039350904524326324
901,900,severe,always_act,False,6,0,-0.31,0.15512830018997192,0.04357227310538292
902,901,severe,always_act,False,20,0,-0.45000000000000007,0.17586706578731537,0.010975180193781853
903,902,severe,always_act,False,19,0,-0.44000000000000006,0.21228937804698944,0.021662957966327667
904,903,severe,always_act,False,13,0,-0.38,0.24392996728420258,0.016717275604605675
905,904,severe,always_act,False,16,0,-0.41000000000000003,0.3132290244102478,0.025122659280896187
906,905,severe,always_act,True,19,0,0.8099999999999999,0.039358921349048615,0.05084940418601036
907,906,severe,always_act,False,18,0,-0.43000000000000005,0.2827233374118805,0.013133999891579151
908,907,severe,always_act,False,9,0,-0.34,0.1983690708875656,0.037767499685287476
909,908,severe,always_act,False,21,0,-0.4600000000000001,0.35520461201667786,0.0345773883163929
910,909,severe,always_act,False,8,0,-0.33,0.33386412262916565,0.011625582352280617
911,910,severe,always_act,False,12,0,-0.37,0.15570805966854095,0.027098216116428375
912,911,severe,always_act,False,9,0,-0.34,0.14778156578540802,0.056997671723365784
913,912,severe,always_act,False,18,0,-0.43000000000000005,0.07906224578619003,0.03981246426701546
914,913,severe,always_act,False,3,0,-0.28,0.3399933874607086,0.05052914470434189
915,914,severe,always_act,False,18,0,-0.43000000000000005,0.2831355929374695,0.010528698563575745
916,915,severe,always_act,False,11,0,-0.36,0.2857314944267273,0.022788215428590775
917,916,severe,always_act,False,8,0,-0.33,0.220589742064476,0.012091738171875477
918,917,severe,always_act,False,13,0,-0.38,0.09457547962665558,0.019722014665603638
919,918,severe,always_act,False,9,0,-0.34,0.1619092971086502,0.05739227309823036
920,919,severe,always_act,False,14,0,-0.39,0.325165718793869,0.02085864543914795
921,920,severe,always_act,False,14,0,-0.39,0.35570916533470154,0.01903211511671543
922,921,severe,always_act,False,12,0,-0.37,0.18043597042560577,0.03150135278701782
923,922,severe,always_act,False,9,0,-0.34,0.0882369726896286,0.0376657173037529
924,923,severe,always_act,False,17,0,-0.42000000000000004,0.5846930742263794,0.05558192357420921
925,924,severe,always_act,False,18,0,-0.43000000000000005,0.11017827689647675,0.04026416689157486
926,925,severe,always_act,False,12,0,-0.37,0.35113680362701416,0.05556870624423027
927,926,severe,always_act,False,15,0,-0.4,0.17963436245918274,0.03362923488020897
928,927,severe,always_act,False,10,0,-0.35,0.28069964051246643,0.057930901646614075
929,928,severe,always_act,False,2,0,-0.27,0.34420448541641235,0.059039123356342316
930,929,severe,always_act,False,10,0,-0.35,0.08908464014530182,0.05728418007493019
931,930,severe,always_act,False,17,0,-0.42000000000000004,0.12805058062076569,0.041981544345617294
932,931,severe,always_act,False,7,0,-0.32,0.2863408029079437,0.0278328787535429
933,932,severe,always_act,False,21,0,-0.4600000000000001,0.2974342405796051,0.05654129758477211
934,933,severe,always_act,False,7,0,-0.32,0.23640204966068268,0.048088982701301575
935,934,severe,always_act,False,12,0,-0.37,0.19896535575389862,0.056642334908246994
936,935,severe,always_act,False,8,0,-0.33,0.4287227988243103,0.018302220851182938
937,936,severe,always_act,False,14,0,-0.39,0.32320183515548706,0.014604678377509117
938,937,severe,always_act,False,5,0,-0.3,0.5213945508003235,0.02107618749141693
939,938,severe,always_act,False,12,0,-0.37,0.23398417234420776,0.03607698157429695
940,939,severe,always_act,False,11,0,-0.36,0.6090772747993469,0.02324094995856285
941,940,severe,always_act,False,13,0,-0.38,0.29913753271102905,0.029689351096749306
942,941,severe,always_act,False,19,0,-0.44000000000000006,0.2537406086921692,0.045583292841911316
943,942,severe,always_act,False,7,0,-0.32,0.2365630716085434,0.05712477117776871
944,943,severe,always_act,False,17,0,-0.42000000000000004,0.10879039764404297,0.030621323734521866
945,944,severe,always_act,False,14,0,-0.39,0.16259686648845673,0.022124597802758217
946,945,severe,always_act,False,5,0,-0.3,0.44509148597717285,0.038281362503767014
947,946,severe,always_act,False,17,0,-0.42000000000000004,0.16924473643302917,0.05311671644449234
948,947,severe,always_act,False,10,0,-0.35,0.3174215853214264,0.029951991513371468
949,948,severe,always_act,False,18,0,-0.43000000000000005,0.3582761883735657,0.030240336433053017
950,949,severe,always_act,False,17,0,-0.42000000000000004,0.7737611532211304,0.05403820425271988
951,950,severe,always_act,False,4,0,-0.29000000000000004,0.3120070993900299,0.04184262454509735
952,951,severe,always_act,False,18,0,-0.43000000000000005,0.21123185753822327,0.04748443514108658
953,952,severe,always_act,False,10,0,-0.35,0.13733695447444916,0.04995464161038399
954,953,severe,always_act,False,11,0,-0.36,0.1274331659078598,0.045824360102415085
955,954,severe,always_act,False,24,0,-0.4900000000000001,0.445452481508255,0.05208178609609604
956,955,severe,always_act,False,4,0,-0.29000000000000004,0.39260515570640564,0.04306546226143837
957,956,severe,always_act,False,16,0,-0.41000000000000003,0.23858734965324402,0.04128097742795944
958,957,severe,always_act,False,10,0,-0.35,0.08066704124212265,0.05798371136188507
959,958,severe,always_act,True,16,0,0.84,0.023718122392892838,0.02851344458758831
960,959,severe,always_act,False,17,0,-0.42000000000000004,0.5700476765632629,0.05191417410969734
961,960,severe,always_act,False,15,0,-0.4,0.23200567066669464,0.05634642764925957
962,961,severe,always_act,False,3,0,-0.28,0.32116806507110596,0.04158744961023331
963,962,severe,always_act,False,16,0,-0.41000000000000003,0.44406819343566895,0.05897627770900726
964,963,severe,always_act,False,22,0,-0.4700000000000001,0.4314674437046051,0.04749231040477753
965,964,severe,always_act,False,17,0,-0.42000000000000004,0.3138446509838104,0.04858745262026787
966,965,severe,always_act,False,11,0,-0.36,0.4463479518890381,0.04815356805920601
967,966,severe,always_act,False,15,0,-0.4,0.20394788682460785,0.0480051226913929
968,967,severe,always_act,False,7,0,-0.32,0.1395360678434372,0.04243434593081474
969,968,severe,always_act,False,20,0,-0.45000000000000007,0.19721247255802155,0.047988757491111755
970,969,severe,always_act,False,17,0,-0.42000000000000004,0.23077590763568878,0.050089072436094284
971,970,severe,always_act,False,18,0,-0.43000000000000005,0.34397587180137634,0.024496030062437057
972,971,severe,always_act,False,10,0,-0.35,0.13107939064502716,0.013824819587171078
973,972,severe,always_act,False,14,0,-0.39,0.4936017394065857,0.056558169424533844
974,973,severe,always_act,False,16,0,-0.41000000000000003,0.4646671414375305,0.026480041444301605
975,974,severe,always_act,False,16,0,-0.41000000000000003,0.356291264295578,0.0414293110370636
976,975,severe,always_act,False,16,0,-0.41000000000000003,0.28876593708992004,0.01387704722583294
977,976,severe,always_act,False,10,0,-0.35,0.1547939032316208,0.022842196747660637
978,977,severe,always_act,False,19,0,-0.44000000000000006,0.2403993159532547,0.03697383776307106
979,978,severe,always_act,False,7,0,-0.32,0.5183282494544983,0.05202540382742882
980,979,severe,always_act,False,13,0,-0.38,0.4253411889076233,0.04298527538776398
981,980,severe,always_act,False,17,0,-0.42000000000000004,0.343930721282959,0.053980909287929535
982,981,severe,always_act,False,11,0,-0.36,0.33345624804496765,0.022870341315865517
983,982,severe,always_act,False,3,0,-0.28,0.5098059177398682,0.03307707980275154
984,983,severe,always_act,False,17,0,-0.42000000000000004,0.2277979552745819,0.0535179078578949
985,984,severe,always_act,False,7,0,-0.32,0.36090195178985596,0.03136876970529556
986,985,severe,always_act,False,6,0,-0.31,0.1265312284231186,0.038370367139577866
987,986,severe,always_act,False,5,0,-0.3,0.12986041605472565,0.018088240176439285
988,987,severe,always_act,False,17,0,-0.42000000000000004,0.11414306610822678,0.04648737981915474
989,988,severe,always_act,False,15,0,-0.4,0.3008654713630676,0.03459833934903145
990,989,severe,always_act,False,14,0,-0.39,0.24032749235630035,0.04069848731160164
991,990,severe,always_act,False,18,0,-0.43000000000000005,0.45218905806541443,0.013207334093749523
992,991,severe,always_act,False,17,0,-0.42000000000000004,0.21218591928482056,0.03556844964623451
993,992,severe,always_act,False,15,0,-0.4,0.2637518644332886,0.03969528526067734
994,993,severe,always_act,False,8,0,-0.33,0.06168890744447708,0.050853390246629715
995,994,severe,always_act,False,10,0,-0.35,0.2144799679517746,0.05001019313931465
996,995,severe,always_act,False,10,0,-0.35,0.11943551152944565,0.05435686558485031
997,996,severe,always_act,False,10,0,-0.35,0.09263540059328079,0.04825623705983162
998,997,severe,always_act,False,13,0,-0.38,0.235807865858078,0.013335413299500942
999,998,severe,always_act,False,16,0,-0.41000000000000003,0.1771058440208435,0.0164119191467762
1000,999,severe,always_act,False,4,0,-0.29000000000000004,0.5305892825126648,0.03807513043284416
1,0,severe,inspect_once,True,12,1,0.85,0.057359639555215836,0.034844301640987396
2,1,severe,inspect_once,True,19,1,0.7799999999999999,0.03795289248228073,0.015920843929052353
3,2,severe,inspect_once,True,10,1,0.87,0.05672910064458847,0.05205611139535904
4,3,severe,inspect_once,True,6,1,0.91,0.044787727296352386,0.022811569273471832
5,4,severe,inspect_once,False,16,1,-0.44000000000000006,0.12587256729602814,0.04877597838640213
6,5,severe,inspect_once,True,20,1,0.7699999999999999,0.04685157909989357,0.013785082846879959
7,6,severe,inspect_once,True,13,1,0.84,0.04180921986699104,0.04665882885456085
8,7,severe,inspect_once,False,17,1,-0.45000000000000007,0.08580803126096725,0.031691182404756546
9,8,severe,inspect_once,False,16,1,-0.44000000000000006,0.1390635371208191,0.049640681594610214
10,9,severe,inspect_once,True,16,1,0.8099999999999999,0.03913794457912445,0.05179903656244278
11,10,severe,inspect_once,True,16,1,0.8099999999999999,0.0461922250688076,0.03499004244804382
12,11,severe,inspect_once,False,9,1,-0.37,0.07350081205368042,0.043538641184568405
13,12,severe,inspect_once,False,16,1,-0.44000000000000006,0.10705192387104034,0.0208619125187397
14,13,severe,inspect_once,True,21,1,0.7599999999999999,0.041764549911022186,0.03308015689253807
15,14,severe,inspect_once,False,16,1,-0.44000000000000006,0.06268984079360962,0.014342323876917362
16,15,severe,inspect_once,True,18,1,0.7899999999999999,0.03747418150305748,0.013306660577654839
17,16,severe,inspect_once,False,14,1,-0.42000000000000004,0.0731320008635521,0.03210413455963135
18,17,severe,inspect_once,False,13,1,-0.41000000000000003,0.11474313586950302,0.020773829892277718
19,18,severe,inspect_once,False,16,1,-0.44000000000000006,0.08073759824037552,0.03699256852269173
20,19,severe,inspect_once,False,16,1,-0.44000000000000006,0.1004876121878624,0.03086942993104458
21,20,severe,inspect_once,True,10,1,0.87,0.055306047201156616,0.03873823583126068
22,21,severe,inspect_once,False,16,1,-0.44000000000000006,0.0688738152384758,0.03604920208454132
23,22,severe,inspect_once,False,9,1,-0.37,0.09705138951539993,0.04429933428764343
24,23,severe,inspect_once,False,15,1,-0.43000000000000005,0.12470091879367828,0.03178650140762329
25,24,severe,inspect_once,True,10,1,0.87,0.03675403073430061,0.016711317002773285
26,25,severe,inspect_once,True,5,1,0.9199999999999999,0.04236112907528877,0.03984691947698593
27,26,severe,inspect_once,True,11,1,0.86,0.04562091454863548,0.049242012202739716
28,27,severe,inspect_once,True,14,1,0.83,0.025482220575213432,0.03773808851838112
29,28,severe,inspect_once,True,21,1,0.7599999999999999,0.028665145859122276,0.024246471002697945
30,29,severe,inspect_once,False,9,1,-0.37,0.06347223371267319,0.0529044009745121
31,30,severe,inspect_once,False,11,1,-0.39,0.07371412217617035,0.059684235602617264
32,31,severe,inspect_once,True,16,1,0.8099999999999999,0.012850699946284294,0.028970029205083847
33,32,severe,inspect_once,False,9,1,-0.37,0.1288575381040573,0.03176528587937355
34,33,severe,inspect_once,False,13,1,-0.41000000000000003,0.09464768320322037,0.02232588455080986
35,34,severe,inspect_once,False,14,1,-0.42000000000000004,0.07017651200294495,0.05566029995679855
36,35,severe,inspect_once,False,12,1,-0.4,0.06214166805148125,0.016312582418322563
37,36,severe,inspect_once,True,9,1,0.88,0.04700888693332672,0.05805562064051628
38,37,severe,inspect_once,True,17,1,0.7999999999999999,0.013201908208429813,0.0499081127345562
39,38,severe,inspect_once,True,11,1,0.86,0.0288934838026762,0.03464697301387787
40,39,severe,inspect_once,False,13,1,-0.41000000000000003,0.06598646193742752,0.011489344760775566
41,40,severe,inspect_once,False,15,1,-0.43000000000000005,0.12543179094791412,0.05246386677026749
42,41,severe,inspect_once,False,20,1,-0.4800000000000001,0.08922208100557327,0.015377365984022617
43,42,severe,inspect_once,False,13,1,-0.41000000000000003,0.14134179055690765,0.024087753146886826
44,43,severe,inspect_once,False,10,1,-0.38,0.13171163201332092,0.027038702741265297
45,44,severe,inspect_once,True,8,1,0.89,0.03738659247756004,0.0142260966822505
46,45,severe,inspect_once,True,14,1,0.83,0.021800829097628593,0.02006174996495247
47,46,severe,inspect_once,False,14,1,-0.42000000000000004,0.1117410957813263,0.026305897161364555
48,47,severe,inspect_once,False,16,1,-0.44000000000000006,0.11325892806053162,0.03327016532421112
49,48,severe,inspect_once,False,12,1,-0.4,0.0758555456995964,0.030771708115935326
50,49,severe,inspect_once,True,13,1,0.84,0.006104296538978815,0.01361867692321539
51,50,severe,inspect_once,False,20,1,-0.4800000000000001,0.06945865601301193,0.02624538168311119
52,51,severe,inspect_once,False,16,1,-0.44000000000000006,0.07380854338407516,0.024586571380496025
53,52,severe,inspect_once,True,15,1,0.82,0.015988551080226898,0.044757407158613205
54,53,severe,inspect_once,True,13,1,0.84,0.05692576989531517,0.028911156579852104
55,54,severe,inspect_once,False,12,1,-0.4,0.06234321743249893,0.01051756739616394
56,55,severe,inspect_once,False,19,1,-0.4700000000000001,0.07932624965906143,0.023913411423563957
57,56,severe,inspect_once,False,13,1,-0.41000000000000003,0.06854166090488434,0.042732205241918564
58,57,severe,inspect_once,True,15,1,0.82,0.010024495422840118,0.017148694023489952
59,58,severe,inspect_once,False,15,1,-0.43000000000000005,0.07377230376005173,0.04348979890346527
60,59,severe,inspect_once,False,16,1,-0.44000000000000006,0.0821031779050827,0.02823711186647415
61,60,severe,inspect_once,False,6,1,-0.34,0.10811800509691238,0.0459858663380146
62,61,severe,inspect_once,False,14,1,-0.42000000000000004,0.09878445416688919,0.04682445153594017
63,62,severe,inspect_once,False,15,1,-0.43000000000000005,0.09897175431251526,0.055540431290864944
64,63,severe,inspect_once,True,20,1,0.7699999999999999,0.041723836213350296,0.043691832572221756
65,64,severe,inspect_once,False,20,1,-0.4800000000000001,0.07868290692567825,0.01316265668720007
66,65,severe,inspect_once,False,9,1,-0.37,0.07503706961870193,0.028497807681560516
67,66,severe,inspect_once,False,17,1,-0.45000000000000007,0.13021181523799896,0.028778256848454475
68,67,severe,inspect_once,True,10,1,0.87,0.034227870404720306,0.04980774596333504
69,68,severe,inspect_once,True,18,1,0.7899999999999999,0.058442965149879456,0.02173730358481407
70,69,severe,inspect_once,False,13,1,-0.41000000000000003,0.11331410706043243,0.052934955805540085
71,70,severe,inspect_once,False,14,1,-0.42000000000000004,0.10566239804029465,0.019091771915555
72,71,severe,inspect_once,True,12,1,0.85,0.02490113116800785,0.011484026908874512
73,72,severe,inspect_once,False,13,1,-0.41000000000000003,0.09898816794157028,0.01666802540421486
74,73,severe,inspect_once,False,10,1,-0.38,0.11594787240028381,0.04350988194346428
75,74,severe,inspect_once,False,16,1,-0.44000000000000006,0.09343835711479187,0.04781109094619751
76,75,severe,inspect_once,True,7,1,0.9,0.014111802913248539,0.025020958855748177
77,76,severe,inspect_once,False,20,1,-0.4800000000000001,0.10945861786603928,0.04027743265032768
78,77,severe,inspect_once,True,17,1,0.7999999999999999,0.02598557621240616,0.014676868915557861
79,78,severe,inspect_once,True,17,1,0.7999999999999999,0.044226404279470444,0.022601747885346413
80,79,severe,inspect_once,True,17,1,0.7999999999999999,0.049807943403720856,0.01522010751068592
81,80,severe,inspect_once,False,12,1,-0.4,0.1493607461452484,0.04131532460451126
82,81,severe,inspect_once,True,11,1,0.86,0.051498137414455414,0.01120927557349205
83,82,severe,inspect_once,False,20,1,-0.4800000000000001,0.09058500081300735,0.042503561824560165
84,83,severe,inspect_once,False,7,1,-0.35,0.08106281608343124,0.010881319642066956
85,84,severe,inspect_once,False,18,1,-0.4600000000000001,0.09234939515590668,0.03849964961409569
86,85,severe,inspect_once,True,9,1,0.88,0.03959909826517105,0.05669207125902176
87,86,severe,inspect_once,False,11,1,-0.39,0.07149970531463623,0.032956529408693314
88,87,severe,inspect_once,False,15,1,-0.43000000000000005,0.0989021360874176,0.05462302267551422
89,88,severe,inspect_once,True,14,1,0.83,0.040617335587739944,0.01380270067602396
90,89,severe,inspect_once,True,17,1,0.7999999999999999,0.026599794626235962,0.035534996539354324
91,90,severe,inspect_once,False,13,1,-0.41000000000000003,0.0633917897939682,0.05451633781194687
92,91,severe,inspect_once,True,16,1,0.8099999999999999,0.043666426092386246,0.03134097158908844
93,92,severe,inspect_once,False,11,1,-0.39,0.06519765406847,0.02681094780564308
94,93,severe,inspect_once,True,19,1,0.7799999999999999,0.04596094787120819,0.013690996915102005
95,94,severe,inspect_once,True,14,1,0.83,0.0426117405295372,0.03878675773739815
96,95,severe,inspect_once,True,18,1,0.7899999999999999,0.05665694922208786,0.05986511707305908
97,96,severe,inspect_once,False,18,1,-0.4600000000000001,0.06935650110244751,0.04206516593694687
98,97,severe,inspect_once,False,12,1,-0.4,0.12995649874210358,0.051501087844371796
99,98,severe,inspect_once,True,22,1,0.7499999999999999,0.04654570668935776,0.01228366233408451
100,99,severe,inspect_once,False,14,1,-0.42000000000000004,0.11903555691242218,0.017065949738025665
101,100,severe,inspect_once,False,17,1,-0.45000000000000007,0.07996660470962524,0.034519657492637634
102,101,severe,inspect_once,True,17,1,0.7999999999999999,0.03159236162900925,0.01510393712669611
103,102,severe,inspect_once,True,12,1,0.85,0.04198124632239342,0.020324740558862686
104,103,severe,inspect_once,False,8,1,-0.36,0.09591417014598846,0.047395143657922745
105,104,severe,inspect_once,True,18,1,0.7899999999999999,0.03161125257611275,0.03340816870331764
106,105,severe,inspect_once,True,20,1,0.7699999999999999,0.03831331059336662,0.03296101465821266
107,106,severe,inspect_once,False,17,1,-0.45000000000000007,0.07731637358665466,0.035564422607421875
108,107,severe,inspect_once,False,13,1,-0.41000000000000003,0.10847752541303635,0.04628366231918335
109,108,severe,inspect_once,True,19,1,0.7799999999999999,0.04131454601883888,0.025264883413910866
110,109,severe,inspect_once,True,17,1,0.7999999999999999,0.02800644561648369,0.057917673140764236
111,110,severe,inspect_once,False,16,1,-0.44000000000000006,0.11643550544977188,0.05528199300169945
112,111,severe,inspect_once,False,8,1,-0.36,0.09259481728076935,0.03428223356604576
113,112,severe,inspect_once,False,16,1,-0.44000000000000006,0.0765833780169487,0.05661602318286896
114,113,severe,inspect_once,False,8,1,-0.36,0.11678004264831543,0.015574229881167412
115,114,severe,inspect_once,True,14,1,0.83,0.021517399698495865,0.03956226631999016
116,115,severe,inspect_once,False,15,1,-0.43000000000000005,0.07673443108797073,0.040589991956949234
117,116,severe,inspect_once,True,16,1,0.8099999999999999,0.024672366678714752,0.04819166287779808
118,117,severe,inspect_once,True,15,1,0.82,0.03880554437637329,0.014662588015198708
119,118,severe,inspect_once,True,21,1,0.7599999999999999,0.04988900572061539,0.05027931556105614
120,119,severe,inspect_once,True,20,1,0.7699999999999999,0.014032786712050438,0.026362895965576172
121,120,severe,inspect_once,False,16,1,-0.44000000000000006,0.071265809237957,0.03661253675818443
122,121,severe,inspect_once,True,14,1,0.83,0.043943971395492554,0.03548044338822365
123,122,severe,inspect_once,False,13,1,-0.41000000000000003,0.10149768739938736,0.050783220678567886
124,123,severe,inspect_once,True,13,1,0.84,0.024587517604231834,0.03537387400865555
125,124,severe,inspect_once,True,19,1,0.7799999999999999,0.006999537348747253,0.048593245446681976
126,125,severe,inspect_once,False,15,1,-0.43000000000000005,0.10768397897481918,0.05713748186826706
127,126,severe,inspect_once,False,14,1,-0.42000000000000004,0.12191085517406464,0.0491642951965332
128,127,severe,inspect_once,False,7,1,-0.35,0.10162639617919922,0.027315372601151466
129,128,severe,inspect_once,True,15,1,0.82,0.05441991239786148,0.04262331500649452
130,129,severe,inspect_once,True,9,1,0.88,0.045292798429727554,0.049525488168001175
131,130,severe,inspect_once,False,9,1,-0.37,0.06820372492074966,0.0598963126540184
132,131,severe,inspect_once,False,17,1,-0.45000000000000007,0.06840405613183975,0.04382716864347458
133,132,severe,inspect_once,False,13,1,-0.41000000000000003,0.10745646059513092,0.037030093371868134
134,133,severe,inspect_once,False,20,1,-0.4800000000000001,0.06118685007095337,0.021589990705251694
135,134,severe,inspect_once,False,17,1,-0.45000000000000007,0.08734506368637085,0.034511979669332504
136,135,severe,inspect_once,False,13,1,-0.41000000000000003,0.10737379640340805,0.05333494767546654
137,136,severe,inspect_once,True,5,1,0.9199999999999999,0.03158114105463028,0.05350023880600929
138,137,severe,inspect_once,False,14,1,-0.42000000000000004,0.10142100602388382,0.051202598959207535
139,138,severe,inspect_once,False,16,1,-0.44000000000000006,0.09310354292392731,0.05098417401313782
140,139,severe,inspect_once,True,14,1,0.83,0.033304363489151,0.023124774917960167
141,140,severe,inspect_once,False,15,1,-0.43000000000000005,0.09487921744585037,0.016956860199570656
142,141,severe,inspect_once,False,19,1,-0.4700000000000001,0.08778811246156693,0.044097717851400375
143,142,severe,inspect_once,True,4,1,0.9299999999999999,0.04273098707199097,0.03729118034243584
144,143,severe,inspect_once,False,17,1,-0.45000000000000007,0.09219241887331009,0.0247691348195076
145,144,severe,inspect_once,True,14,1,0.83,0.01710626110434532,0.022477587684988976
146,145,severe,inspect_once,True,12,1,0.85,0.033744536340236664,0.012566846795380116
147,146,severe,inspect_once,True,15,1,0.82,0.04976391792297363,0.058022674173116684
148,147,severe,inspect_once,True,20,1,0.7699999999999999,0.05971900746226311,0.052440494298934937
149,148,severe,inspect_once,False,14,1,-0.42000000000000004,0.07859034836292267,0.026921771466732025
150,149,severe,inspect_once,False,5,1,-0.33,0.10636639595031738,0.051081232726573944
151,150,severe,inspect_once,False,13,1,-0.41000000000000003,0.15713301301002502,0.052554864436388016
152,151,severe,inspect_once,False,11,1,-0.39,0.1024644747376442,0.020430846139788628
153,152,severe,inspect_once,False,7,1,-0.35,0.06771022081375122,0.05577017366886139
154,153,severe,inspect_once,False,17,1,-0.45000000000000007,0.08905080705881119,0.05198110640048981
155,154,severe,inspect_once,True,15,1,0.82,0.05400954931974411,0.028407013043761253
156,155,severe,inspect_once,False,14,1,-0.42000000000000004,0.16880786418914795,0.010817078873515129
157,156,severe,inspect_once,True,4,1,0.9299999999999999,0.05663532391190529,0.05462976545095444
158,157,severe,inspect_once,True,15,1,0.82,0.05042952299118042,0.027125846594572067
159,158,severe,inspect_once,False,19,1,-0.4700000000000001,0.18109408020973206,0.03884406015276909
160,159,severe,inspect_once,True,18,1,0.7899999999999999,0.04185615852475166,0.010100800544023514
161,160,severe,inspect_once,False,12,1,-0.4,0.15653206408023834,0.05417332425713539
162,161,severe,inspect_once,False,13,1,-0.41000000000000003,0.12530817091464996,0.05702656880021095
163,162,severe,inspect_once,True,7,1,0.9,0.01903400383889675,0.02883998304605484
164,163,severe,inspect_once,False,16,1,-0.44000000000000006,0.08301056921482086,0.03674999997019768
165,164,severe,inspect_once,False,7,1,-0.35,0.08097093552350998,0.022769097238779068
166,165,severe,inspect_once,False,14,1,-0.42000000000000004,0.06300361454486847,0.011489644646644592
167,166,severe,inspect_once,True,13,1,0.84,0.04321528598666191,0.03179604560136795
168,167,severe,inspect_once,True,12,1,0.85,0.03819926828145981,0.015939990058541298
169,168,severe,inspect_once,True,7,1,0.9,0.008143776096403599,0.04649244248867035
170,169,severe,inspect_once,True,16,1,0.8099999999999999,0.004082588944584131,0.028192028403282166
171,170,severe,inspect_once,True,21,1,0.7599999999999999,0.051148977130651474,0.04492923989892006
172,171,severe,inspect_once,False,14,1,-0.42000000000000004,0.0636950358748436,0.027308445423841476
173,172,severe,inspect_once,False,15,1,-0.43000000000000005,0.11305619776248932,0.04180881381034851
174,173,severe,inspect_once,False,9,1,-0.37,0.08910880237817764,0.048632245510816574
175,174,severe,inspect_once,False,19,1,-0.4700000000000001,0.09907428175210953,0.021984396502375603
176,175,severe,inspect_once,False,16,1,-0.44000000000000006,0.11050239205360413,0.02012052945792675
177,176,severe,inspect_once,False,14,1,-0.42000000000000004,0.16198505461215973,0.05687955766916275
178,177,severe,inspect_once,True,11,1,0.86,0.03858112171292305,0.055639225989580154
179,178,severe,inspect_once,False,13,1,-0.41000000000000003,0.06332831084728241,0.055443327873945236
180,179,severe,inspect_once,False,20,1,-0.4800000000000001,0.11001941561698914,0.046833112835884094
181,180,severe,inspect_once,False,14,1,-0.42000000000000004,0.08874598145484924,0.04797441512346268
182,181,severe,inspect_once,True,17,1,0.7999999999999999,0.038663171231746674,0.028540486469864845
183,182,severe,inspect_once,True,8,1,0.89,0.04844886064529419,0.035618674010038376
184,183,severe,inspect_once,False,20,1,-0.4800000000000001,0.10796196013689041,0.010149390436708927
185,184,severe,inspect_once,True,12,1,0.85,0.03797544911503792,0.057640522718429565
186,185,severe,inspect_once,False,10,1,-0.38,0.08370019495487213,0.03553759679198265
187,186,severe,inspect_once,False,14,1,-0.42000000000000004,0.08002481609582901,0.05518568307161331
188,187,severe,inspect_once,False,8,1,-0.36,0.08072930574417114,0.05906301736831665
189,188,severe,inspect_once,False,13,1,-0.41000000000000003,0.08086762577295303,0.05119282007217407
190,189,severe,inspect_once,False,9,1,-0.37,0.07025604695081711,0.05148239806294441
191,190,severe,inspect_once,False,9,1,-0.37,0.0883585587143898,0.02786380611360073
192,191,severe,inspect_once,False,20,1,-0.4800000000000001,0.08424778282642365,0.0511181503534317
193,192,severe,inspect_once,False,17,1,-0.45000000000000007,0.06541300565004349,0.025639692321419716
194,193,severe,inspect_once,True,11,1,0.86,0.05304056406021118,0.018443826586008072
195,194,severe,inspect_once,False,22,1,-0.5000000000000001,0.0736723393201828,0.018088284879922867
196,195,severe,inspect_once,True,5,1,0.9199999999999999,0.023980040103197098,0.02183379791676998
197,196,severe,inspect_once,False,15,1,-0.43000000000000005,0.11144953221082687,0.03290317580103874
198,197,severe,inspect_once,True,20,1,0.7699999999999999,0.03456883504986763,0.04913882911205292
199,198,severe,inspect_once,True,19,1,0.7799999999999999,0.023732101544737816,0.04167694225907326
200,199,severe,inspect_once,True,15,1,0.82,0.05754360184073448,0.010277318768203259
201,200,severe,inspect_once,True,17,1,0.7999999999999999,0.0375521257519722,0.018901174888014793
202,201,severe,inspect_once,True,20,1,0.7699999999999999,0.051898207515478134,0.03917985409498215
203,202,severe,inspect_once,False,11,1,-0.39,0.08670921623706818,0.045164529234170914
204,203,severe,inspect_once,False,15,1,-0.43000000000000005,0.11866039037704468,0.031949564814567566
205,204,severe,inspect_once,True,16,1,0.8099999999999999,0.05709242820739746,0.018156610429286957
206,205,severe,inspect_once,True,16,1,0.8099999999999999,0.019058579578995705,0.03583305701613426
207,206,severe,inspect_once,False,15,1,-0.43000000000000005,0.07974042743444443,0.05976106971502304
208,207,severe,inspect_once,True,11,1,0.86,0.05986620858311653,0.025362709537148476
209,208,severe,inspect_once,False,18,1,-0.4600000000000001,0.09097141772508621,0.04956699535250664
210,209,severe,inspect_once,False,10,1,-0.38,0.13375447690486908,0.02267235703766346
211,210,severe,inspect_once,True,17,1,0.7999999999999999,0.03724924474954605,0.030078260228037834
212,211,severe,inspect_once,False,10,1,-0.38,0.11518364399671555,0.05413740500807762
213,212,severe,inspect_once,True,13,1,0.84,0.046486835926771164,0.014483053237199783
214,213,severe,inspect_once,False,15,1,-0.43000000000000005,0.11369241774082184,0.033191148191690445
215,214,severe,inspect_once,True,9,1,0.88,0.03953167051076889,0.03899545595049858
216,215,severe,inspect_once,False,14,1,-0.42000000000000004,0.12991344928741455,0.033740267157554626
217,216,severe,inspect_once,False,19,1,-0.4700000000000001,0.08787522464990616,0.02209371328353882
218,217,severe,inspect_once,True,20,1,0.7699999999999999,0.05417856574058533,0.02936944179236889
219,218,severe,inspect_once,True,19,1,0.7799999999999999,0.025803178548812866,0.02839355543255806
220,219,severe,inspect_once,False,12,1,-0.4,0.09036517888307571,0.026062289252877235
221,220,severe,inspect_once,True,17,1,0.7999999999999999,0.055316802114248276,0.03759048506617546
222,221,severe,inspect_once,True,11,1,0.86,0.027102509513497353,0.029689695686101913
223,222,severe,inspect_once,True,14,1,0.83,0.03241116926074028,0.01371854916214943
224,223,severe,inspect_once,True,17,1,0.7999999999999999,0.0058826724998652935,0.04738527908921242
225,224,severe,inspect_once,True,11,1,0.86,0.03885812312364578,0.05596289783716202
226,225,severe,inspect_once,True,13,1,0.84,0.044938161969184875,0.0457812063395977
227,226,severe,inspect_once,False,17,1,-0.45000000000000007,0.09888037294149399,0.05106840282678604
228,227,severe,inspect_once,False,12,1,-0.4,0.10890588909387589,0.038447607308626175
229,228,severe,inspect_once,False,16,1,-0.44000000000000006,0.07163096964359283,0.034359827637672424
230,229,severe,inspect_once,True,22,1,0.7499999999999999,0.05834798887372017,0.043146226555109024
231,230,severe,inspect_once,False,9,1,-0.37,0.06663426011800766,0.023408176377415657
232,231,severe,inspect_once,False,16,1,-0.44000000000000006,0.08930745720863342,0.04431965574622154
233,232,severe,inspect_once,False,14,1,-0.42000000000000004,0.12304636836051941,0.04033803567290306
234,233,severe,inspect_once,True,12,1,0.85,0.04157388582825661,0.015164396725594997
235,234,severe,inspect_once,True,16,1,0.8099999999999999,0.012861222960054874,0.013988228514790535
236,235,severe,inspect_once,False,9,1,-0.37,0.09790918231010437,0.05727148428559303
237,236,severe,inspect_once,False,14,1,-0.42000000000000004,0.10276317596435547,0.04664839059114456
238,237,severe,inspect_once,True,10,1,0.87,0.0527556911110878,0.058017149567604065
239,238,severe,inspect_once,False,15,1,-0.43000000000000005,0.10128019750118256,0.025407496839761734
240,239,severe,inspect_once,True,6,1,0.91,0.029034379869699478,0.026338651776313782
241,240,severe,inspect_once,False,11,1,-0.39,0.07226720452308655,0.05309823155403137
242,241,severe,inspect_once,False,8,1,-0.36,0.06231352314352989,0.041364219039678574
243,242,severe,inspect_once,False,15,1,-0.43000000000000005,0.10381526499986649,0.018497521057724953
244,243,severe,inspect_once,True,18,1,0.7899999999999999,0.03450924903154373,0.04811383783817291
245,244,severe,inspect_once,True,10,1,0.87,0.048418134450912476,0.01643087901175022
246,245,severe,inspect_once,False,11,1,-0.39,0.09310533106327057,0.014141829684376717
247,246,severe,inspect_once,False,8,1,-0.36,0.06259939819574356,0.02956555038690567
248,247,severe,inspect_once,True,19,1,0.7799999999999999,0.03960152342915535,0.020757056772708893
249,248,severe,inspect_once,True,18,1,0.7899999999999999,0.05346166342496872,0.01071135699748993
250,249,severe,inspect_once,True,22,1,0.7499999999999999,0.052188530564308167,0.059700075536966324
251,250,severe,inspect_once,True,13,1,0.84,0.0067276195622980595,0.04250073805451393
252,251,severe,inspect_once,True,18,1,0.7899999999999999,0.036493200808763504,0.026045672595500946
253,252,severe,inspect_once,True,14,1,0.83,0.040236882865428925,0.018070479854941368
254,253,severe,inspect_once,False,11,1,-0.39,0.09651371091604233,0.03684985265135765
255,254,severe,inspect_once,False,11,1,-0.39,0.10124246031045914,0.0297336857765913
256,255,severe,inspect_once,True,17,1,0.7999999999999999,0.023873426020145416,0.02261718548834324
257,256,severe,inspect_once,False,19,1,-0.4700000000000001,0.07976111769676208,0.01446137297898531
258,257,severe,inspect_once,False,20,1,-0.4800000000000001,0.08268696069717407,0.019040022045373917
259,258,severe,inspect_once,True,16,1,0.8099999999999999,0.033842746168375015,0.016799433156847954
260,259,severe,inspect_once,False,13,1,-0.41000000000000003,0.08463303744792938,0.011755752377212048
261,260,severe,inspect_once,True,19,1,0.7799999999999999,0.05046151205897331,0.036994099617004395
262,261,severe,inspect_once,True,12,1,0.85,0.033983971923589706,0.0416189506649971
263,262,severe,inspect_once,True,17,1,0.7999999999999999,0.042135629802942276,0.05502208322286606
264,263,severe,inspect_once,True,8,1,0.89,0.016503561288118362,0.03721379488706589
265,264,severe,inspect_once,True,12,1,0.85,0.011820413172245026,0.016585852950811386
266,265,severe,inspect_once,True,8,1,0.89,0.01445285975933075,0.047327376902103424
267,266,severe,inspect_once,False,9,1,-0.37,0.07092863321304321,0.021431252360343933
268,267,severe,inspect_once,True,13,1,0.84,0.01983681321144104,0.018238214775919914
269,268,severe,inspect_once,True,18,1,0.7899999999999999,0.04448254406452179,0.05277254432439804
270,269,severe,inspect_once,False,13,1,-0.41000000000000003,0.10336263477802277,0.040658026933670044
271,270,severe,inspect_once,False,15,1,-0.43000000000000005,0.06419148296117783,0.03275608643889427
272,271,severe,inspect_once,False,18,1,-0.4600000000000001,0.0826244205236435,0.054061759263277054
273,272,severe,inspect_once,False,10,1,-0.38,0.07504207640886307,0.055359695106744766
274,273,severe,inspect_once,False,14,1,-0.42000000000000004,0.09598308801651001,0.05758941173553467
275,274,severe,inspect_once,True,17,1,0.7999999999999999,0.01986212655901909,0.028632845729589462
276,275,severe,inspect_once,True,20,1,0.7699999999999999,0.031747378408908844,0.015704277902841568
277,276,severe,inspect_once,True,14,1,0.83,0.04281739890575409,0.020267104730010033
278,277,severe,inspect_once,False,9,1,-0.37,0.13008816540241241,0.04391283541917801
279,278,severe,inspect_once,True,13,1,0.84,0.0370732843875885,0.012407355941832066
280,279,severe,inspect_once,False,13,1,-0.41000000000000003,0.10880731046199799,0.040162522345781326
281,280,severe,inspect_once,False,19,1,-0.4700000000000001,0.08445487171411514,0.05206768959760666
282,281,severe,inspect_once,True,18,1,0.7899999999999999,0.04472755640745163,0.0362049862742424
283,282,severe,inspect_once,False,10,1,-0.38,0.11842816323041916,0.053926676511764526
284,283,severe,inspect_once,True,14,1,0.83,0.035618092864751816,0.03845081105828285
285,284,severe,inspect_once,True,13,1,0.84,0.0549229271709919,0.015279618091881275
286,285,severe,inspect_once,False,5,1,-0.33,0.0879550576210022,0.0590384341776371
287,286,severe,inspect_once,False,17,1,-0.45000000000000007,0.08708882331848145,0.030528321862220764
288,287,severe,inspect_once,True,19,1,0.7799999999999999,0.02838665246963501,0.05185478925704956
289,288,severe,inspect_once,False,16,1,-0.44000000000000006,0.08035968989133835,0.04303029924631119
290,289,severe,inspect_once,False,14,1,-0.42000000000000004,0.07812551409006119,0.05589067563414574
291,290,severe,inspect_once,True,10,1,0.87,0.02509595826268196,0.019839581102132797
292,291,severe,inspect_once,True,11,1,0.86,0.0398341566324234,0.012594971805810928
293,292,severe,inspect_once,True,17,1,0.7999999999999999,0.03491045907139778,0.034505125135183334
294,293,severe,inspect_once,False,17,1,-0.45000000000000007,0.0839683935046196,0.05930503085255623
295,294,severe,inspect_once,False,15,1,-0.43000000000000005,0.07675936073064804,0.02175281196832657
296,295,severe,inspect_once,False,6,1,-0.34,0.061028093099594116,0.015318363904953003
297,296,severe,inspect_once,True,15,1,0.82,0.008471930399537086,0.013787508010864258
298,297,severe,inspect_once,True,7,1,0.9,0.02447539195418358,0.025806160643696785
299,298,severe,inspect_once,True,14,1,0.83,0.0571882538497448,0.03301145136356354
300,299,severe,inspect_once,True,14,1,0.83,0.03378692641854286,0.02753106877207756
301,300,severe,inspect_once,False,14,1,-0.42000000000000004,0.08532781153917313,0.05635685473680496
302,301,severe,inspect_once,False,8,1,-0.36,0.11020439118146896,0.042260896414518356
303,302,severe,inspect_once,False,18,1,-0.4600000000000001,0.07425624877214432,0.043541859835386276
304,303,severe,inspect_once,False,10,1,-0.38,0.06183556839823723,0.05448482930660248
305,304,severe,inspect_once,False,17,1,-0.45000000000000007,0.06123052537441254,0.025722192600369453
306,305,severe,inspect_once,False,16,1,-0.44000000000000006,0.0987735465168953,0.03955592215061188
307,306,severe,inspect_once,False,7,1,-0.35,0.11937770247459412,0.02712137997150421
308,307,severe,inspect_once,False,14,1,-0.42000000000000004,0.1178879588842392,0.03707394376397133
309,308,severe,inspect_once,True,15,1,0.82,0.043628230690956116,0.05798336863517761
310,309,severe,inspect_once,False,4,1,-0.32,0.1452941596508026,0.03321503847837448
311,310,severe,inspect_once,True,19,1,0.7799999999999999,0.03120611049234867,0.02678944356739521
312,311,severe,inspect_once,False,10,1,-0.38,0.07082412391901016,0.03601241856813431
313,312,severe,inspect_once,False,11,1,-0.39,0.08124121278524399,0.05937677249312401
314,313,severe,inspect_once,False,11,1,-0.39,0.1766303926706314,0.05523647740483284
315,314,severe,inspect_once,True,19,1,0.7799999999999999,0.0382346510887146,0.04824307560920715
316,315,severe,inspect_once,False,21,1,-0.4900000000000001,0.06674439460039139,0.027782544493675232
317,316,severe,inspect_once,True,18,1,0.7899999999999999,0.048389699310064316,0.017445148900151253
318,317,severe,inspect_once,False,17,1,-0.45000000000000007,0.06518194824457169,0.022380191832780838
319,318,severe,inspect_once,False,22,1,-0.5000000000000001,0.07174559682607651,0.019708886742591858
320,319,severe,inspect_once,False,17,1,-0.45000000000000007,0.11288534849882126,0.012023033574223518
321,320,severe,inspect_once,True,18,1,0.7899999999999999,0.045598749071359634,0.04773779585957527
322,321,severe,inspect_once,True,18,1,0.7899999999999999,0.0568382553756237,0.037404850125312805
323,322,severe,inspect_once,False,9,1,-0.37,0.11692128330469131,0.015546869486570358
324,323,severe,inspect_once,False,15,1,-0.43000000000000005,0.06196645647287369,0.02385108359158039
325,324,severe,inspect_once,False,13,1,-0.41000000000000003,0.104823999106884,0.05005132779479027
326,325,severe,inspect_once,False,11,1,-0.39,0.09590089321136475,0.014300348237156868
327,326,severe,inspect_once,False,9,1,-0.37,0.0822044312953949,0.05130710452795029
328,327,severe,inspect_once,False,12,1,-0.4,0.06010564789175987,0.03658237308263779
329,328,severe,inspect_once,True,18,1,0.7899999999999999,0.033262304961681366,0.022023476660251617
330,329,severe,inspect_once,False,6,1,-0.34,0.12373195588588715,0.04154246672987938
331,330,severe,inspect_once,True,23,1,0.74,0.03523536026477814,0.016494670882821083
332,331,severe,inspect_once,False,8,1,-0.36,0.10970808565616608,0.032760072499513626
333,332,severe,inspect_once,True,13,1,0.84,0.052320435643196106,0.010453649796545506
334,333,severe,inspect_once,True,21,1,0.7599999999999999,0.014312759973108768,0.015346967615187168
335,334,severe,inspect_once,False,10,1,-0.38,0.09477549046278,0.02595677599310875
336,335,severe,inspect_once,False,11,1,-0.39,0.08481397479772568,0.015344399027526379
337,336,severe,inspect_once,False,16,1,-0.44000000000000006,0.06496276706457138,0.021469280123710632
338,337,severe,inspect_once,False,8,1,-0.36,0.1014086902141571,0.03532060980796814
339,338,severe,inspect_once,False,19,1,-0.4700000000000001,0.09177123755216599,0.033844586461782455
340,339,severe,inspect_once,False,16,1,-0.44000000000000006,0.07357581704854965,0.030303658917546272
341,340,severe,inspect_once,False,15,1,-0.43000000000000005,0.1211884394288063,0.0537131130695343
342,341,severe,inspect_once,True,15,1,0.82,0.03227376192808151,0.037347014993429184
343,342,severe,inspect_once,False,13,1,-0.41000000000000003,0.12260065972805023,0.024676550179719925
344,343,severe,inspect_once,False,13,1,-0.41000000000000003,0.06399962306022644,0.0161143708974123
345,344,severe,inspect_once,False,14,1,-0.42000000000000004,0.0632442906498909,0.052636053413152695
346,345,severe,inspect_once,False,13,1,-0.41000000000000003,0.0782114714384079,0.02157624065876007
347,346,severe,inspect_once,True,12,1,0.85,0.04176541790366173,0.05647427588701248
348,347,severe,inspect_once,False,11,1,-0.39,0.08443182706832886,0.04482573643326759
349,348,severe,inspect_once,False,12,1,-0.4,0.12086216360330582,0.036859579384326935
350,349,severe,inspect_once,True,12,1,0.85,0.048565372824668884,0.046128928661346436
351,350,severe,inspect_once,True,18,1,0.7899999999999999,0.03272440657019615,0.05165371298789978
352,351,severe,inspect_once,False,13,1,-0.41000000000000003,0.11004309356212616,0.038181982934474945
353,352,severe,inspect_once,False,11,1,-0.39,0.0899972915649414,0.028305312618613243
354,353,severe,inspect_once,False,12,1,-0.4,0.12814214825630188,0.020892558619379997
355,354,severe,inspect_once,False,10,1,-0.38,0.1126212477684021,0.042380526661872864
356,355,severe,inspect_once,True,14,1,0.83,0.04224960878491402,0.02046509087085724
357,356,severe,inspect_once,False,9,1,-0.37,0.06181132048368454,0.028801359236240387
358,357,severe,inspect_once,False,9,1,-0.37,0.11798067390918732,0.05090976506471634
359,358,severe,inspect_once,True,14,1,0.83,0.04148898273706436,0.03527199849486351
360,359,severe,inspect_once,False,13,1,-0.41000000000000003,0.11363915354013443,0.05802588909864426
361,360,severe,inspect_once,False,20,1,-0.4800000000000001,0.07670629769563675,0.02030685730278492
362,361,severe,inspect_once,False,9,1,-0.37,0.15875911712646484,0.045912619680166245
363,362,severe,inspect_once,True,11,1,0.86,0.03889676555991173,0.05139242485165596
364,363,severe,inspect_once,False,20,1,-0.4800000000000001,0.09098637849092484,0.04742572456598282
365,364,severe,inspect_once,True,13,1,0.84,0.019563108682632446,0.03070942312479019
366,365,severe,inspect_once,False,17,1,-0.45000000000000007,0.07601909339427948,0.03351423889398575
367,366,severe,inspect_once,True,12,1,0.85,0.03652060404419899,0.018186336383223534
368,367,severe,inspect_once,False,18,1,-0.4600000000000001,0.11211073398590088,0.03252595290541649
369,368,severe,inspect_once,True,12,1,0.85,0.043293584138154984,0.020697016268968582
370,369,severe,inspect_once,True,15,1,0.82,0.03605256974697113,0.05173470452427864
371,370,severe,inspect_once,False,18,1,-0.4600000000000001,0.09399853646755219,0.045520007610321045
372,371,severe,inspect_once,False,16,1,-0.44000000000000006,0.06481426954269409,0.0591588020324707
373,372,severe,inspect_once,False,18,1,-0.4600000000000001,0.06721998751163483,0.01101020909845829
374,373,severe,inspect_once,False,16,1,-0.44000000000000006,0.13271930813789368,0.03177240118384361
375,374,severe,inspect_once,False,12,1,-0.4,0.07112403213977814,0.01782098039984703
376,375,severe,inspect_once,True,21,1,0.7599999999999999,0.041261084377765656,0.03763193264603615
377,376,severe,inspect_once,False,16,1,-0.44000000000000006,0.0832064300775528,0.018929466605186462
378,377,severe,inspect_once,False,8,1,-0.36,0.10756774246692657,0.05591185390949249
379,378,severe,inspect_once,False,12,1,-0.4,0.07322587817907333,0.033295419067144394
380,379,severe,inspect_once,False,13,1,-0.41000000000000003,0.11734437197446823,0.04384181648492813
381,380,severe,inspect_once,False,5,1,-0.33,0.06448916345834732,0.022716667503118515
382,381,severe,inspect_once,True,22,1,0.7499999999999999,0.05994705110788345,0.019153792411088943
383,382,severe,inspect_once,True,11,1,0.86,0.03588942438364029,0.04542398825287819
384,383,severe,inspect_once,False,14,1,-0.42000000000000004,0.0766841247677803,0.04741785302758217
385,384,severe,inspect_once,False,17,1,-0.45000000000000007,0.06882693618535995,0.02398715727031231
386,385,severe,inspect_once,False,11,1,-0.39,0.08830710500478745,0.046530257910490036
387,386,severe,inspect_once,True,9,1,0.88,0.037490516901016235,0.03906461223959923
388,387,severe,inspect_once,True,11,1,0.86,0.05253664404153824,0.023328356444835663
389,388,severe,inspect_once,False,14,1,-0.42000000000000004,0.0815257579088211,0.03862650319933891
390,389,severe,inspect_once,True,11,1,0.86,0.05092627555131912,0.037023335695266724
391,390,severe,inspect_once,True,18,1,0.7899999999999999,0.05523453280329704,0.012271866202354431
392,391,severe,inspect_once,True,15,1,0.82,0.05768916755914688,0.021510398015379906
393,392,severe,inspect_once,True,11,1,0.86,0.044296443462371826,0.04053458198904991
394,393,severe,inspect_once,False,8,1,-0.36,0.10524483025074005,0.03977499529719353
395,394,severe,inspect_once,True,15,1,0.82,0.03568222373723984,0.04127957299351692
396,395,severe,inspect_once,True,12,1,0.85,0.046005140990018845,0.04623306915163994
397,396,severe,inspect_once,True,9,1,0.88,0.03249277547001839,0.04087032750248909
398,397,severe,inspect_once,True,16,1,0.8099999999999999,0.024632716551423073,0.055653296411037445
399,398,severe,inspect_once,False,15,1,-0.43000000000000005,0.07852304726839066,0.05300130695104599
400,399,severe,inspect_once,False,17,1,-0.45000000000000007,0.10977131873369217,0.04397420212626457
401,400,severe,inspect_once,False,11,1,-0.39,0.08220089972019196,0.02580053173005581
402,401,severe,inspect_once,False,13,1,-0.41000000000000003,0.095319002866745,0.014573449268937111
403,402,severe,inspect_once,False,15,1,-0.43000000000000005,0.12045064568519592,0.04898819327354431
404,403,severe,inspect_once,True,17,1,0.7999999999999999,0.03931121900677681,0.026760263368487358
405,404,severe,inspect_once,True,10,1,0.87,0.052066221833229065,0.058529309928417206
406,405,severe,inspect_once,False,13,1,-0.41000000000000003,0.15411140024662018,0.05425627902150154
407,406,severe,inspect_once,False,5,1,-0.33,0.08342918753623962,0.03709258511662483
408,407,severe,inspect_once,True,7,1,0.9,0.04550347849726677,0.05129557475447655
409,408,severe,inspect_once,True,12,1,0.85,0.05726535990834236,0.058269910514354706
410,409,severe,inspect_once,False,9,1,-0.37,0.07276112586259842,0.051306385546922684
411,410,severe,inspect_once,False,16,1,-0.44000000000000006,0.08491939306259155,0.024015627801418304
412,411,severe,inspect_once,True,16,1,0.8099999999999999,0.011016333475708961,0.038108941167593
413,412,severe,inspect_once,False,14,1,-0.42000000000000004,0.07363644242286682,0.046809691935777664
414,413,severe,inspect_once,False,11,1,-0.39,0.10556238144636154,0.018456360325217247
415,414,severe,inspect_once,True,14,1,0.83,0.040675073862075806,0.05931773781776428
416,415,severe,inspect_once,False,16,1,-0.44000000000000006,0.11767996102571487,0.038943901658058167
417,416,severe,inspect_once,True,9,1,0.88,0.04531751573085785,0.053332846611738205
418,417,severe,inspect_once,False,17,1,-0.45000000000000007,0.11423841863870621,0.05574210733175278
419,418,severe,inspect_once,True,17,1,0.7999999999999999,0.043103981763124466,0.027125155553221703
420,419,severe,inspect_once,True,21,1,0.7599999999999999,0.037871625274419785,0.043959036469459534
421,420,severe,inspect_once,True,20,1,0.7699999999999999,0.02945655584335327,0.039324723184108734
422,421,severe,inspect_once,True,7,1,0.9,0.04159827530384064,0.027030788362026215
423,422,severe,inspect_once,True,16,1,0.8099999999999999,0.04291761294007301,0.04640192165970802
424,423,severe,inspect_once,True,15,1,0.82,0.025430088862776756,0.05377637967467308
425,424,severe,inspect_once,True,14,1,0.83,0.03686819598078728,0.022815102711319923
426,425,severe,inspect_once,False,6,1,-0.34,0.06116624176502228,0.01577170006930828
427,426,severe,inspect_once,True,11,1,0.86,0.010283729061484337,0.013498034328222275
428,427,severe,inspect_once,False,17,1,-0.45000000000000007,0.11715548485517502,0.011328273452818394
429,428,severe,inspect_once,False,13,1,-0.41000000000000003,0.13375991582870483,0.052023302763700485
430,429,severe,inspect_once,True,11,1,0.86,0.03910600766539574,0.04679683595895767
431,430,severe,inspect_once,False,16,1,-0.44000000000000006,0.09450578689575195,0.024352360516786575
432,431,severe,inspect_once,False,14,1,-0.42000000000000004,0.06306158006191254,0.020687365904450417
433,432,severe,inspect_once,True,15,1,0.82,0.04609013721346855,0.023216379806399345
434,433,severe,inspect_once,False,12,1,-0.4,0.06635915488004684,0.029182404279708862
435,434,severe,inspect_once,True,14,1,0.83,0.04276526719331741,0.01423763856291771
436,435,severe,inspect_once,True,15,1,0.82,0.02448427863419056,0.02381180226802826
437,436,severe,inspect_once,False,9,1,-0.37,0.0848187506198883,0.01777116395533085
438,437,severe,inspect_once,False,15,1,-0.43000000000000005,0.11852602660655975,0.0547608956694603
439,438,severe,inspect_once,True,19,1,0.7799999999999999,0.052637871354818344,0.0466298870742321
440,439,severe,inspect_once,False,17,1,-0.45000000000000007,0.1304481029510498,0.04025255888700485
441,440,severe,inspect_once,False,16,1,-0.44000000000000006,0.08462370932102203,0.02249613218009472
442,441,severe,inspect_once,True,11,1,0.86,0.05973067879676819,0.03933205455541611
443,442,severe,inspect_once,True,17,1,0.7999999999999999,0.05204875022172928,0.03611425310373306
444,443,severe,inspect_once,True,10,1,0.87,0.03526231646537781,0.04578155651688576
445,444,severe,inspect_once,True,15,1,0.82,0.0288701131939888,0.02646084502339363
446,445,severe,inspect_once,False,11,1,-0.39,0.06475042551755905,0.021727584302425385
447,446,severe,inspect_once,False,18,1,-0.4600000000000001,0.09818108379840851,0.019550448283553123
448,447,severe,inspect_once,False,15,1,-0.43000000000000005,0.07454918324947357,0.052044522017240524
449,448,severe,inspect_once,False,4,1,-0.32,0.0639641061425209,0.04859313368797302
450,449,severe,inspect_once,True,15,1,0.82,0.043694768100976944,0.02083554118871689
451,450,severe,inspect_once,True,11,1,0.86,0.04938749596476555,0.020506439730525017
452,451,severe,inspect_once,False,8,1,-0.36,0.07947968691587448,0.04253604635596275
453,452,severe,inspect_once,False,15,1,-0.43000000000000005,0.08586521446704865,0.0213787741959095
454,453,severe,inspect_once,False,10,1,-0.38,0.06204938516020775,0.0480165034532547
455,454,severe,inspect_once,False,9,1,-0.37,0.07496178150177002,0.027928808704018593
456,455,severe,inspect_once,True,18,1,0.7899999999999999,0.02028542198240757,0.023186879232525826
457,456,severe,inspect_once,False,10,1,-0.38,0.15311656892299652,0.032472070306539536
458,457,severe,inspect_once,False,15,1,-0.43000000000000005,0.08882792294025421,0.019012566655874252
459,458,severe,inspect_once,False,14,1,-0.42000000000000004,0.06088792160153389,0.05895433947443962
460,459,severe,inspect_once,True,16,1,0.8099999999999999,0.03414999321103096,0.029343532398343086
461,460,severe,inspect_once,False,14,1,-0.42000000000000004,0.07758589833974838,0.05241493508219719
462,461,severe,inspect_once,False,16,1,-0.44000000000000006,0.0812901183962822,0.04833538085222244
463,462,severe,inspect_once,True,17,1,0.7999999999999999,0.03933943808078766,0.012344153597950935
464,463,severe,inspect_once,True,17,1,0.7999999999999999,0.02407021075487137,0.010988792404532433
465,464,severe,inspect_once,True,14,1,0.83,0.0338519848883152,0.039078813046216965
466,465,severe,inspect_once,False,14,1,-0.42000000000000004,0.09766320884227753,0.048166047781705856
467,466,severe,inspect_once,True,9,1,0.88,0.038862813264131546,0.056455615907907486
468,467,severe,inspect_once,False,15,1,-0.43000000000000005,0.07714048027992249,0.023676259443163872
469,468,severe,inspect_once,True,20,1,0.7699999999999999,0.020714545622467995,0.03866345062851906
470,469,severe,inspect_once,True,19,1,0.7799999999999999,0.021807992830872536,0.025936273857951164
471,470,severe,inspect_once,False,12,1,-0.4,0.11069463938474655,0.03334073722362518
472,471,severe,inspect_once,True,8,1,0.89,0.0477929450571537,0.051876164972782135
473,472,severe,inspect_once,True,13,1,0.84,0.031659405678510666,0.016803670674562454
474,473,severe,inspect_once,True,15,1,0.82,0.03380827605724335,0.015950601547956467
475,474,severe,inspect_once,False,14,1,-0.42000000000000004,0.10528618842363358,0.02839929610490799
476,475,severe,inspect_once,True,13,1,0.84,0.02451005019247532,0.0322854109108448
477,476,severe,inspect_once,False,8,1,-0.36,0.06561543047428131,0.025810323655605316
478,477,severe,inspect_once,False,18,1,-0.4600000000000001,0.07651584595441818,0.01783738099038601
479,478,severe,inspect_once,False,9,1,-0.37,0.11508230865001678,0.02726059779524803
480,479,severe,inspect_once,True,12,1,0.85,0.0278178583830595,0.043900564312934875
481,480,severe,inspect_once,False,18,1,-0.4600000000000001,0.07307016849517822,0.039987046271562576
482,481,severe,inspect_once,True,19,1,0.7799999999999999,0.03388821333646774,0.011449838057160378
483,482,severe,inspect_once,True,13,1,0.84,0.05300039425492287,0.025930602103471756
484,483,severe,inspect_once,False,6,1,-0.34,0.10228931158781052,0.015092444606125355
485,484,severe,inspect_once,False,15,1,-0.43000000000000005,0.08917875587940216,0.05736372619867325
486,485,severe,inspect_once,True,12,1,0.85,0.03429044038057327,0.057157374918460846
487,486,severe,inspect_once,True,21,1,0.7599999999999999,0.01643121801316738,0.03939292952418327
488,487,severe,inspect_once,False,11,1,-0.39,0.11214606463909149,0.013910630717873573
489,488,severe,inspect_once,False,3,1,-0.31,0.08140956610441208,0.01184059027582407
490,489,severe,inspect_once,True,18,1,0.7899999999999999,0.04537103697657585,0.01912490651011467
491,490,severe,inspect_once,True,10,1,0.87,0.024527402594685555,0.02274884656071663
492,491,severe,inspect_once,False,19,1,-0.4700000000000001,0.08322613686323166,0.027216458693146706
493,492,severe,inspect_once,False,18,1,-0.4600000000000001,0.12231414765119553,0.013238930143415928
494,493,severe,inspect_once,False,16,1,-0.44000000000000006,0.17733171582221985,0.05611884966492653
495,494,severe,inspect_once,True,20,1,0.7699999999999999,0.02115756645798683,0.059946030378341675
496,495,severe,inspect_once,True,17,1,0.7999999999999999,0.057026512920856476,0.02111603319644928
497,496,severe,inspect_once,False,16,1,-0.44000000000000006,0.08973643183708191,0.013627066276967525
498,497,severe,inspect_once,False,13,1,-0.41000000000000003,0.08765708655118942,0.05875585600733757
499,498,severe,inspect_once,False,21,1,-0.4900000000000001,0.0673041045665741,0.05208921059966087
500,499,severe,inspect_once,False,16,1,-0.44000000000000006,0.15190765261650085,0.05327737703919411
501,500,severe,inspect_once,False,17,1,-0.45000000000000007,0.12149272859096527,0.044031742960214615
502,501,severe,inspect_once,True,20,1,0.7699999999999999,0.006949347909539938,0.04628604277968407
503,502,severe,inspect_once,False,6,1,-0.34,0.14849317073822021,0.04053451493382454
504,503,severe,inspect_once,True,9,1,0.88,0.05571551248431206,0.042658768594264984
505,504,severe,inspect_once,True,4,1,0.9299999999999999,0.012557766400277615,0.012492288835346699
506,505,severe,inspect_once,True,18,1,0.7899999999999999,0.042933110147714615,0.0273892879486084
507,506,severe,inspect_once,True,10,1,0.87,0.019440820440649986,0.043246276676654816
508,507,severe,inspect_once,False,9,1,-0.37,0.07217244058847427,0.033244263380765915
509,508,severe,inspect_once,True,16,1,0.8099999999999999,0.03891148418188095,0.01629706472158432
510,509,severe,inspect_once,False,16,1,-0.44000000000000006,0.08141592144966125,0.015006519854068756
511,510,severe,inspect_once,True,13,1,0.84,0.030542531982064247,0.03162023797631264
512,511,severe,inspect_once,False,16,1,-0.44000000000000006,0.10009437799453735,0.03588886559009552
513,512,severe,inspect_once,False,16,1,-0.44000000000000006,0.0762195959687233,0.026981046423316002
514,513,severe,inspect_once,False,10,1,-0.38,0.061010200530290604,0.03557821363210678
515,514,severe,inspect_once,False,16,1,-0.44000000000000006,0.1448502540588379,0.025462960824370384
516,515,severe,inspect_once,False,13,1,-0.41000000000000003,0.09138739109039307,0.03016549162566662
517,516,severe,inspect_once,False,11,1,-0.39,0.081586554646492,0.04462974891066551
518,517,severe,inspect_once,False,14,1,-0.42000000000000004,0.10829544067382812,0.020612837746739388
519,518,severe,inspect_once,True,16,1,0.8099999999999999,0.044556647539138794,0.019851410761475563
520,519,severe,inspect_once,False,4,1,-0.32,0.07719704508781433,0.04485023021697998
521,520,severe,inspect_once,False,10,1,-0.38,0.0858825147151947,0.011404021643102169
522,521,severe,inspect_once,False,13,1,-0.41000000000000003,0.11300292611122131,0.04725942760705948
523,522,severe,inspect_once,False,13,1,-0.41000000000000003,0.17261172831058502,0.035710062831640244
524,523,severe,inspect_once,True,18,1,0.7899999999999999,0.05704835057258606,0.01011127233505249
525,524,severe,inspect_once,True,10,1,0.87,0.03568054735660553,0.04548438638448715
526,525,severe,inspect_once,False,12,1,-0.4,0.0750667080283165,0.05483739450573921
527,526,severe,inspect_once,False,6,1,-0.34,0.10066820681095123,0.03845909982919693
528,527,severe,inspect_once,True,13,1,0.84,0.01301224809139967,0.05026593804359436
529,528,severe,inspect_once,False,14,1,-0.42000000000000004,0.13063791394233704,0.017029663547873497
530,529,severe,inspect_once,False,9,1,-0.37,0.0748557597398758,0.039563048630952835
531,530,severe,inspect_once,False,10,1,-0.38,0.12149793654680252,0.01212109811604023
532,531,severe,inspect_once,True,20,1,0.7699999999999999,0.05321050062775612,0.013336915522813797
533,532,severe,inspect_once,True,6,1,0.91,0.03687749430537224,0.022041838616132736
534,533,severe,inspect_once,False,14,1,-0.42000000000000004,0.06611517816781998,0.03982214629650116
535,534,severe,inspect_once,True,17,1,0.7999999999999999,0.047023408114910126,0.042654454708099365
536,535,severe,inspect_once,False,16,1,-0.44000000000000006,0.13364623486995697,0.03648672252893448
537,536,severe,inspect_once,True,7,1,0.9,0.03896314278244972,0.0316205658018589
538,537,severe,inspect_once,True,17,1,0.7999999999999999,0.03840111196041107,0.031547367572784424
539,538,severe,inspect_once,False,16,1,-0.44000000000000006,0.1523541808128357,0.05147011950612068
540,539,severe,inspect_once,True,9,1,0.88,0.042550310492515564,0.025753075256943703
541,540,severe,inspect_once,True,8,1,0.89,0.05779748782515526,0.019642679020762444
542,541,severe,inspect_once,False,13,1,-0.41000000000000003,0.09897008538246155,0.03137652203440666
543,542,severe,inspect_once,True,21,1,0.7599999999999999,0.04989529401063919,0.03561478853225708
544,543,severe,inspect_once,False,13,1,-0.41000000000000003,0.10874297469854355,0.05127597600221634
545,544,severe,inspect_once,False,14,1,-0.42000000000000004,0.12574973702430725,0.01612713746726513
546,545,severe,inspect_once,False,13,1,-0.41000000000000003,0.10486248880624771,0.05511332303285599
547,546,severe,inspect_once,True,16,1,0.8099999999999999,0.052228234708309174,0.026208769530057907
548,547,severe,inspect_once,True,11,1,0.86,0.036314304918050766,0.01320208515971899
549,548,severe,inspect_once,True,12,1,0.85,0.023955726996064186,0.051837172359228134
550,549,severe,inspect_once,False,10,1,-0.38,0.11606737226247787,0.03350707143545151
551,550,severe,inspect_once,False,15,1,-0.43000000000000005,0.11254590004682541,0.034883614629507065
552,551,severe,inspect_once,True,16,1,0.8099999999999999,0.0523240827023983,0.04620588943362236
553,552,severe,inspect_once,True,7,1,0.9,0.03706269711256027,0.02483271062374115
554,553,severe,inspect_once,False,18,1,-0.4600000000000001,0.10225994139909744,0.04267985373735428
555,554,severe,inspect_once,True,18,1,0.7899999999999999,0.03821657598018646,0.047043681144714355
556,555,severe,inspect_once,False,4,1,-0.32,0.11571399867534637,0.02193300798535347
557,556,severe,inspect_once,True,13,1,0.84,0.03814221918582916,0.044707268476486206
558,557,severe,inspect_once,False,14,1,-0.42000000000000004,0.10321332514286041,0.01328667439520359
559,558,severe,inspect_once,False,11,1,-0.39,0.0830746591091156,0.049068618565797806
560,559,severe,inspect_once,False,16,1,-0.44000000000000006,0.15583458542823792,0.028598077595233917
561,560,severe,inspect_once,False,9,1,-0.37,0.06379888951778412,0.03521443158388138
562,561,severe,inspect_once,True,19,1,0.7799999999999999,0.037762053310871124,0.018483880907297134
563,562,severe,inspect_once,False,11,1,-0.39,0.09668375551700592,0.0535275936126709
564,563,severe,inspect_once,False,15,1,-0.43000000000000005,0.07429630309343338,0.04896927252411842
565,564,severe,inspect_once,True,15,1,0.82,0.026576455682516098,0.014011827297508717
566,565,severe,inspect_once,True,13,1,0.84,0.035638339817523956,0.049786560237407684
567,566,severe,inspect_once,True,20,1,0.7699999999999999,0.05912110581994057,0.03640271723270416
568,567,severe,inspect_once,True,17,1,0.7999999999999999,0.03319341689348221,0.011499949730932713
569,568,severe,inspect_once,False,19,1,-0.4700000000000001,0.06490106880664825,0.011365193873643875
570,569,severe,inspect_once,False,12,1,-0.4,0.14154912531375885,0.03307989612221718
571,570,severe,inspect_once,True,14,1,0.83,0.057904716581106186,0.03447122871875763
572,571,severe,inspect_once,False,14,1,-0.42000000000000004,0.08558489382266998,0.0439940020442009
573,572,severe,inspect_once,True,12,1,0.85,0.023730643093585968,0.0451553575694561
574,573,severe,inspect_once,True,16,1,0.8099999999999999,0.05476454272866249,0.029931621626019478
575,574,severe,inspect_once,True,17,1,0.7999999999999999,0.02953483723104,0.045235954225063324
576,575,severe,inspect_once,True,8,1,0.89,0.05874140188097954,0.046820271760225296
577,576,severe,inspect_once,True,19,1,0.7799999999999999,0.05031987652182579,0.03856426104903221
578,577,severe,inspect_once,False,11,1,-0.39,0.06208117678761482,0.04030884802341461
579,578,severe,inspect_once,True,9,1,0.88,0.013538883067667484,0.04466959461569786
580,579,severe,inspect_once,True,17,1,0.7999999999999999,0.024058612063527107,0.02794840931892395
581,580,severe,inspect_once,True,5,1,0.9199999999999999,0.006566989701241255,0.015160341747105122
582,581,severe,inspect_once,False,9,1,-0.37,0.11240449547767639,0.05820755288004875
583,582,severe,inspect_once,True,7,1,0.9,0.043608393520116806,0.05521739274263382
584,583,severe,inspect_once,False,8,1,-0.36,0.061754610389471054,0.017014576122164726
585,584,severe,inspect_once,True,19,1,0.7799999999999999,0.02258242480456829,0.021116070449352264
586,585,severe,inspect_once,False,16,1,-0.44000000000000006,0.0929344967007637,0.05597635358572006
587,586,severe,inspect_once,True,11,1,0.86,0.02941920980811119,0.0433930940926075
588,587,severe,inspect_once,False,5,1,-0.33,0.12394142150878906,0.03550129383802414
589,588,severe,inspect_once,True,24,1,0.73,0.0496622733771801,0.045858871191740036
590,589,severe,inspect_once,True,13,1,0.84,0.031830184161663055,0.04710373282432556
591,590,severe,inspect_once,True,14,1,0.83,0.032527510076761246,0.013708841986954212
592,591,severe,inspect_once,True,10,1,0.87,0.04910235106945038,0.017250200733542442
593,592,severe,inspect_once,True,4,1,0.9299999999999999,0.05955104902386665,0.048783592879772186
594,593,severe,inspect_once,False,20,1,-0.4800000000000001,0.11541589349508286,0.049351006746292114
595,594,severe,inspect_once,False,8,1,-0.36,0.14575634896755219,0.04814975708723068
596,595,severe,inspect_once,False,18,1,-0.4600000000000001,0.06279443204402924,0.03816080838441849
597,596,severe,inspect_once,False,15,1,-0.43000000000000005,0.08867387473583221,0.014271379448473454
598,597,severe,inspect_once,False,16,1,-0.44000000000000006,0.13352026045322418,0.0589558370411396
599,598,severe,inspect_once,False,21,1,-0.4900000000000001,0.11062734574079514,0.04676271602511406
600,599,severe,inspect_once,False,16,1,-0.44000000000000006,0.08907140791416168,0.023772260174155235
601,600,severe,inspect_once,False,4,1,-0.32,0.10982534289360046,0.01792769879102707
602,601,severe,inspect_once,False,14,1,-0.42000000000000004,0.08380605280399323,0.026162227615714073
603,602,severe,inspect_once,False,15,1,-0.43000000000000005,0.06489550322294235,0.05033804103732109
604,603,severe,inspect_once,False,8,1,-0.36,0.07004605978727341,0.03999364748597145
605,604,severe,inspect_once,True,6,1,0.91,0.043447110801935196,0.02067388780415058
606,605,severe,inspect_once,False,13,1,-0.41000000000000003,0.09550059586763382,0.04720188304781914
607,606,severe,inspect_once,True,19,1,0.7799999999999999,0.03370027244091034,0.01869027316570282
608,607,severe,inspect_once,False,17,1,-0.45000000000000007,0.08689370006322861,0.020614301785826683
609,608,severe,inspect_once,True,17,1,0.7999999999999999,0.017036564648151398,0.04882107302546501
610,609,severe,inspect_once,True,14,1,0.83,0.03753553703427315,0.01578628085553646
611,610,severe,inspect_once,True,11,1,0.86,0.01998620107769966,0.038623567670583725
612,611,severe,inspect_once,False,18,1,-0.4600000000000001,0.10143211483955383,0.019320392981171608
613,612,severe,inspect_once,True,8,1,0.89,0.011935257352888584,0.02602570876479149
614,613,severe,inspect_once,False,18,1,-0.4600000000000001,0.080502450466156,0.02458670176565647
615,614,severe,inspect_once,True,6,1,0.91,0.053795162588357925,0.016134869307279587
616,615,severe,inspect_once,True,17,1,0.7999999999999999,0.057364191859960556,0.01163548044860363
617,616,severe,inspect_once,True,17,1,0.7999999999999999,0.01692988909780979,0.030419737100601196
618,617,severe,inspect_once,False,5,1,-0.33,0.07220471650362015,0.014821314252912998
619,618,severe,inspect_once,True,15,1,0.82,0.05489327758550644,0.018300188705325127
620,619,severe,inspect_once,True,10,1,0.87,0.024400947615504265,0.04251556843519211
621,620,severe,inspect_once,True,17,1,0.7999999999999999,0.042764801532030106,0.03332160785794258
622,621,severe,inspect_once,True,14,1,0.83,0.034293901175260544,0.0336557999253273
623,622,severe,inspect_once,True,6,1,0.91,0.0035873823799192905,0.011425722390413284
624,623,severe,inspect_once,False,16,1,-0.44000000000000006,0.06836996227502823,0.01594206504523754
625,624,severe,inspect_once,True,4,1,0.9299999999999999,0.05939570441842079,0.057902153581380844
626,625,severe,inspect_once,False,12,1,-0.4,0.06832931190729141,0.024622734636068344
627,626,severe,inspect_once,True,17,1,0.7999999999999999,0.05271700397133827,0.054516758769750595
628,627,severe,inspect_once,True,10,1,0.87,0.038138195872306824,0.03793468326330185
629,628,severe,inspect_once,False,18,1,-0.4600000000000001,0.09297671914100647,0.042515259236097336
630,629,severe,inspect_once,False,16,1,-0.44000000000000006,0.07809264957904816,0.0469132661819458
631,630,severe,inspect_once,True,12,1,0.85,0.05368362367153168,0.014652119018137455
632,631,severe,inspect_once,True,16,1,0.8099999999999999,0.027027714997529984,0.019954219460487366
633,632,severe,inspect_once,True,11,1,0.86,0.045351628214120865,0.03072260320186615
634,633,severe,inspect_once,False,12,1,-0.4,0.10378403961658478,0.01433657668530941
635,634,severe,inspect_once,False,20,1,-0.4800000000000001,0.06739538908004761,0.03898559510707855
636,635,severe,inspect_once,False,15,1,-0.43000000000000005,0.10139980167150497,0.044770773500204086
637,636,severe,inspect_once,False,7,1,-0.35,0.08291739970445633,0.03642293065786362
638,637,severe,inspect_once,True,9,1,0.88,0.021301981061697006,0.028623156249523163
639,638,severe,inspect_once,False,12,1,-0.4,0.08789888024330139,0.048994261771440506
640,639,severe,inspect_once,True,20,1,0.7699999999999999,0.0471794493496418,0.024032769724726677
641,640,severe,inspect_once,False,12,1,-0.4,0.1288725733757019,0.05932428687810898
642,641,severe,inspect_once,False,15,1,-0.43000000000000005,0.08285286277532578,0.032938152551651
643,642,severe,inspect_once,True,15,1,0.82,0.04057632386684418,0.03269224613904953
644,643,severe,inspect_once,True,4,1,0.9299999999999999,0.03913874551653862,0.017604421824216843
645,644,severe,inspect_once,False,11,1,-0.39,0.12479657679796219,0.044192466884851456
646,645,severe,inspect_once,False,11,1,-0.39,0.09773130714893341,0.04947606846690178
647,646,severe,inspect_once,True,10,1,0.87,0.05907171592116356,0.031089624390006065
648,647,severe,inspect_once,False,9,1,-0.37,0.12571561336517334,0.0521853044629097
649,648,severe,inspect_once,False,12,1,-0.4,0.08681114763021469,0.011339607648551464
650,649,severe,inspect_once,False,17,1,-0.45000000000000007,0.08228182047605515,0.04196355864405632
651,650,severe,inspect_once,True,15,1,0.82,0.04996523633599281,0.028928063809871674
652,651,severe,inspect_once,False,15,1,-0.43000000000000005,0.0705069974064827,0.014558329246938229
653,652,severe,inspect_once,True,12,1,0.85,0.043679218739271164,0.010401377454400063
654,653,severe,inspect_once,True,13,1,0.84,0.03804102540016174,0.03634045645594597
655,654,severe,inspect_once,False,17,1,-0.45000000000000007,0.08320906013250351,0.04273821786046028
656,655,severe,inspect_once,False,6,1,-0.34,0.17835736274719238,0.05667789652943611
657,656,severe,inspect_once,False,13,1,-0.41000000000000003,0.07183320075273514,0.019482001662254333
658,657,severe,inspect_once,False,19,1,-0.4700000000000001,0.09009670466184616,0.014474248513579369
659,658,severe,inspect_once,False,4,1,-0.32,0.10020928829908371,0.057303912937641144
660,659,severe,inspect_once,False,5,1,-0.33,0.07397545129060745,0.04356646165251732
661,660,severe,inspect_once,False,15,1,-0.43000000000000005,0.10073442757129669,0.0425548255443573
662,661,severe,inspect_once,True,11,1,0.86,0.042699310928583145,0.03403227776288986
663,662,severe,inspect_once,False,5,1,-0.33,0.08810082077980042,0.037488408386707306
664,663,severe,inspect_once,True,5,1,0.9199999999999999,0.03478337451815605,0.05058968439698219
665,664,severe,inspect_once,False,15,1,-0.43000000000000005,0.15344126522541046,0.02826295793056488
666,665,severe,inspect_once,True,8,1,0.89,0.05771845579147339,0.05839002504944801
667,666,severe,inspect_once,False,18,1,-0.4600000000000001,0.08196073025465012,0.035280682146549225
668,667,severe,inspect_once,False,16,1,-0.44000000000000006,0.07057926803827286,0.01998891681432724
669,668,severe,inspect_once,False,12,1,-0.4,0.12507212162017822,0.03372154012322426
670,669,severe,inspect_once,True,4,1,0.9299999999999999,0.057359497994184494,0.03512032330036163
671,670,severe,inspect_once,True,9,1,0.88,0.05975356325507164,0.013075368478894234
672,671,severe,inspect_once,False,17,1,-0.45000000000000007,0.06627743691205978,0.028385786339640617
673,672,severe,inspect_once,False,13,1,-0.41000000000000003,0.13789276778697968,0.056703321635723114
674,673,severe,inspect_once,True,20,1,0.7699999999999999,0.04764882102608681,0.0373111218214035
675,674,severe,inspect_once,False,12,1,-0.4,0.15466493368148804,0.05377715080976486
676,675,severe,inspect_once,True,17,1,0.7999999999999999,0.02590610273182392,0.012123669497668743
677,676,severe,inspect_once,False,10,1,-0.38,0.06673598289489746,0.04251481220126152
678,677,severe,inspect_once,True,12,1,0.85,0.057764966040849686,0.027591746300458908
679,678,severe,inspect_once,False,13,1,-0.41000000000000003,0.13926497101783752,0.034202393144369125
680,679,severe,inspect_once,True,8,1,0.89,0.03538361191749573,0.03250349685549736
681,680,severe,inspect_once,False,5,1,-0.33,0.07498205453157425,0.018848884850740433
682,681,severe,inspect_once,False,10,1,-0.38,0.10271035134792328,0.042337194085121155
683,682,severe,inspect_once,False,13,1,-0.41000000000000003,0.09792113304138184,0.03847778961062431
684,683,severe,inspect_once,True,21,1,0.7599999999999999,0.03821955621242523,0.04687221348285675
685,684,severe,inspect_once,False,14,1,-0.42000000000000004,0.06516823172569275,0.0518573634326458
686,685,severe,inspect_once,False,14,1,-0.42000000000000004,0.09734384715557098,0.029447920620441437
687,686,severe,inspect_once,True,13,1,0.84,0.03699712082743645,0.03323742002248764
688,687,severe,inspect_once,False,14,1,-0.42000000000000004,0.08315732330083847,0.04310250282287598
689,688,severe,inspect_once,False,8,1,-0.36,0.1422765552997589,0.055545490235090256
690,689,severe,inspect_once,False,14,1,-0.42000000000000004,0.08168162405490875,0.022305110469460487
691,690,severe,inspect_once,False,20,1,-0.4800000000000001,0.12466857582330704,0.05495820939540863
692,691,severe,inspect_once,False,18,1,-0.4600000000000001,0.0782422423362732,0.013028912246227264
693,692,severe,inspect_once,True,5,1,0.9199999999999999,0.01817385107278824,0.05628301948308945
694,693,severe,inspect_once,False,14,1,-0.42000000000000004,0.1441744565963745,0.02665822207927704
695,694,severe,inspect_once,True,16,1,0.8099999999999999,0.04861417040228844,0.03593389689922333
696,695,severe,inspect_once,False,9,1,-0.37,0.07992035895586014,0.031150588765740395
697,696,severe,inspect_once,False,10,1,-0.38,0.08230888843536377,0.013628683052957058
698,697,severe,inspect_once,False,8,1,-0.36,0.06666000932455063,0.015287830494344234
699,698,severe,inspect_once,True,19,1,0.7799999999999999,0.0270457211881876,0.05119873583316803
700,699,severe,inspect_once,False,16,1,-0.44000000000000006,0.22183626890182495,0.013600255362689495
701,700,severe,inspect_once,True,9,1,0.88,0.029286043718457222,0.014591552317142487
702,701,severe,inspect_once,True,22,1,0.7499999999999999,0.007819797843694687,0.05085396766662598
703,702,severe,inspect_once,False,6,1,-0.34,0.06282086670398712,0.01943899318575859
704,703,severe,inspect_once,True,15,1,0.82,0.05129418894648552,0.035733550786972046
705,704,severe,inspect_once,True,16,1,0.8099999999999999,0.04549090191721916,0.05024037882685661
706,705,severe,inspect_once,True,9,1,0.88,0.044881969690322876,0.04180549457669258
707,706,severe,inspect_once,True,8,1,0.89,0.05862097069621086,0.053408607840538025
708,707,severe,inspect_once,False,14,1,-0.42000000000000004,0.08125246316194534,0.054485779255628586
709,708,severe,inspect_once,False,15,1,-0.43000000000000005,0.19167110323905945,0.05369403958320618
710,709,severe,inspect_once,True,15,1,0.82,0.052442774176597595,0.055548593401908875
711,710,severe,inspect_once,True,7,1,0.9,0.014025438576936722,0.02945590391755104
712,711,severe,inspect_once,True,12,1,0.85,0.009750493802130222,0.03379439935088158
713,712,severe,inspect_once,False,9,1,-0.37,0.06475788354873657,0.05283014476299286
714,713,severe,inspect_once,True,11,1,0.86,0.051820769906044006,0.05796105042099953
715,714,severe,inspect_once,False,10,1,-0.38,0.08593538403511047,0.0265757218003273
716,715,severe,inspect_once,True,7,1,0.9,0.046623241156339645,0.024185672402381897
717,716,severe,inspect_once,False,20,1,-0.4800000000000001,0.1345588117837906,0.05901995301246643
718,717,severe,inspect_once,True,13,1,0.84,0.043940793722867966,0.05369654670357704
719,718,severe,inspect_once,False,19,1,-0.4700000000000001,0.1314084380865097,0.0217964556068182
720,719,severe,inspect_once,False,13,1,-0.41000000000000003,0.1448689103126526,0.051192477345466614
721,720,severe,inspect_once,False,5,1,-0.33,0.09258861839771271,0.018195465207099915
722,721,severe,inspect_once,True,9,1,0.88,0.04051078483462334,0.03521861881017685
723,722,severe,inspect_once,False,16,1,-0.44000000000000006,0.08358889073133469,0.05923577398061752
724,723,severe,inspect_once,False,8,1,-0.36,0.15292049944400787,0.017168279737234116
725,724,severe,inspect_once,False,13,1,-0.41000000000000003,0.13937345147132874,0.05010910704731941
726,725,severe,inspect_once,False,17,1,-0.45000000000000007,0.07774434238672256,0.04476701468229294
727,726,severe,inspect_once,True,11,1,0.86,0.036426857113838196,0.056426357477903366
728,727,severe,inspect_once,False,17,1,-0.45000000000000007,0.06630687415599823,0.012750204652547836
729,728,severe,inspect_once,False,21,1,-0.4900000000000001,0.11263960599899292,0.042404644191265106
730,729,severe,inspect_once,True,18,1,0.7899999999999999,0.05402647331357002,0.011010978370904922
731,730,severe,inspect_once,True,13,1,0.84,0.01895134709775448,0.05109982192516327
732,731,severe,inspect_once,True,18,1,0.7899999999999999,0.043224334716796875,0.03388034552335739
733,732,severe,inspect_once,True,13,1,0.84,0.05100161209702492,0.023199699819087982
734,733,severe,inspect_once,False,13,1,-0.41000000000000003,0.09645693749189377,0.04320105165243149
735,734,severe,inspect_once,False,18,1,-0.4600000000000001,0.12315716594457626,0.032065991312265396
736,735,severe,inspect_once,True,16,1,0.8099999999999999,0.055157262831926346,0.014207101427018642
737,736,severe,inspect_once,True,14,1,0.83,0.026269378140568733,0.022994371131062508
738,737,severe,inspect_once,True,9,1,0.88,0.047002870589494705,0.04654543846845627
739,738,severe,inspect_once,False,16,1,-0.44000000000000006,0.0694667249917984,0.02453167364001274
740,739,severe,inspect_once,True,18,1,0.7899999999999999,0.02425409108400345,0.015367690473794937
741,740,severe,inspect_once,False,13,1,-0.41000000000000003,0.0738672986626625,0.04039926826953888
742,741,severe,inspect_once,False,8,1,-0.36,0.12748561799526215,0.049147989600896835
743,742,severe,inspect_once,True,19,1,0.7799999999999999,0.03691493347287178,0.013320737518370152
744,743,severe,inspect_once,True,5,1,0.9199999999999999,0.03444512188434601,0.0536784827709198
745,744,severe,inspect_once,True,19,1,0.7799999999999999,0.04748862236738205,0.050991885364055634
746,745,severe,inspect_once,False,15,1,-0.43000000000000005,0.10135909169912338,0.023378539830446243
747,746,severe,inspect_once,True,14,1,0.83,0.03299533948302269,0.05350159853696823
748,747,severe,inspect_once,True,15,1,0.82,0.036325350403785706,0.020255981013178825
749,748,severe,inspect_once,False,18,1,-0.4600000000000001,0.06183565780520439,0.04391264542937279
750,749,severe,inspect_once,False,16,1,-0.44000000000000006,0.0831889659166336,0.018616044893860817
751,750,severe,inspect_once,False,12,1,-0.4,0.0881088599562645,0.05935997515916824
752,751,severe,inspect_once,True,9,1,0.88,0.018160667270421982,0.04385574534535408
753,752,severe,inspect_once,False,15,1,-0.43000000000000005,0.15725184977054596,0.04687860980629921
754,753,severe,inspect_once,True,7,1,0.9,0.022243168205022812,0.012458518147468567
755,754,severe,inspect_once,False,12,1,-0.4,0.14616192877292633,0.05599698796868324
756,755,severe,inspect_once,False,18,1,-0.4600000000000001,0.10777543485164642,0.035326000303030014
757,756,severe,inspect_once,True,9,1,0.88,0.016392096877098083,0.042523343116045
758,757,severe,inspect_once,True,14,1,0.83,0.05761578679084778,0.022865112870931625
759,758,severe,inspect_once,True,17,1,0.7999999999999999,0.054222919046878815,0.057653091847896576
760,759,severe,inspect_once,True,8,1,0.89,0.03709077090024948,0.05223030596971512
761,760,severe,inspect_once,True,17,1,0.7999999999999999,0.0501018762588501,0.027734821662306786
762,761,severe,inspect_once,False,12,1,-0.4,0.0824398472905159,0.02770884893834591
763,762,severe,inspect_once,True,9,1,0.88,0.05262722820043564,0.044927310198545456
764,763,severe,inspect_once,True,18,1,0.7899999999999999,0.05445188283920288,0.016418229788541794
765,764,severe,inspect_once,False,19,1,-0.4700000000000001,0.10210759937763214,0.01894116774201393
766,765,severe,inspect_once,True,13,1,0.84,0.026737377047538757,0.05524582415819168
767,766,severe,inspect_once,False,13,1,-0.41000000000000003,0.0673331618309021,0.04322595149278641
768,767,severe,inspect_once,True,16,1,0.8099999999999999,0.01681731827557087,0.04849972575902939
769,768,severe,inspect_once,False,19,1,-0.4700000000000001,0.06654928624629974,0.05374639853835106
770,769,severe,inspect_once,False,18,1,-0.4600000000000001,0.09921848028898239,0.04717044159770012
771,770,severe,inspect_once,False,18,1,-0.4600000000000001,0.07619161158800125,0.05500584468245506
772,771,severe,inspect_once,False,11,1,-0.39,0.07713465392589569,0.0524696446955204
773,772,severe,inspect_once,False,12,1,-0.4,0.07923827320337296,0.058236874639987946
774,773,severe,inspect_once,True,15,1,0.82,0.03590606898069382,0.05422664433717728
775,774,severe,inspect_once,True,13,1,0.84,0.028789391741156578,0.04075763002038002
776,775,severe,inspect_once,False,9,1,-0.37,0.12023238837718964,0.05530302971601486
777,776,severe,inspect_once,False,10,1,-0.38,0.09226176887750626,0.011511215008795261
778,777,severe,inspect_once,True,13,1,0.84,0.042727112770080566,0.038387563079595566
779,778,severe,inspect_once,True,6,1,0.91,0.04328617826104164,0.03625622019171715
780,779,severe,inspect_once,True,8,1,0.89,0.05098825693130493,0.056621477007865906
781,780,severe,inspect_once,False,12,1,-0.4,0.0660061463713646,0.04314016178250313
782,781,severe,inspect_once,False,10,1,-0.38,0.0875580757856369,0.012507741339504719
783,782,severe,inspect_once,False,7,1,-0.35,0.06915222108364105,0.03910217806696892
784,783,severe,inspect_once,False,10,1,-0.38,0.10125686973333359,0.04754171147942543
785,784,severe,inspect_once,True,11,1,0.86,0.017058998346328735,0.015511286444962025
786,785,severe,inspect_once,True,17,1,0.7999999999999999,0.042513784021139145,0.01583903096616268
787,786,severe,inspect_once,False,15,1,-0.43000000000000005,0.11194855719804764,0.025971589609980583
788,787,severe,inspect_once,False,7,1,-0.35,0.13075651228427887,0.05173458531498909
789,788,severe,inspect_once,False,15,1,-0.43000000000000005,0.09070245921611786,0.02455204166471958
790,789,severe,inspect_once,False,8,1,-0.36,0.08055681735277176,0.013635069131851196
791,790,severe,inspect_once,False,20,1,-0.4800000000000001,0.08172790706157684,0.0314750149846077
792,791,severe,inspect_once,False,16,1,-0.44000000000000006,0.06311004608869553,0.05800361558794975
793,792,severe,inspect_once,False,10,1,-0.38,0.10472652316093445,0.057634543627500534
794,793,severe,inspect_once,True,19,1,0.7799999999999999,0.05528876185417175,0.03427395969629288
795,794,severe,inspect_once,False,17,1,-0.45000000000000007,0.06946201622486115,0.024860486388206482
796,795,severe,inspect_once,False,11,1,-0.39,0.07692887634038925,0.015322256833314896
797,796,severe,inspect_once,True,10,1,0.87,0.04903392866253853,0.027362948283553123
798,797,severe,inspect_once,False,12,1,-0.4,0.11881013959646225,0.04566343128681183
799,798,severe,inspect_once,False,11,1,-0.39,0.11182651668787003,0.04761642962694168
800,799,severe,inspect_once,True,14,1,0.83,0.03561919927597046,0.04847843572497368
801,800,severe,inspect_once,True,7,1,0.9,0.05720896273851395,0.017394037917256355
802,801,severe,inspect_once,True,7,1,0.9,0.03774027153849602,0.03558626398444176
803,802,severe,inspect_once,False,17,1,-0.45000000000000007,0.101914182305336,0.05691127851605415
804,803,severe,inspect_once,True,13,1,0.84,0.052628643810749054,0.030253024771809578
805,804,severe,inspect_once,True,18,1,0.7899999999999999,0.04765466973185539,0.02145339548587799
806,805,severe,inspect_once,True,4,1,0.9299999999999999,0.03591116517782211,0.01910858042538166
807,806,severe,inspect_once,True,10,1,0.87,0.05605745315551758,0.019434716552495956
808,807,severe,inspect_once,False,20,1,-0.4800000000000001,0.09960057586431503,0.03659769520163536
809,808,severe,inspect_once,True,11,1,0.86,0.011511522345244884,0.016448190435767174
810,809,severe,inspect_once,False,16,1,-0.44000000000000006,0.11741296201944351,0.058285582810640335
811,810,severe,inspect_once,False,12,1,-0.4,0.0766267478466034,0.018778836354613304
812,811,severe,inspect_once,True,17,1,0.7999999999999999,0.02652273140847683,0.04639407619833946
813,812,severe,inspect_once,True,13,1,0.84,0.007398167625069618,0.015509647317230701
814,813,severe,inspect_once,True,12,1,0.85,0.03726652264595032,0.03111286275088787
815,814,severe,inspect_once,True,10,1,0.87,0.03175323083996773,0.05593109875917435
816,815,severe,inspect_once,False,19,1,-0.4700000000000001,0.07858727872371674,0.026066524907946587
817,816,severe,inspect_once,True,16,1,0.8099999999999999,0.01653437688946724,0.0399768203496933
818,817,severe,inspect_once,False,12,1,-0.4,0.09270107001066208,0.028763236477971077
819,818,severe,inspect_once,False,4,1,-0.32,0.08594405651092529,0.05916374921798706
820,819,severe,inspect_once,True,13,1,0.84,0.020829731598496437,0.048059508204460144
821,820,severe,inspect_once,False,16,1,-0.44000000000000006,0.10430237650871277,0.036424584686756134
822,821,severe,inspect_once,False,18,1,-0.4600000000000001,0.06082356348633766,0.010995269753038883
823,822,severe,inspect_once,False,10,1,-0.38,0.07746525853872299,0.038295794278383255
824,823,severe,inspect_once,True,18,1,0.7899999999999999,0.007678767666220665,0.044854696840047836
825,824,severe,inspect_once,False,12,1,-0.4,0.14564292132854462,0.04340234398841858
826,825,severe,inspect_once,False,8,1,-0.36,0.12327692657709122,0.021254153922200203
827,826,severe,inspect_once,True,14,1,0.83,0.0557699017226696,0.05991266667842865
828,827,severe,inspect_once,True,17,1,0.7999999999999999,0.039926204830408096,0.03786078095436096
829,828,severe,inspect_once,False,4,1,-0.32,0.11333899199962616,0.04149375855922699
830,829,severe,inspect_once,False,11,1,-0.39,0.07731729745864868,0.016518807038664818
831,830,severe,inspect_once,False,6,1,-0.34,0.10861786454916,0.05289352312684059
832,831,severe,inspect_once,True,13,1,0.84,0.021891001611948013,0.016936082392930984
833,832,severe,inspect_once,False,17,1,-0.45000000000000007,0.08490631729364395,0.018711479380726814
834,833,severe,inspect_once,False,11,1,-0.39,0.0942840501666069,0.05679551139473915
835,834,severe,inspect_once,True,17,1,0.7999999999999999,0.025789935141801834,0.04468930885195732
836,835,severe,inspect_once,False,16,1,-0.44000000000000006,0.14561960101127625,0.011110426858067513
837,836,severe,inspect_once,False,9,1,-0.37,0.10018450021743774,0.0251917764544487
838,837,severe,inspect_once,True,12,1,0.85,0.037865906953811646,0.021204626187682152
839,838,severe,inspect_once,False,15,1,-0.43000000000000005,0.1494833081960678,0.05124087259173393
840,839,severe,inspect_once,True,10,1,0.87,0.015932902693748474,0.03703885152935982
841,840,severe,inspect_once,False,17,1,-0.45000000000000007,0.08760765194892883,0.04644446447491646
842,841,severe,inspect_once,False,9,1,-0.37,0.085479237139225,0.0571390800178051
843,842,severe,inspect_once,False,18,1,-0.4600000000000001,0.06704919040203094,0.039832428097724915
844,843,severe,inspect_once,False,16,1,-0.44000000000000006,0.06945916265249252,0.04620653763413429
845,844,severe,inspect_once,False,10,1,-0.38,0.1300428956747055,0.04140368103981018
846,845,severe,inspect_once,True,14,1,0.83,0.03004155121743679,0.03869045525789261
847,846,severe,inspect_once,False,16,1,-0.44000000000000006,0.061839476227760315,0.043930940330028534
848,847,severe,inspect_once,False,14,1,-0.42000000000000004,0.0607202872633934,0.03246596083045006
849,848,severe,inspect_once,False,10,1,-0.38,0.1257968246936798,0.05641201511025429
850,849,severe,inspect_once,True,13,1,0.84,0.03548874706029892,0.020530499517917633
851,850,severe,inspect_once,False,6,1,-0.34,0.13666856288909912,0.035296499729156494
852,851,severe,inspect_once,False,17,1,-0.45000000000000007,0.10651028156280518,0.013058113865554333
853,852,severe,inspect_once,True,20,1,0.7699999999999999,0.010751043446362019,0.014666490256786346
854,853,severe,inspect_once,False,11,1,-0.39,0.07958925515413284,0.05662735179066658
855,854,severe,inspect_once,False,18,1,-0.4600000000000001,0.10831966996192932,0.05381204932928085
856,855,severe,inspect_once,True,17,1,0.7999999999999999,0.05412248894572258,0.04753386229276657
857,856,severe,inspect_once,True,7,1,0.9,0.010398454032838345,0.018070325255393982
858,857,severe,inspect_once,True,15,1,0.82,0.014070085249841213,0.025029322132468224
859,858,severe,inspect_once,False,20,1,-0.4800000000000001,0.06211847811937332,0.02558314800262451
860,859,severe,inspect_once,False,15,1,-0.43000000000000005,0.09041764587163925,0.01357872411608696
861,860,severe,inspect_once,False,20,1,-0.4800000000000001,0.09133835881948471,0.056379757821559906
862,861,severe,inspect_once,False,16,1,-0.44000000000000006,0.07640999555587769,0.03535376116633415
863,862,severe,inspect_once,True,16,1,0.8099999999999999,0.04918333888053894,0.02133173681795597
864,863,severe,inspect_once,False,16,1,-0.44000000000000006,0.07257425785064697,0.0379488430917263
865,864,severe,inspect_once,False,12,1,-0.4,0.08104467391967773,0.02252739481627941
866,865,severe,inspect_once,True,20,1,0.7699999999999999,0.05358294025063515,0.030243489891290665
867,866,severe,inspect_once,True,10,1,0.87,0.02556018717586994,0.024377061054110527
868,867,severe,inspect_once,True,14,1,0.83,0.04643688350915909,0.05034579336643219
869,868,severe,inspect_once,False,11,1,-0.39,0.07084205001592636,0.049501799046993256
870,869,severe,inspect_once,False,16,1,-0.44000000000000006,0.12743060290813446,0.014570454135537148
871,870,severe,inspect_once,True,6,1,0.91,0.04770910367369652,0.010099622420966625
872,871,severe,inspect_once,True,14,1,0.83,0.02175683155655861,0.031994204968214035
873,872,severe,inspect_once,True,18,1,0.7899999999999999,0.05389372259378433,0.04036649689078331
874,873,severe,inspect_once,True,16,1,0.8099999999999999,0.01478448137640953,0.03340727463364601
875,874,severe,inspect_once,False,12,1,-0.4,0.06900472193956375,0.0522618368268013
876,875,severe,inspect_once,True,17,1,0.7999999999999999,0.033462513238191605,0.05263533443212509
877,876,severe,inspect_once,True,10,1,0.87,0.016954798251390457,0.042736731469631195
878,877,severe,inspect_once,True,13,1,0.84,0.03258766606450081,0.05810791999101639
879,878,severe,inspect_once,True,12,1,0.85,0.010892725549638271,0.010832883417606354
880,879,severe,inspect_once,False,14,1,-0.42000000000000004,0.10960941016674042,0.048708297312259674
881,880,severe,inspect_once,True,8,1,0.89,0.013178974390029907,0.020747769623994827
882,881,severe,inspect_once,False,15,1,-0.43000000000000005,0.08372797071933746,0.012246247380971909
883,882,severe,inspect_once,False,12,1,-0.4,0.09511716663837433,0.04802005738019943
884,883,severe,inspect_once,True,20,1,0.7699999999999999,0.029595931991934776,0.04021642729640007
885,884,severe,inspect_once,False,16,1,-0.44000000000000006,0.09366098046302795,0.036349162459373474
886,885,severe,inspect_once,False,17,1,-0.45000000000000007,0.07604344189167023,0.05112624168395996
887,886,severe,inspect_once,True,10,1,0.87,0.04270436614751816,0.046860624104738235
888,887,severe,inspect_once,False,15,1,-0.43000000000000005,0.06560845673084259,0.031556811183691025
889,888,severe,inspect_once,True,9,1,0.88,0.024492891505360603,0.023897532373666763
890,889,severe,inspect_once,False,16,1,-0.44000000000000006,0.09261377900838852,0.02317127212882042
891,890,severe,inspect_once,True,15,1,0.82,0.05324173346161842,0.017220748588442802
892,891,severe,inspect_once,False,15,1,-0.43000000000000005,0.09699209034442902,0.039677634835243225
893,892,severe,inspect_once,False,13,1,-0.41000000000000003,0.1319580078125,0.05805039778351784
894,893,severe,inspect_once,False,14,1,-0.42000000000000004,0.06096400320529938,0.010870841331779957
895,894,severe,inspect_once,True,8,1,0.89,0.05887775123119354,0.058249667286872864
896,895,severe,inspect_once,True,14,1,0.83,0.02931089699268341,0.035657864063978195
897,896,severe,inspect_once,False,16,1,-0.44000000000000006,0.06753813475370407,0.03236792981624603
898,897,severe,inspect_once,False,11,1,-0.39,0.11608502268791199,0.03126388043165207
899,898,severe,inspect_once,True,16,1,0.8099999999999999,0.05317319184541702,0.025165779516100883
900,899,severe,inspect_once,False,15,1,-0.43000000000000005,0.09566393494606018,0.05637485161423683
901,900,severe,inspect_once,False,3,1,-0.31,0.06303023546934128,0.012675020843744278
902,901,severe,inspect_once,True,20,1,0.7699999999999999,0.004728787112981081,0.057463254779577255
903,902,severe,inspect_once,False,15,1,-0.43000000000000005,0.06523323059082031,0.0320320799946785
904,903,severe,inspect_once,False,11,1,-0.39,0.117569200694561,0.043183665722608566
905,904,severe,inspect_once,True,12,1,0.85,0.05880534648895264,0.016278022900223732
906,905,severe,inspect_once,True,20,1,0.7699999999999999,0.023344598710536957,0.028595618903636932
907,906,severe,inspect_once,False,15,1,-0.43000000000000005,0.0669802650809288,0.054244231432676315
908,907,severe,inspect_once,True,13,1,0.84,0.056533731520175934,0.02118842676281929
909,908,severe,inspect_once,False,13,1,-0.41000000000000003,0.11271063983440399,0.053972553461790085
910,909,severe,inspect_once,True,13,1,0.84,0.043077729642391205,0.043938327580690384
911,910,severe,inspect_once,True,14,1,0.83,0.02650095336139202,0.030534841120243073
912,911,severe,inspect_once,True,11,1,0.86,0.05333653464913368,0.025491759181022644
913,912,severe,inspect_once,False,16,1,-0.44000000000000006,0.08104575425386429,0.05887240916490555
914,913,severe,inspect_once,True,7,1,0.9,0.02344430238008499,0.058029890060424805
915,914,severe,inspect_once,False,12,1,-0.4,0.07041104882955551,0.04554123431444168
916,915,severe,inspect_once,False,8,1,-0.36,0.07079476118087769,0.05945846065878868
917,916,severe,inspect_once,False,10,1,-0.38,0.0863366648554802,0.03226018324494362
918,917,severe,inspect_once,True,12,1,0.85,0.03414742276072502,0.03119770996272564
919,918,severe,inspect_once,False,5,1,-0.33,0.10739556699991226,0.055299896746873856
920,919,severe,inspect_once,True,21,1,0.7599999999999999,0.0449230819940567,0.05779894068837166
921,920,severe,inspect_once,True,10,1,0.87,0.030473532155156136,0.05366634950041771
922,921,severe,inspect_once,True,10,1,0.87,0.017069127410650253,0.029609907418489456
923,922,severe,inspect_once,True,9,1,0.88,0.006548763252794743,0.04870680347084999
924,923,severe,inspect_once,True,22,1,0.7499999999999999,0.026881663128733635,0.01794591173529625
925,924,severe,inspect_once,True,17,1,0.7999999999999999,0.04092825576663017,0.05620470643043518
926,925,severe,inspect_once,False,17,1,-0.45000000000000007,0.11954957991838455,0.019057219848036766
927,926,severe,inspect_once,False,11,1,-0.39,0.12441736459732056,0.04676850512623787
928,927,severe,inspect_once,True,14,1,0.83,0.05005572736263275,0.024415025487542152
929,928,severe,inspect_once,False,8,1,-0.36,0.09364314377307892,0.04687373712658882
930,929,severe,inspect_once,False,11,1,-0.39,0.08149189502000809,0.026507781818509102
931,930,severe,inspect_once,False,15,1,-0.43000000000000005,0.068869449198246,0.019845370203256607
932,931,severe,inspect_once,False,10,1,-0.38,0.11066962033510208,0.03714015707373619
933,932,severe,inspect_once,False,16,1,-0.44000000000000006,0.06845147907733917,0.026892846450209618
934,933,severe,inspect_once,True,9,1,0.88,0.03462236374616623,0.02479371801018715
935,934,severe,inspect_once,False,15,1,-0.43000000000000005,0.08438463509082794,0.03185950219631195
936,935,severe,inspect_once,True,9,1,0.88,0.008050024509429932,0.05439562723040581
937,936,severe,inspect_once,True,14,1,0.83,0.03517353907227516,0.04127497971057892
938,937,severe,inspect_once,False,12,1,-0.4,0.07238113880157471,0.035442981868982315
939,938,severe,inspect_once,False,14,1,-0.42000000000000004,0.08807529509067535,0.04916025698184967
940,939,severe,inspect_once,False,18,1,-0.4600000000000001,0.13926266133785248,0.04617847502231598
941,940,severe,inspect_once,True,15,1,0.82,0.042870763689279556,0.038603682070970535
942,941,severe,inspect_once,True,18,1,0.7899999999999999,0.036140721291303635,0.011267948895692825
943,942,severe,inspect_once,True,12,1,0.85,0.01882985793054104,0.02851899527013302
944,943,severe,inspect_once,True,17,1,0.7999999999999999,0.057160794734954834,0.011939549818634987
945,944,severe,inspect_once,True,14,1,0.83,0.03042827919125557,0.03985289856791496
946,945,severe,inspect_once,True,15,1,0.82,0.009272562339901924,0.05267629772424698
947,946,severe,inspect_once,False,15,1,-0.43000000000000005,0.11533374339342117,0.04416472837328911
948,947,severe,inspect_once,False,12,1,-0.4,0.11119084805250168,0.025705253705382347
949,948,severe,inspect_once,False,13,1,-0.41000000000000003,0.07288308441638947,0.056514982134103775
950,949,severe,inspect_once,False,9,1,-0.37,0.09506714344024658,0.05969986692070961
951,950,severe,inspect_once,False,8,1,-0.36,0.06794103980064392,0.034824371337890625
952,951,severe,inspect_once,True,15,1,0.82,0.022196102887392044,0.03547089546918869
953,952,severe,inspect_once,True,8,1,0.89,0.03427742049098015,0.05498649552464485
954,953,severe,inspect_once,True,10,1,0.87,0.03897381201386452,0.01893889531493187
955,954,severe,inspect_once,True,18,1,0.7899999999999999,0.0557241216301918,0.030754346400499344
956,955,severe,inspect_once,False,10,1,-0.38,0.06400300562381744,0.046293891966342926
957,956,severe,inspect_once,False,17,1,-0.45000000000000007,0.0894351378083229,0.027387646958231926
958,957,severe,inspect_once,False,10,1,-0.38,0.10789848864078522,0.047566503286361694
959,958,severe,inspect_once,True,16,1,0.8099999999999999,0.05859524384140968,0.02837863564491272
960,959,severe,inspect_once,True,16,1,0.8099999999999999,0.04349531605839729,0.040837790817022324
961,960,severe,inspect_once,False,16,1,-0.44000000000000006,0.12009700387716293,0.023031793534755707
962,961,severe,inspect_once,False,9,1,-0.37,0.09525196254253387,0.03993410989642143
963,962,severe,inspect_once,False,9,1,-0.37,0.07954246550798416,0.02178422547876835
964,963,severe,inspect_once,True,17,1,0.7999999999999999,0.042361412197351456,0.02388864941895008
965,964,severe,inspect_once,False,13,1,-0.41000000000000003,0.060142941772937775,0.029250551015138626
966,965,severe,inspect_once,True,6,1,0.91,0.031883012503385544,0.017665332183241844
967,966,severe,inspect_once,True,13,1,0.84,0.04182584583759308,0.03215276449918747
968,967,severe,inspect_once,False,12,1,-0.4,0.06734742224216461,0.025570567697286606
969,968,severe,inspect_once,False,18,1,-0.4600000000000001,0.07250702381134033,0.04320647567510605
970,969,severe,inspect_once,False,15,1,-0.43000000000000005,0.06452880054712296,0.04140938073396683
971,970,severe,inspect_once,True,19,1,0.7799999999999999,0.041469261050224304,0.04464719071984291
972,971,severe,inspect_once,False,11,1,-0.39,0.06712516397237778,0.055234648287296295
973,972,severe,inspect_once,True,18,1,0.7899999999999999,0.03755631297826767,0.018836896866559982
974,973,severe,inspect_once,True,9,1,0.88,0.03305865079164505,0.05715873837471008
975,974,severe,inspect_once,False,15,1,-0.43000000000000005,0.07683389633893967,0.03141345828771591
976,975,severe,inspect_once,True,15,1,0.82,0.019127652049064636,0.014490499161183834
977,976,severe,inspect_once,False,15,1,-0.43000000000000005,0.060490939766168594,0.029897579923272133
978,977,severe,inspect_once,False,16,1,-0.44000000000000006,0.07488291710615158,0.02185894548892975
979,978,severe,inspect_once,False,16,1,-0.44000000000000006,0.12726502120494843,0.021837109699845314
980,979,severe,inspect_once,True,10,1,0.87,0.02720152586698532,0.037482570856809616
981,980,severe,inspect_once,False,12,1,-0.4,0.09112592041492462,0.025379495695233345
982,981,severe,inspect_once,False,12,1,-0.4,0.1225583404302597,0.05327562615275383
983,982,severe,inspect_once,True,12,1,0.85,0.01891353726387024,0.028622431680560112
984,983,severe,inspect_once,True,14,1,0.83,0.019430015236139297,0.024847641587257385
985,984,severe,inspect_once,False,10,1,-0.38,0.07382084429264069,0.022755859419703484
986,985,severe,inspect_once,True,7,1,0.9,0.01893533393740654,0.020574219524860382
987,986,severe,inspect_once,True,5,1,0.9199999999999999,0.03685425594449043,0.01736658439040184
988,987,severe,inspect_once,False,18,1,-0.4600000000000001,0.09862048178911209,0.030207019299268723
989,988,severe,inspect_once,True,16,1,0.8099999999999999,0.02838151901960373,0.039325691759586334
990,989,severe,inspect_once,False,12,1,-0.4,0.15356813371181488,0.0493227057158947
991,990,severe,inspect_once,False,9,1,-0.37,0.0736890658736229,0.02547997608780861
992,991,severe,inspect_once,True,18,1,0.7899999999999999,0.04747695103287697,0.017488449811935425
993,992,severe,inspect_once,False,15,1,-0.43000000000000005,0.09208054840564728,0.020860929042100906
994,993,severe,inspect_once,True,7,1,0.9,0.045443132519721985,0.041179463267326355
995,994,severe,inspect_once,True,11,1,0.86,0.030287189409136772,0.01245934795588255
996,995,severe,inspect_once,False,10,1,-0.38,0.06436891108751297,0.05036528408527374
997,996,severe,inspect_once,True,9,1,0.88,0.02829839661717415,0.026981661096215248
998,997,severe,inspect_once,True,17,1,0.7999999999999999,0.03070608153939247,0.011210674419999123
999,998,severe,inspect_once,True,13,1,0.84,0.05674650892615318,0.03707448020577431
1000,999,severe,inspect_once,True,14,1,0.83,0.03598935529589653,0.03818696364760399
