scenario,policy,seed,success,steps,initial_distance,final_distance,reward,act_steps,verify_steps,abstain_steps,recover_steps,unsafe_gate_steps,wrong_direction_act_steps,mismatch_steps,degraded_steps,fail_safe,isolated_fault_steps,multi_sensor_fault_steps,temporal_failures,evaluation
NORMAL,AEGIS_V3.0,300000,1,158,3.759791268580113,0.2346774995220717,-0.5600000000000012,156,2,0,0,0,0,0,0,0,0,0,0,development
NORMAL,AEGIS_V3.0,300001,1,129,2.578165631812988,0.2223870495383352,-0.2900000000000009,129,0,0,0,0,0,0,0,0,0,0,0,development
NORMAL,AEGIS_V3.0,300002,1,197,5.663801831709915,0.22219816095425773,-0.9400000000000015,194,3,0,0,0,0,0,0,0,0,0,0,development
NORMAL,AEGIS_V3.0,300003,1,165,4.0450687787049615,0.21753396702700772,-0.6400000000000012,164,1,0,0,0,0,0,0,0,0,0,0,development
NORMAL,AEGIS_V3.0,300004,1,175,4.493037956563197,0.23942735703639786,-0.7300000000000013,173,2,0,0,0,0,0,0,0,0,0,0,development
NORMAL,AEGIS_V3.0,300005,1,158,3.765493498507378,0.2387127400063363,-0.5700000000000012,157,1,0,0,0,0,0,0,0,0,0,0,development
NORMAL,AEGIS_V3.0,300006,1,191,5.364258193403363,0.2017516850495348,-0.9000000000000015,190,1,0,0,0,0,0,0,0,0,0,0,development
NORMAL,AEGIS_V3.0,300007,1,156,3.5873351811500758,0.21349677823664587,-0.5100000000000011,151,5,0,0,0,0,0,0,0,0,0,0,development
NORMAL,AEGIS_V3.0,300008,1,187,5.024388321601603,0.20513443249581761,-0.8000000000000014,180,7,0,0,0,0,0,0,0,0,0,0,development
NORMAL,AEGIS_V3.0,300009,1,25,0.32766688943072464,0.24875519298294393,0.7599999999999999,24,1,0,0,0,0,0,0,0,0,0,0,development
NORMAL,AEGIS_V3.0,300010,1,159,3.8302359610029235,0.24619044241694601,-0.5900000000000012,159,0,0,0,0,0,0,0,0,0,0,0,development
NORMAL,AEGIS_V3.0,300011,1,66,0.847766819793827,0.23552377369359193,0.33999999999999964,66,0,0,0,0,0,0,0,0,0,0,0,development
NORMAL,AEGIS_V3.0,300012,1,170,4.19944639467213,0.23828351078474339,-0.6600000000000013,166,4,0,0,0,0,0,0,0,0,0,0,development
NORMAL,AEGIS_V3.0,300013,1,154,3.55133962194855,0.2485223511924744,-0.5100000000000011,151,3,0,0,0,0,0,0,0,0,0,0,development
NORMAL,AEGIS_V3.0,300014,1,74,0.9703236213077,0.2306851962069229,0.2899999999999996,71,3,0,0,0,0,0,0,0,0,0,0,development
NORMAL,AEGIS_V3.0,300015,1,69,0.9095667170273074,0.23965325461691134,0.3099999999999996,69,0,0,0,0,0,0,0,0,0,0,0,development
NORMAL,AEGIS_V3.0,300016,1,172,4.270824975827361,0.20943911778162558,-0.6900000000000013,169,3,0,0,0,0,0,0,0,0,0,0,development
NORMAL,AEGIS_V3.0,300017,1,71,0.9172246515438951,0.23262670521391432,0.3199999999999996,68,3,0,0,0,0,0,0,0,0,0,0,development
NORMAL,AEGIS_V3.0,300018,1,197,5.571210379038834,0.2055168671161903,-0.9200000000000015,192,5,0,0,0,0,0,0,0,0,0,0,development
NORMAL,AEGIS_V3.0,300019,1,152,3.4497680678527383,0.22376110850792805,-0.5000000000000011,150,2,0,0,0,0,0,0,0,0,0,0,development
NORMAL,AEGIS_V3.0,300020,1,191,5.338421259580731,0.23296208141642213,-0.8900000000000015,189,2,0,0,0,0,0,0,0,0,0,0,development
NORMAL,AEGIS_V3.0,300021,1,156,3.650546551183336,0.23274312274005043,-0.5500000000000012,155,1,0,0,0,0,0,0,0,0,0,0,development
NORMAL,AEGIS_V3.0,300022,1,87,1.286770973353998,0.23623625517631516,0.15999999999999948,84,3,0,0,0,0,0,0,0,0,0,0,development
NORMAL,AEGIS_V3.0,300023,1,161,3.70475552715954,0.20891474495909934,-0.5400000000000011,154,7,0,0,0,0,0,0,0,0,0,0,development
NORMAL,AEGIS_V3.0,300024,1,122,2.2707234545530284,0.21945851413958,-0.20000000000000084,120,2,0,0,0,0,0,0,0,0,0,0,development
NORMAL,AEGIS_V3.0,300025,1,160,3.778193933740048,0.24050514107522525,-0.5700000000000012,157,3,0,0,0,0,0,0,0,0,0,0,development
NORMAL,AEGIS_V3.0,300026,1,178,4.624093918122799,0.21685803499365694,-0.7600000000000013,176,2,0,0,0,0,0,0,0,0,0,0,development
NORMAL,AEGIS_V3.0,300027,1,139,2.9134080298803497,0.24067862350633967,-0.360000000000001,136,3,0,0,0,0,0,0,0,0,0,0,development
NORMAL,AEGIS_V3.0,300028,1,193,5.4572777230457135,0.24654503780561676,-0.8900000000000015,189,4,0,0,0,0,0,0,0,0,0,0,development
NORMAL,AEGIS_V3.0,300029,1,146,3.172092637297524,0.2307934184131401,-0.42000000000000104,142,4,0,0,0,0,0,0,0,0,0,0,development
NORMAL,AEGIS_V3.0,300030,1,179,4.626073622299966,0.2129215726905079,-0.7200000000000013,172,7,0,0,0,0,0,0,0,0,0,0,development
NORMAL,AEGIS_V3.0,300031,1,157,3.671231657599636,0.2454301589935729,-0.5300000000000011,153,4,0,0,0,0,0,0,0,0,0,0,development
NORMAL,AEGIS_V3.0,300032,1,182,4.849000078936562,0.23594902739452708,-0.7800000000000014,178,4,0,0,0,0,0,0,0,0,0,0,development
NORMAL,AEGIS_V3.0,300033,1,148,3.2385641130846268,0.23182999072405064,-0.45000000000000107,145,3,0,0,0,0,0,0,0,0,0,0,development
NORMAL,AEGIS_V3.0,300034,1,208,6.319717672065973,0.22134539420169458,-1.06,206,2,0,0,0,0,0,0,0,0,0,0,development
NORMAL,AEGIS_V3.0,300035,1,168,4.164434333373568,0.24329458891094918,-0.6600000000000013,166,2,0,0,0,0,0,0,0,0,0,0,development
NORMAL,AEGIS_V3.0,300036,1,212,6.559713717932983,0.21367758434053322,-1.0999999999999992,210,2,0,0,0,0,0,0,0,0,0,0,development
NORMAL,AEGIS_V3.0,300037,1,184,4.9581167546300104,0.22740764847087613,-0.8200000000000014,182,2,0,0,0,0,0,0,0,0,0,0,development
NORMAL,AEGIS_V3.0,300038,1,144,3.0528464142971066,0.23009412180567684,-0.380000000000001,138,6,0,0,0,0,0,0,0,0,0,0,development
NORMAL,AEGIS_V3.0,300039,1,145,3.091458057175093,0.22149036117091533,-0.390000000000001,139,6,0,0,0,0,0,0,0,0,0,0,development
NORMAL,AEGIS_V3.0,300040,1,153,3.4745123934411346,0.22960325501883605,-0.5000000000000011,150,3,0,0,0,0,0,0,0,0,0,0,development
NORMAL,AEGIS_V3.0,300041,1,170,4.292463451810143,0.24161835146694224,-0.6800000000000013,168,2,0,0,0,0,0,0,0,0,0,0,development
NORMAL,AEGIS_V3.0,300042,1,189,5.092835511440869,0.19909042071267075,-0.8200000000000014,182,7,0,0,0,0,0,0,0,0,0,0,development
NORMAL,AEGIS_V3.0,300043,1,47,0.5477966647579053,0.24919193307786375,0.5499999999999998,45,2,0,0,0,0,0,0,0,0,0,0,development
NORMAL,AEGIS_V3.0,300044,1,99,1.615016677715738,0.2337989250618642,0.01999999999999935,98,1,0,0,0,0,0,0,0,0,0,0,development
NORMAL,AEGIS_V3.0,300045,1,117,2.131908291748087,0.22423753162061466,-0.1600000000000008,116,1,0,0,0,0,0,0,0,0,0,0,development
NORMAL,AEGIS_V3.0,300046,1,192,5.471237490146249,0.24343722524054992,-0.9000000000000015,190,2,0,0,0,0,0,0,0,0,0,0,development
NORMAL,AEGIS_V3.0,300047,1,178,4.615148737271607,0.2048328788901201,-0.7500000000000013,175,3,0,0,0,0,0,0,0,0,0,0,development
NORMAL,AEGIS_V3.0,300048,1,170,4.25819846300201,0.2466039523347465,-0.6700000000000013,167,3,0,0,0,0,0,0,0,0,0,0,development
NORMAL,AEGIS_V3.0,300049,1,207,6.097892180352588,0.2422435280240094,-1.0100000000000011,201,6,0,0,0,0,0,0,0,0,0,0,development
NORMAL,AEGIS_V3.0,300050,1,129,2.4904691754201007,0.22795163583320432,-0.2500000000000009,125,4,0,0,0,0,0,0,0,0,0,0,development
NORMAL,AEGIS_V3.0,300051,1,168,4.153121303227442,0.24029330577121236,-0.6500000000000012,165,3,0,0,0,0,0,0,0,0,0,0,development
NORMAL,AEGIS_V3.0,300052,1,88,1.2929156612068173,0.23294791777051926,0.15999999999999948,84,4,0,0,0,0,0,0,0,0,0,0,development
NORMAL,AEGIS_V3.0,300053,1,94,1.4601323208808177,0.233612917435773,0.0699999999999994,93,1,0,0,0,0,0,0,0,0,0,0,development
NORMAL,AEGIS_V3.0,300054,1,142,3.021815267099629,0.21768364123622447,-0.390000000000001,139,3,0,0,0,0,0,0,0,0,0,0,development
NORMAL,AEGIS_V3.0,300055,1,98,1.5605779748401374,0.24099878948630094,0.04999999999999938,95,3,0,0,0,0,0,0,0,0,0,0,development
NORMAL,AEGIS_V3.0,300056,1,210,6.340457878588275,0.2339303263025696,-1.06,206,4,0,0,0,0,0,0,0,0,0,0,development
NORMAL,AEGIS_V3.0,300057,1,66,0.8476401293368725,0.240961816879593,0.34999999999999964,65,1,0,0,0,0,0,0,0,0,0,0,development
NORMAL,AEGIS_V3.0,300058,1,119,2.1830450610153807,0.22925257264479793,-0.1600000000000008,116,3,0,0,0,0,0,0,0,0,0,0,development
NORMAL,AEGIS_V3.0,300059,1,172,4.295651529028516,0.24325317794573836,-0.6600000000000013,166,6,0,0,0,0,0,0,0,0,0,0,development
NORMAL,AEGIS_V3.0,300060,1,158,3.6813822534719347,0.23976250453923229,-0.5300000000000011,153,5,0,0,0,0,0,0,0,0,0,0,development
NORMAL,AEGIS_V3.0,300061,1,163,3.960109562187423,0.22653667645272998,-0.6000000000000012,160,2,1,0,0,0,1,1,0,0,0,0,development
NORMAL,AEGIS_V3.0,300062,1,218,6.799468452948689,0.24739882035948377,-1.1399999999999983,214,4,0,0,0,0,0,0,0,0,0,0,development
NORMAL,AEGIS_V3.0,300063,1,164,3.903345800161917,0.2397093140389562,-0.6000000000000012,160,4,0,0,0,0,0,0,0,0,0,0,development
NORMAL,AEGIS_V3.0,300064,1,194,5.411617703589502,0.24594457654063806,-0.9000000000000015,190,4,0,0,0,0,0,0,0,0,0,0,development
NORMAL,AEGIS_V3.0,300065,1,139,2.9522327180145744,0.2317964953434598,-0.380000000000001,138,1,0,0,0,0,0,0,0,0,0,0,development
NORMAL,AEGIS_V3.0,300066,1,85,1.2510279946070357,0.2322566043623308,0.14999999999999947,85,0,0,0,0,0,0,0,0,0,0,0,development
NORMAL,AEGIS_V3.0,300067,1,178,4.61857375013923,0.209609322226815,-0.7400000000000013,174,4,0,0,0,0,0,0,0,0,0,0,development
NORMAL,AEGIS_V3.0,300068,1,83,1.207022678067074,0.2472777805612507,0.1799999999999995,82,1,0,0,0,0,0,0,0,0,0,0,development
NORMAL,AEGIS_V3.0,300069,1,169,4.223744171568843,0.21136913833855567,-0.6800000000000013,168,1,0,0,0,0,0,0,0,0,0,0,development
NORMAL,AEGIS_V3.0,300070,1,157,3.6666535961393363,0.24200084771161917,-0.5300000000000011,153,4,0,0,0,0,0,0,0,0,0,0,development
NORMAL,AEGIS_V3.0,300071,1,140,2.986436047698873,0.23512463393200697,-0.380000000000001,138,2,0,0,0,0,0,0,0,0,0,0,development
NORMAL,AEGIS_V3.0,300072,1,185,4.99242488489466,0.22133877944312344,-0.8300000000000014,183,2,0,0,0,0,0,0,0,0,0,0,development
NORMAL,AEGIS_V3.0,300073,1,61,0.7632463281060131,0.2405240474810073,0.3899999999999997,61,0,0,0,0,0,0,0,0,0,0,0,development
NORMAL,AEGIS_V3.0,300074,1,177,4.57128533004645,0.21095827058729166,-0.7500000000000013,175,2,0,0,0,0,0,0,0,0,0,0,development
NORMAL,AEGIS_V3.0,300075,1,50,0.5782264082040743,0.24148416014858506,0.5099999999999998,49,1,0,0,0,0,0,0,0,0,0,0,development
NORMAL,AEGIS_V3.0,300076,1,147,3.2172562342715003,0.21319501545798053,-0.45000000000000107,145,2,0,0,0,0,0,0,0,0,0,0,development
NORMAL,AEGIS_V3.0,300077,1,185,4.946456236864033,0.21450347341050732,-0.8100000000000014,181,4,0,0,0,0,0,0,0,0,0,0,development
NORMAL,AEGIS_V3.0,300078,1,213,6.60533747490955,0.20677992120959363,-1.0999999999999992,210,3,0,0,0,0,0,0,0,0,0,0,development
NORMAL,AEGIS_V3.0,300079,1,179,4.725012700538883,0.19960293080735172,-0.7800000000000014,178,1,0,0,0,0,0,0,0,0,0,0,development
NORMAL,AEGIS_V3.0,300080,1,152,3.4229875857810548,0.23250944889575142,-0.4900000000000011,149,3,0,0,0,0,0,0,0,0,0,0,development
NORMAL,AEGIS_V3.0,300081,1,181,4.763661059287123,0.2208310475450229,-0.7800000000000014,178,3,0,0,0,0,0,0,0,0,0,0,development
NORMAL,AEGIS_V3.0,300082,1,123,2.2982606429510803,0.2191720180472801,-0.20000000000000084,120,3,0,0,0,0,0,0,0,0,0,0,development
NORMAL,AEGIS_V3.0,300083,1,133,2.659392360867454,0.24163577325108224,-0.2900000000000009,129,4,0,0,0,0,0,0,0,0,0,0,development
NORMAL,AEGIS_V3.0,300084,1,201,5.833067973353794,0.20317986326889773,-0.9600000000000015,196,5,0,0,0,0,0,0,0,0,0,0,development
NORMAL,AEGIS_V3.0,300085,1,47,0.5457780980080881,0.24747410139530268,0.5499999999999998,45,2,0,0,0,0,0,0,0,0,0,0,development
NORMAL,AEGIS_V3.0,300086,1,194,5.428705669470027,0.24380220588550736,-0.8900000000000015,189,5,0,0,0,0,0,0,0,0,0,0,development
NORMAL,AEGIS_V3.0,300087,1,146,3.231154945940435,0.245850422419881,-0.43000000000000105,143,3,0,0,0,0,0,0,0,0,0,0,development
NORMAL,AEGIS_V3.0,300088,1,121,2.28719159929355,0.23909625461047815,-0.20000000000000084,120,1,0,0,0,0,0,0,0,0,0,0,development
NORMAL,AEGIS_V3.0,300089,1,141,2.9168539453368076,0.2149651265197109,-0.360000000000001,136,5,0,0,0,0,0,0,0,0,0,0,development
NORMAL,AEGIS_V3.0,300090,1,155,3.555517542078562,0.2374533427767774,-0.5200000000000011,152,3,0,0,0,0,0,0,0,0,0,0,development
NORMAL,AEGIS_V3.0,300091,1,193,5.463875375243781,0.20323456694511902,-0.9000000000000015,190,3,0,0,0,0,0,0,0,0,0,0,development
NORMAL,AEGIS_V3.0,300092,1,128,2.442477470105647,0.22631627811779542,-0.24000000000000088,124,4,0,0,0,0,0,0,0,0,0,0,development
NORMAL,AEGIS_V3.0,300093,1,132,2.6913947102204423,0.2242249322543701,-0.32000000000000095,132,0,0,0,0,0,0,0,0,0,0,0,development
NORMAL,AEGIS_V3.0,300094,1,182,4.916535242817655,0.23936745727989223,-0.8100000000000014,181,1,0,0,0,0,0,0,0,0,0,0,development
NORMAL,AEGIS_V3.0,300095,1,191,5.40483623074639,0.22746934560094137,-0.9100000000000015,191,0,0,0,0,0,0,0,0,0,0,0,development
NORMAL,AEGIS_V3.0,300096,1,83,1.1769147945159981,0.2400842572449281,0.1899999999999995,81,2,0,0,0,0,0,0,0,0,0,0,development
NORMAL,AEGIS_V3.0,300097,1,98,1.5192620081897537,0.23155302197205985,0.05999999999999939,94,4,0,0,0,0,0,0,0,0,0,0,development
NORMAL,AEGIS_V3.0,300098,1,63,0.799824657724584,0.249820278747404,0.37999999999999967,62,1,0,0,0,0,0,0,0,0,0,0,development
NORMAL,AEGIS_V3.0,300099,1,202,5.978127889572552,0.20157733332023034,-1.0100000000000011,201,1,0,0,0,0,0,0,0,0,0,0,development
NORMAL,AEGIS_V3.1,300000,1,159,3.759791268580113,0.23840666616442888,-0.5500000000000012,155,3,1,0,0,0,0,0,0,0,0,1,development
NORMAL,AEGIS_V3.1,300001,1,129,2.578165631812988,0.2223870495383352,-0.2900000000000009,129,0,0,0,0,0,0,0,0,0,0,0,development
NORMAL,AEGIS_V3.1,300002,1,198,5.663801831709915,0.23162325303361758,-0.9400000000000015,194,2,2,0,0,0,0,0,0,0,0,2,development
NORMAL,AEGIS_V3.1,300003,1,169,4.0450687787049615,0.22548099476053496,-0.6300000000000012,163,1,5,0,0,0,0,0,0,0,0,5,development
NORMAL,AEGIS_V3.1,300004,1,180,4.493037956563197,0.22666059795696025,-0.7200000000000013,172,1,7,0,0,0,0,0,0,0,0,7,development
NORMAL,AEGIS_V3.1,300005,1,158,3.765493498507378,0.2387127400063363,-0.5700000000000012,157,1,0,0,0,0,0,0,0,0,0,0,development
NORMAL,AEGIS_V3.1,300006,1,194,5.364258193403363,0.2166184763300771,-0.8900000000000015,189,1,4,0,0,0,0,0,0,0,0,4,development
NORMAL,AEGIS_V3.1,300007,1,157,3.5873351811500758,0.2231985514304191,-0.5100000000000011,151,4,2,0,0,0,0,1,0,1,0,2,development
NORMAL,AEGIS_V3.1,300008,1,189,5.024388321601603,0.2208756251576829,-0.8100000000000014,181,5,3,0,0,0,0,0,0,0,0,3,development
NORMAL,AEGIS_V3.1,300009,1,26,0.32766688943072464,0.24425920272816465,0.7599999999999999,24,1,1,0,0,0,0,0,0,0,0,1,development
NORMAL,AEGIS_V3.1,300010,1,161,3.8302359610029235,0.2362540863369465,-0.5700000000000012,157,2,2,0,0,0,0,0,0,0,0,2,development
NORMAL,AEGIS_V3.1,300011,1,69,0.847766819793827,0.24216521982673866,0.36999999999999966,63,0,6,0,0,0,0,0,0,0,0,6,development
NORMAL,AEGIS_V3.1,300012,1,171,4.19944639467213,0.24839350964393864,-0.6600000000000013,166,1,4,0,0,0,0,0,0,0,0,4,development
NORMAL,AEGIS_V3.1,300013,1,155,3.55133962194855,0.23913049633387962,-0.5100000000000011,151,2,2,0,0,0,0,0,0,0,0,2,development
NORMAL,AEGIS_V3.1,300014,1,74,0.9703236213077,0.24552400107021718,0.2999999999999996,70,2,2,0,0,0,0,1,0,1,0,2,development
NORMAL,AEGIS_V3.1,300015,1,71,0.9095667170273074,0.23454915376021399,0.3099999999999996,69,0,2,0,0,0,0,0,0,0,0,2,development
NORMAL,AEGIS_V3.1,300016,1,172,4.270824975827361,0.24387841270973432,-0.6800000000000013,168,2,2,0,0,0,0,0,0,0,0,2,development
NORMAL,AEGIS_V3.1,300017,1,73,0.9172246515438951,0.239744375104648,0.3299999999999996,67,2,4,0,0,0,0,0,0,0,0,4,development
NORMAL,AEGIS_V3.1,300018,1,198,5.571210379038834,0.23311475890232108,-0.9100000000000015,191,5,2,0,0,0,0,0,0,0,0,2,development
NORMAL,AEGIS_V3.1,300019,1,153,3.4497680678527383,0.23191177296591842,-0.4900000000000011,149,2,2,0,0,0,0,0,0,0,0,2,development
NORMAL,AEGIS_V3.1,300020,1,194,5.338421259580731,0.19875383034356212,-0.8900000000000015,189,2,3,0,0,0,0,0,0,0,0,3,development
NORMAL,AEGIS_V3.1,300021,1,160,3.650546551183336,0.23155048320690405,-0.5400000000000011,154,2,4,0,0,0,0,0,0,0,0,4,development
NORMAL,AEGIS_V3.1,300022,1,89,1.286770973353998,0.2334118786843776,0.15999999999999948,84,2,3,0,0,0,0,0,0,0,0,3,development
NORMAL,AEGIS_V3.1,300023,1,163,3.70475552715954,0.2167381517360321,-0.5500000000000012,155,4,4,0,0,0,0,0,0,0,0,4,development
NORMAL,AEGIS_V3.1,300024,1,124,2.2707234545530284,0.24386731265660094,-0.19000000000000083,119,1,4,0,0,0,0,0,0,0,0,4,development
NORMAL,AEGIS_V3.1,300025,1,163,3.778193933740048,0.24195455290996784,-0.5700000000000012,157,2,4,0,0,0,0,0,0,0,0,4,development
NORMAL,AEGIS_V3.1,300026,1,179,4.624093918122799,0.20484581401648463,-0.7600000000000013,176,1,2,0,0,0,0,0,0,0,0,2,development
NORMAL,AEGIS_V3.1,300027,1,141,2.9134080298803497,0.23463870859717728,-0.370000000000001,137,1,3,0,0,0,0,0,0,0,0,3,development
NORMAL,AEGIS_V3.1,300028,1,195,5.4572777230457135,0.23597751588155322,-0.9000000000000015,190,2,3,0,0,0,0,0,0,0,0,3,development
NORMAL,AEGIS_V3.1,300029,1,149,3.172092637297524,0.2191229347510888,-0.42000000000000104,142,4,3,0,0,0,0,0,0,0,0,3,development
NORMAL,AEGIS_V3.1,300030,1,178,4.626073622299966,0.23722009314725098,-0.7400000000000013,174,2,2,0,0,0,0,1,0,1,0,2,development
NORMAL,AEGIS_V3.1,300031,1,162,3.671231657599636,0.23285526147622795,-0.5400000000000011,154,3,5,0,0,0,0,0,0,0,0,5,development
NORMAL,AEGIS_V3.1,300032,1,184,4.849000078936562,0.20678847040984835,-0.7900000000000014,179,4,1,0,0,0,0,0,0,0,0,1,development
NORMAL,AEGIS_V3.1,300033,1,151,3.2385641130846268,0.22282741819119792,-0.45000000000000107,145,4,2,0,0,0,0,0,0,0,0,2,development
NORMAL,AEGIS_V3.1,300034,1,211,6.319717672065973,0.2092138493565145,-1.06,206,2,3,0,0,0,0,0,0,0,0,3,development
NORMAL,AEGIS_V3.1,300035,1,172,4.164434333373568,0.21908522622844873,-0.6600000000000013,166,1,5,0,0,0,0,0,0,0,0,5,development
NORMAL,AEGIS_V3.1,300036,1,215,6.559713717932983,0.20382829495823082,-1.0999999999999992,210,2,3,0,0,0,0,0,0,0,0,3,development
NORMAL,AEGIS_V3.1,300037,1,187,4.9581167546300104,0.21116934754644706,-0.8200000000000014,182,2,3,0,0,0,0,0,0,0,0,3,development
NORMAL,AEGIS_V3.1,300038,1,147,3.0528464142971066,0.24273315166222661,-0.390000000000001,139,3,5,0,0,0,0,2,0,2,0,5,development
NORMAL,AEGIS_V3.1,300039,1,147,3.091458057175093,0.2119593043104067,-0.41000000000000103,141,3,3,0,0,0,0,0,0,0,0,3,development
NORMAL,AEGIS_V3.1,300040,1,157,3.4745123934411346,0.22967062422532183,-0.4900000000000011,149,3,5,0,0,0,0,0,0,0,0,5,development
NORMAL,AEGIS_V3.1,300041,1,172,4.292463451810143,0.22994334215287718,-0.6900000000000013,169,0,3,0,0,0,0,0,0,0,0,3,development
NORMAL,AEGIS_V3.1,300042,1,189,5.092835511440869,0.227909394598261,-0.8200000000000014,182,6,1,0,0,0,0,0,0,0,0,1,development
NORMAL,AEGIS_V3.1,300043,1,50,0.5477966647579053,0.24296128836756847,0.5599999999999998,44,2,4,0,0,0,0,0,0,0,0,4,development
NORMAL,AEGIS_V3.1,300044,1,99,1.615016677715738,0.2337989250618642,0.01999999999999935,98,1,0,0,0,0,0,0,0,0,0,0,development
NORMAL,AEGIS_V3.1,300045,1,118,2.131908291748087,0.2352710793736851,-0.1500000000000008,115,1,2,0,0,0,0,0,0,0,0,2,development
NORMAL,AEGIS_V3.1,300046,1,197,5.471237490146249,0.2277581148817151,-0.9100000000000015,191,1,5,0,0,0,0,0,0,0,0,5,development
NORMAL,AEGIS_V3.1,300047,1,179,4.615148737271607,0.2349805729610812,-0.7500000000000013,175,1,3,0,0,0,0,0,0,0,0,3,development
NORMAL,AEGIS_V3.1,300048,1,170,4.25819846300201,0.23263363599462958,-0.6800000000000013,168,2,0,0,0,0,0,1,0,1,0,0,development
NORMAL,AEGIS_V3.1,300049,1,212,6.097892180352588,0.23692444183874153,-1.0000000000000013,200,6,6,0,0,0,0,0,0,0,0,6,development
NORMAL,AEGIS_V3.1,300050,1,132,2.4904691754201007,0.22099421725092638,-0.24000000000000088,124,4,4,0,0,0,0,0,0,0,0,4,development
NORMAL,AEGIS_V3.1,300051,1,174,4.153121303227442,0.2316086477806535,-0.6400000000000012,164,4,6,0,0,0,0,0,0,0,0,6,development
NORMAL,AEGIS_V3.1,300052,1,89,1.2929156612068173,0.2423714389810041,0.14999999999999947,85,3,1,0,0,0,0,0,0,0,0,1,development
NORMAL,AEGIS_V3.1,300053,1,93,1.4601323208808177,0.23930490974657265,0.0699999999999994,93,0,0,0,0,0,0,0,0,0,0,0,development
NORMAL,AEGIS_V3.1,300054,1,147,3.021815267099629,0.22318394412740217,-0.370000000000001,137,5,5,0,0,0,0,0,0,0,0,5,development
NORMAL,AEGIS_V3.1,300055,1,100,1.5605779748401374,0.24765100399353415,0.05999999999999939,94,1,5,0,0,0,0,0,0,0,0,5,development
NORMAL,AEGIS_V3.1,300056,1,211,6.340457878588275,0.2346372202667495,-1.06,206,2,3,0,0,0,0,0,0,0,0,3,development
NORMAL,AEGIS_V3.1,300057,1,67,0.8476401293368725,0.23899262175768685,0.34999999999999964,65,0,2,0,0,0,0,0,0,0,0,2,development
NORMAL,AEGIS_V3.1,300058,1,124,2.1830450610153807,0.22355619366249146,-0.1500000000000008,115,4,4,1,0,0,0,0,0,0,0,5,development
NORMAL,AEGIS_V3.1,300059,1,172,4.295651529028516,0.23868783419412437,-0.6700000000000013,167,5,0,0,0,0,0,0,0,0,0,0,development
NORMAL,AEGIS_V3.1,300060,1,157,3.6813822534719347,0.22948156105213144,-0.5600000000000012,156,0,1,0,0,0,0,1,0,1,0,1,development
NORMAL,AEGIS_V3.1,300061,1,164,3.960109562187423,0.2448109457501077,-0.5900000000000012,159,3,2,0,0,0,0,1,0,1,0,2,development
NORMAL,AEGIS_V3.1,300062,1,221,6.799468452948689,0.24712708506125955,-1.1299999999999986,213,2,6,0,0,0,0,0,0,0,0,6,development
NORMAL,AEGIS_V3.1,300063,1,166,3.903345800161917,0.24320349611858832,-0.6000000000000012,160,1,4,1,0,0,0,1,0,1,0,5,development
NORMAL,AEGIS_V3.1,300064,1,196,5.411617703589502,0.20247454532342787,-0.9100000000000015,191,3,2,0,0,0,0,1,0,1,0,2,development
NORMAL,AEGIS_V3.1,300065,1,139,2.9522327180145744,0.24690699287779586,-0.380000000000001,138,0,1,0,0,0,0,0,0,0,0,1,development
NORMAL,AEGIS_V3.1,300066,1,88,1.2510279946070357,0.24703210914635698,0.15999999999999948,84,0,4,0,0,0,0,0,0,0,0,4,development
NORMAL,AEGIS_V3.1,300067,1,178,4.61857375013923,0.21188148698749035,-0.7400000000000013,174,3,1,0,0,0,0,0,0,0,0,1,development
NORMAL,AEGIS_V3.1,300068,1,84,1.207022678067074,0.23161973272782074,0.16999999999999948,83,0,1,0,0,0,0,0,0,0,0,1,development
NORMAL,AEGIS_V3.1,300069,1,172,4.223744171568843,0.20340346214979896,-0.6800000000000013,168,0,4,0,0,0,0,0,0,0,0,4,development
NORMAL,AEGIS_V3.1,300070,1,158,3.6666535961393363,0.23517725901699937,-0.5300000000000011,153,3,2,0,0,0,0,0,0,0,0,2,development
NORMAL,AEGIS_V3.1,300071,1,140,2.986436047698873,0.2382594134751724,-0.390000000000001,139,0,1,0,0,0,0,0,0,0,0,1,development
NORMAL,AEGIS_V3.1,300072,1,186,4.99242488489466,0.2190709014484097,-0.8300000000000014,183,0,3,0,0,0,0,0,0,0,0,3,development
NORMAL,AEGIS_V3.1,300073,1,62,0.7632463281060131,0.24794367420117874,0.3999999999999997,60,1,1,0,0,0,0,0,0,0,0,1,development
NORMAL,AEGIS_V3.1,300074,1,179,4.57128533004645,0.20224473350304678,-0.7400000000000013,174,2,3,0,0,0,0,0,0,0,0,3,development
NORMAL,AEGIS_V3.1,300075,1,50,0.5782264082040743,0.24222204732410205,0.5199999999999998,48,0,2,0,0,0,0,0,0,0,0,2,development
NORMAL,AEGIS_V3.1,300076,1,148,3.2172562342715003,0.24777340624393687,-0.44000000000000106,144,1,3,0,0,0,0,0,0,0,0,3,development
NORMAL,AEGIS_V3.1,300077,1,189,4.946456236864033,0.21241023624721064,-0.8100000000000014,181,4,4,0,0,0,0,0,0,0,0,4,development
NORMAL,AEGIS_V3.1,300078,1,215,6.60533747490955,0.2129368264026321,-1.1199999999999988,212,0,3,0,0,0,0,0,0,0,0,3,development
NORMAL,AEGIS_V3.1,300079,1,184,4.725012700538883,0.22120860176571794,-0.7600000000000013,176,4,3,1,0,0,0,0,0,0,0,4,development
NORMAL,AEGIS_V3.1,300080,1,154,3.4229875857810548,0.23451354970349264,-0.4800000000000011,148,3,3,0,0,0,0,0,0,0,0,3,development
NORMAL,AEGIS_V3.1,300081,1,183,4.763661059287123,0.22575730041848174,-0.7800000000000014,178,3,2,0,0,0,0,0,0,0,0,2,development
NORMAL,AEGIS_V3.1,300082,1,123,2.2982606429510803,0.21954245864918273,-0.21000000000000085,121,0,2,0,0,0,0,1,0,1,0,2,development
NORMAL,AEGIS_V3.1,300083,1,134,2.659392360867454,0.224511472245779,-0.30000000000000093,130,3,1,0,0,0,0,0,0,0,0,1,development
NORMAL,AEGIS_V3.1,300084,1,205,5.833067973353794,0.2043458839798088,-0.9600000000000015,196,5,4,0,0,0,0,0,0,0,0,4,development
NORMAL,AEGIS_V3.1,300085,1,49,0.5457780980080881,0.24812709090709886,0.5499999999999998,45,1,3,0,0,0,0,0,0,0,0,3,development
NORMAL,AEGIS_V3.1,300086,1,199,5.428705669470027,0.24591130595231658,-0.8800000000000014,188,8,3,0,0,0,0,0,0,0,0,3,development
NORMAL,AEGIS_V3.1,300087,1,147,3.231154945940435,0.2443398748680567,-0.43000000000000105,143,3,1,0,0,0,0,0,0,0,0,1,development
NORMAL,AEGIS_V3.1,300088,1,124,2.28719159929355,0.2273500025533086,-0.20000000000000084,120,1,3,0,0,0,0,0,0,0,0,3,development
NORMAL,AEGIS_V3.1,300089,1,141,2.9168539453368076,0.2480594764755248,-0.350000000000001,135,3,3,0,0,0,0,1,0,0,0,3,development
NORMAL,AEGIS_V3.1,300090,1,157,3.555517542078562,0.23110139498909105,-0.5200000000000011,152,2,3,0,0,0,0,0,0,0,0,3,development
NORMAL,AEGIS_V3.1,300091,1,196,5.463875375243781,0.22549609384276278,-0.8900000000000015,189,3,4,0,0,0,0,0,0,0,0,4,development
NORMAL,AEGIS_V3.1,300092,1,128,2.442477470105647,0.2209396859452158,-0.24000000000000088,124,2,2,0,0,0,0,0,0,0,0,2,development
NORMAL,AEGIS_V3.1,300093,1,134,2.6913947102204423,0.21480264123303486,-0.32000000000000095,132,0,2,0,0,0,0,0,0,0,0,2,development
NORMAL,AEGIS_V3.1,300094,1,184,4.916535242817655,0.20031155565648628,-0.8100000000000014,181,2,1,0,0,0,0,0,0,0,0,1,development
NORMAL,AEGIS_V3.1,300095,1,197,5.40483623074639,0.21987906030401796,-0.9000000000000015,190,1,6,0,0,0,0,0,0,0,0,6,development
NORMAL,AEGIS_V3.1,300096,1,84,1.1769147945159981,0.2298165800026773,0.1899999999999995,81,0,3,0,0,0,0,1,0,0,0,3,development
NORMAL,AEGIS_V3.1,300097,1,100,1.5192620081897537,0.22957786866580362,0.0699999999999994,93,2,5,0,0,0,0,0,0,0,0,5,development
NORMAL,AEGIS_V3.1,300098,1,66,0.799824657724584,0.2440050220805511,0.3899999999999997,61,1,4,0,0,0,0,0,0,0,0,4,development
NORMAL,AEGIS_V3.1,300099,1,205,5.978127889572552,0.22745384503338664,-0.9900000000000015,199,3,3,0,0,0,0,0,0,0,0,3,development
BIASED,AEGIS_V3.0,310000,0,300,0.6556893608707004,5.066690682135104,-1.0429999999999937,0,2,0,298,0,0,300,300,0,0,0,0,development
BIASED,AEGIS_V3.0,310001,0,300,2.471263097341525,6.890039901722667,-1.0429999999999937,0,2,0,298,0,0,300,300,0,0,0,0,development
BIASED,AEGIS_V3.0,310002,0,300,4.594003603898791,9.013232591503677,-1.0429999999999937,0,2,0,298,0,0,300,300,0,0,0,0,development
BIASED,AEGIS_V3.0,310003,0,300,3.7744996822906987,8.193629670140014,-1.0429999999999937,0,2,0,298,0,0,300,300,0,0,0,0,development
BIASED,AEGIS_V3.0,310004,0,300,3.3967238428198843,7.815781458881439,-1.0429999999999937,0,2,0,298,0,0,300,300,0,0,0,0,development
BIASED,AEGIS_V3.0,310005,0,300,5.493195248311478,9.91248074005402,-1.0429999999999937,0,2,0,298,0,0,300,300,0,0,0,0,development
BIASED,AEGIS_V3.0,310006,0,300,5.292919617472012,9.71216550514949,-1.0429999999999937,0,2,0,298,0,0,300,300,0,0,0,0,development
BIASED,AEGIS_V3.0,310007,0,300,3.9163055392497714,8.335464504782877,-1.0429999999999937,0,2,0,298,0,0,300,300,0,0,0,0,development
BIASED,AEGIS_V3.0,310008,0,300,4.442541222237022,8.861724433998278,-1.0429999999999937,0,2,0,298,0,0,300,300,0,0,0,0,development
BIASED,AEGIS_V3.0,310009,0,300,0.8871783571108015,5.302475165487284,-1.0429999999999937,0,2,0,298,0,0,300,300,0,0,0,0,development
BIASED,AEGIS_V3.0,310010,0,300,2.849389807727168,7.268340651070776,-1.0429999999999937,0,2,0,298,0,0,300,300,0,0,0,0,development
BIASED,AEGIS_V3.0,310011,0,300,2.045016820212129,6.463427081175912,-1.0429999999999937,0,2,0,298,0,0,300,300,0,0,0,0,development
BIASED,AEGIS_V3.0,310012,0,300,3.5766699606007295,7.99578079636802,-1.0429999999999937,0,2,0,298,0,0,300,300,0,0,0,0,development
BIASED,AEGIS_V3.0,310013,0,300,4.5022069455062335,8.921369580428719,-1.0429999999999937,0,2,0,298,0,0,300,300,0,0,0,0,development
BIASED,AEGIS_V3.0,310014,0,300,4.529875373622219,8.949102409493058,-1.0429999999999937,0,2,0,298,0,0,300,300,0,0,0,0,development
BIASED,AEGIS_V3.0,310015,0,300,3.7762147290437738,8.195334856497913,-1.0429999999999937,0,2,0,298,0,0,300,300,0,0,0,0,development
BIASED,AEGIS_V3.0,310016,0,300,6.273864431650084,10.6931752219256,-1.0429999999999937,0,2,0,298,0,0,300,300,0,0,0,0,development
BIASED,AEGIS_V3.0,310017,0,300,3.276041398985498,7.695052790087945,-1.0429999999999937,0,2,0,298,0,0,300,300,0,0,0,0,development
BIASED,AEGIS_V3.0,310018,0,300,2.5428515113213774,6.961739707113236,-1.0429999999999937,0,2,0,298,0,0,300,300,0,0,0,0,development
BIASED,AEGIS_V3.0,310019,0,300,2.189242171328069,6.607960334065972,-1.0429999999999937,0,2,0,298,0,0,300,300,0,0,0,0,development
BIASED,AEGIS_V3.0,310020,0,300,2.5322213477034867,6.951122088426112,-1.0429999999999937,0,2,0,298,0,0,300,300,0,0,0,0,development
BIASED,AEGIS_V3.0,310021,0,300,4.874492453598399,9.293721089715381,-1.0429999999999937,0,2,0,298,0,0,300,300,0,0,0,0,development
BIASED,AEGIS_V3.0,310022,0,300,3.67482227549152,8.09394960899119,-1.0429999999999937,0,2,0,298,0,0,300,300,0,0,0,0,development
BIASED,AEGIS_V3.0,310023,0,300,3.677149940011382,8.096258983201094,-1.0429999999999937,0,2,0,298,0,0,300,300,0,0,0,0,development
BIASED,AEGIS_V3.0,310024,0,300,3.0802044916383546,7.499192908587013,-1.0429999999999937,0,2,0,298,0,0,300,300,0,0,0,0,development
BIASED,AEGIS_V3.0,310025,0,300,2.009083406191746,6.427677055362023,-1.0429999999999937,0,2,0,298,0,0,300,300,0,0,0,0,development
BIASED,AEGIS_V3.0,310026,0,300,6.106875181014502,10.526174570083228,-1.0429999999999937,0,2,0,298,0,0,300,300,0,0,0,0,development
BIASED,AEGIS_V3.0,310027,0,300,6.4739078532277645,10.89323667739622,-1.0429999999999937,0,2,0,298,0,0,300,300,0,0,0,0,development
BIASED,AEGIS_V3.0,310028,0,300,5.8566325528763565,10.275899719227986,-1.0429999999999937,0,2,0,298,0,0,300,300,0,0,0,0,development
BIASED,AEGIS_V3.0,310029,0,300,3.981500586799678,8.400656362171324,-1.0429999999999937,0,2,0,298,0,0,300,300,0,0,0,0,development
BIASED,AEGIS_V3.0,310030,0,300,1.0514972079479092,5.468004709221436,-1.0429999999999937,0,2,0,298,0,0,300,300,0,0,0,0,development
BIASED,AEGIS_V3.0,310031,0,300,1.3050077453566626,5.7223392397835315,-1.0429999999999937,0,2,0,298,0,0,300,300,0,0,0,0,development
BIASED,AEGIS_V3.0,310032,0,300,4.65674089557139,9.075977237039572,-1.0429999999999937,0,2,0,298,0,0,300,300,0,0,0,0,development
BIASED,AEGIS_V3.0,310033,0,300,4.472163702296441,8.891379534271904,-1.0429999999999937,0,2,0,298,0,0,300,300,0,0,0,0,development
BIASED,AEGIS_V3.0,310034,0,300,3.8777950758269557,8.296959554279217,-1.0429999999999937,0,2,0,298,0,0,300,300,0,0,0,0,development
BIASED,AEGIS_V3.0,310035,0,300,3.8995408906210267,8.318652692710037,-1.0429999999999937,0,2,0,298,0,0,300,300,0,0,0,0,development
BIASED,AEGIS_V3.0,310036,0,300,3.461070351012786,7.880188917569307,-1.0429999999999937,0,2,0,298,0,0,300,300,0,0,0,0,development
BIASED,AEGIS_V3.0,310037,0,300,3.191501916975059,7.610528954533223,-1.0429999999999937,0,2,0,298,0,0,300,300,0,0,0,0,development
BIASED,AEGIS_V3.0,310038,0,300,5.115352280664985,9.534596011428311,-1.0429999999999937,0,2,0,298,0,0,300,300,0,0,0,0,development
BIASED,AEGIS_V3.0,310039,0,300,1.822083639731344,6.240482449211252,-1.0429999999999937,0,2,0,298,0,0,300,300,0,0,0,0,development
BIASED,AEGIS_V3.0,310040,0,300,3.915921373421764,8.33509458852982,-1.0429999999999937,0,2,0,298,0,0,300,300,0,0,0,0,development
BIASED,AEGIS_V3.0,310041,0,300,3.4161505590507066,7.835217540685807,-1.0429999999999937,0,2,0,298,0,0,300,300,0,0,0,0,development
BIASED,AEGIS_V3.0,310042,0,300,3.2324855208527095,7.651505582301365,-1.0429999999999937,0,2,0,298,0,0,300,300,0,0,0,0,development
BIASED,AEGIS_V3.0,310043,0,300,3.957784704585576,8.376950822396974,-1.0429999999999937,0,2,0,298,0,0,300,300,0,0,0,0,development
BIASED,AEGIS_V3.0,310044,0,300,0.6030261885091347,5.01476808786411,-1.0429999999999937,0,2,0,298,0,0,300,300,0,0,0,0,development
BIASED,AEGIS_V3.0,310045,0,300,5.194519551247924,9.613812586491463,-1.0429999999999937,0,2,0,298,0,0,300,300,0,0,0,0,development
BIASED,AEGIS_V3.0,310046,0,300,1.7074627893612622,6.125587120423516,-1.0429999999999937,0,2,0,298,0,0,300,300,0,0,0,0,development
BIASED,AEGIS_V3.0,310047,0,300,3.8511389298015195,8.27028011120209,-1.0429999999999937,0,2,0,298,0,0,300,300,0,0,0,0,development
BIASED,AEGIS_V3.0,310048,0,300,4.29541466443449,8.714604477211012,-1.0429999999999937,0,2,0,298,0,0,300,300,0,0,0,0,development
BIASED,AEGIS_V3.0,310049,0,300,0.7388390061748329,5.1524309779309805,-1.0429999999999937,0,2,0,298,0,0,300,300,0,0,0,0,development
BIASED,AEGIS_V3.0,310050,0,300,3.7754829568722745,8.194636048027082,-1.0429999999999937,0,2,0,298,0,0,300,300,0,0,0,0,development
BIASED,AEGIS_V3.0,310051,0,300,3.8899622343943987,8.309145192564086,-1.0429999999999937,0,2,0,298,0,0,300,300,0,0,0,0,development
BIASED,AEGIS_V3.0,310052,0,300,2.67024822208934,7.089096828619704,-1.0429999999999937,0,2,0,298,0,0,300,300,0,0,0,0,development
BIASED,AEGIS_V3.0,310053,0,300,5.174680451658193,9.593924317819063,-1.0429999999999937,0,2,0,298,0,0,300,300,0,0,0,0,development
BIASED,AEGIS_V3.0,310054,0,300,4.920442130283301,9.33969094154296,-1.0429999999999937,0,2,0,298,0,0,300,300,0,0,0,0,development
BIASED,AEGIS_V3.0,310055,0,300,3.4363972717294344,7.855446999297689,-1.0429999999999937,0,2,0,298,0,0,300,300,0,0,0,0,development
BIASED,AEGIS_V3.0,310056,0,300,2.6143994308405594,7.033226861563218,-1.0429999999999937,0,2,0,298,0,0,300,300,0,0,0,0,development
BIASED,AEGIS_V3.0,310057,0,300,4.117708733588987,8.536874545556058,-1.0429999999999937,0,2,0,298,0,0,300,300,0,0,0,0,development
BIASED,AEGIS_V3.0,310058,0,300,4.237051990729724,8.656239997496666,-1.0429999999999937,0,2,0,298,0,0,300,300,0,0,0,0,development
BIASED,AEGIS_V3.0,310059,0,300,1.8820150912003362,6.300579548426845,-1.0429999999999937,0,2,0,298,0,0,300,300,0,0,0,0,development
BIASED,AEGIS_V3.0,310060,0,300,1.2952854430352057,5.712854037997367,-1.0429999999999937,0,2,0,298,0,0,300,300,0,0,0,0,development
BIASED,AEGIS_V3.0,310061,0,300,3.694815448234088,8.11385109620775,-1.0429999999999937,0,2,0,298,0,0,300,300,0,0,0,0,development
BIASED,AEGIS_V3.0,310062,0,300,3.7064192576897073,8.125486664255503,-1.0429999999999937,0,2,0,298,0,0,300,300,0,0,0,0,development
BIASED,AEGIS_V3.0,310063,0,300,3.784188126047036,8.203325822909344,-1.0429999999999937,0,2,0,298,0,0,300,300,0,0,0,0,development
BIASED,AEGIS_V3.0,310064,0,300,4.878938565585343,9.298171307415751,-1.0429999999999937,0,2,0,298,0,0,300,300,0,0,0,0,development
BIASED,AEGIS_V3.0,310065,0,300,3.911246124828281,8.330391706887363,-1.0429999999999937,0,2,0,298,0,0,300,300,0,0,0,0,development
BIASED,AEGIS_V3.0,310066,0,300,2.81174306747763,7.230678560122822,-1.0429999999999937,0,2,0,298,0,0,300,300,0,0,0,0,development
BIASED,AEGIS_V3.0,310067,0,300,2.040414524072208,6.458963923266415,-1.0429999999999937,0,2,0,298,0,0,300,300,0,0,0,0,development
BIASED,AEGIS_V3.0,310068,0,300,1.0022862435740383,5.418538938926455,-1.0429999999999937,0,2,0,298,0,0,300,300,0,0,0,0,development
BIASED,AEGIS_V3.0,310069,0,300,3.934506486291664,8.35358241685045,-1.0429999999999937,0,2,0,298,0,0,300,300,0,0,0,0,development
BIASED,AEGIS_V3.0,310070,0,300,3.5469525742178822,7.966025208981635,-1.0429999999999937,0,2,0,298,0,0,300,300,0,0,0,0,development
BIASED,AEGIS_V3.0,310071,0,300,0.47474670469721536,4.8849450668680126,-1.0429999999999937,0,2,0,298,0,0,300,300,0,0,0,0,development
BIASED,AEGIS_V3.0,310072,0,300,3.1656320018926203,7.584678534451107,-1.0429999999999937,0,2,0,298,0,0,300,300,0,0,0,0,development
BIASED,AEGIS_V3.0,310073,0,300,1.0308016239557933,5.447605807982547,-1.0429999999999937,0,2,0,298,0,0,300,300,0,0,0,0,development
BIASED,AEGIS_V3.0,310074,0,300,4.591124451470346,9.0103233717749,-1.0429999999999937,0,2,0,298,0,0,300,300,0,0,0,0,development
BIASED,AEGIS_V3.0,310075,0,300,5.0742754678470225,9.493550524470482,-1.0429999999999937,0,2,0,298,0,0,300,300,0,0,0,0,development
BIASED,AEGIS_V3.0,310076,0,300,4.660485143721417,9.079738893205937,-1.0429999999999937,0,2,0,298,0,0,300,300,0,0,0,0,development
BIASED,AEGIS_V3.0,310077,0,300,3.237777245266714,7.656851389456513,-1.0429999999999937,0,2,0,298,0,0,300,300,0,0,0,0,development
BIASED,AEGIS_V3.0,310078,0,300,1.900522586286311,6.318870820401755,-1.0429999999999937,0,2,0,298,0,0,300,300,0,0,0,0,development
BIASED,AEGIS_V3.0,310079,0,300,2.544109323447953,6.963085303051173,-1.0429999999999935,0,2,0,298,0,0,300,300,0,0,0,0,development
BIASED,AEGIS_V3.0,310080,0,300,0.9990053474875384,5.415320956445964,-1.0429999999999935,0,2,0,298,0,0,300,300,0,0,0,0,development
BIASED,AEGIS_V3.0,310081,0,300,4.994717918109678,9.413945226216502,-1.0429999999999937,0,2,0,298,0,0,300,300,0,0,0,0,development
BIASED,AEGIS_V3.0,310082,0,300,4.664761449221675,9.08397215815372,-1.0429999999999937,0,2,0,298,0,0,300,300,0,0,0,0,development
BIASED,AEGIS_V3.0,310083,0,300,1.7158566943538633,6.134221291076075,-1.0429999999999937,0,2,0,298,0,0,300,300,0,0,0,0,development
BIASED,AEGIS_V3.0,310084,0,300,2.617942259018925,7.036756107594368,-1.0429999999999937,0,2,0,298,0,0,300,300,0,0,0,0,development
BIASED,AEGIS_V3.0,310085,0,300,4.644065091468442,9.06329667093421,-1.0429999999999937,0,2,0,298,0,0,300,300,0,0,0,0,development
BIASED,AEGIS_V3.0,310086,0,300,2.3480942220334358,6.766816914406012,-1.0429999999999937,0,2,0,298,0,0,300,300,0,0,0,0,development
BIASED,AEGIS_V3.0,310087,0,300,4.0847880060793225,8.503957314743397,-1.0429999999999937,0,2,0,298,0,0,300,300,0,0,0,0,development
BIASED,AEGIS_V3.0,310088,0,300,4.93569775697297,9.354919225386155,-1.0429999999999937,0,2,0,298,0,0,300,300,0,0,0,0,development
BIASED,AEGIS_V3.0,310089,0,300,3.1949868519748734,7.61401364563588,-1.0429999999999937,0,2,0,298,0,0,300,300,0,0,0,0,development
BIASED,AEGIS_V3.0,310090,0,300,0.9001070604176324,5.315362558341079,-1.0429999999999937,0,2,0,298,0,0,300,300,0,0,0,0,development
BIASED,AEGIS_V3.0,310091,0,300,0.5178404280549221,4.928467359746124,-1.0429999999999937,0,2,0,298,0,0,300,300,0,0,0,0,development
BIASED,AEGIS_V3.0,310092,0,300,5.136866288278732,9.556127738268948,-1.0429999999999937,0,2,0,298,0,0,300,300,0,0,0,0,development
BIASED,AEGIS_V3.0,310093,0,300,0.654605464744941,5.068239400750473,-1.0429999999999937,0,2,0,298,0,0,300,300,0,0,0,0,development
BIASED,AEGIS_V3.0,310094,0,300,3.037246334946254,7.456207120320454,-1.0429999999999937,0,2,0,298,0,0,300,300,0,0,0,0,development
BIASED,AEGIS_V3.0,310095,0,300,3.251141092467872,7.6701766960039235,-1.0429999999999937,0,2,0,298,0,0,300,300,0,0,0,0,development
BIASED,AEGIS_V3.0,310096,0,300,0.7371684420159542,5.151916591257134,-1.0429999999999937,0,2,0,298,0,0,300,300,0,0,0,0,development
BIASED,AEGIS_V3.0,310097,0,300,2.7486769159180793,7.167701133710334,-1.0429999999999937,0,2,0,298,0,0,300,300,0,0,0,0,development
BIASED,AEGIS_V3.0,310098,0,300,4.292341026685516,8.711523327100736,-1.0429999999999937,0,2,0,298,0,0,300,300,0,0,0,0,development
BIASED,AEGIS_V3.0,310099,0,300,4.0931289303173415,8.51227062143485,-1.0429999999999937,0,2,0,298,0,0,300,300,0,0,0,0,development
BIASED,AEGIS_V3.1,310000,1,61,0.6556893608707004,0.24978074076088339,0.5099999999999998,49,3,9,0,0,0,0,58,0,50,0,9,development
BIASED,AEGIS_V3.1,310001,1,135,2.471263097341525,0.24992627483832883,-0.1610000000000007,116,7,10,2,0,0,0,135,0,124,0,11,development
BIASED,AEGIS_V3.1,310002,1,183,4.594003603898791,0.21095525983362215,-0.7200000000000013,172,4,7,0,0,0,0,183,0,176,0,7,development
BIASED,AEGIS_V3.1,310003,1,162,3.7744996822906987,0.24640122087745164,-0.5500000000000012,155,4,3,0,0,0,0,162,0,159,0,3,development
BIASED,AEGIS_V3.1,310004,1,158,3.3967238428198843,0.2329611496165422,-0.4600000000000011,146,5,7,0,0,0,0,158,0,151,0,7,development
BIASED,AEGIS_V3.1,310005,1,205,5.493195248311478,0.24915081193309785,-0.8400000000000014,184,12,9,0,0,0,0,205,0,196,0,9,development
BIASED,AEGIS_V3.1,310006,1,196,5.292919617472012,0.23060601979013914,-0.8400000000000014,184,6,6,0,0,0,0,196,0,190,0,6,development
BIASED,AEGIS_V3.1,310007,1,164,3.9163055392497714,0.24545922574749776,-0.5700000000000012,157,6,1,0,0,0,0,164,0,163,0,1,development
BIASED,AEGIS_V3.1,310008,1,177,4.442541222237022,0.22922229929976187,-0.7100000000000013,171,2,4,0,0,0,0,177,0,173,0,4,development
BIASED,AEGIS_V3.1,310009,0,300,0.8871783571108015,1.0469210867845353,-2.240999999999996,224,18,49,9,0,12,0,4,0,2,0,55,development
BIASED,AEGIS_V3.1,310010,1,147,2.849389807727168,0.21644658599265615,-0.33000000000000096,133,5,8,1,0,0,0,147,0,138,0,9,development
BIASED,AEGIS_V3.1,310011,1,119,2.045016820212129,0.22454454376234964,-0.11000000000000076,111,1,7,0,0,0,0,119,0,112,0,7,development
BIASED,AEGIS_V3.1,310012,1,162,3.5766699606007295,0.24823028666206884,-0.4900000000000011,149,7,5,1,0,0,0,162,0,156,0,6,development
BIASED,AEGIS_V3.1,310013,1,180,4.5022069455062335,0.22543849467315047,-0.7100000000000013,171,4,5,0,0,0,0,180,0,175,0,5,development
BIASED,AEGIS_V3.1,310014,1,184,4.529875373622219,0.2102302185992136,-0.7000000000000013,170,6,8,0,0,0,0,184,0,176,0,8,development
BIASED,AEGIS_V3.1,310015,1,165,3.7762147290437738,0.22478881627578293,-0.5100000000000011,151,10,4,0,0,0,0,165,0,161,0,4,development
BIASED,AEGIS_V3.1,310016,1,217,6.273864431650084,0.20117062045447084,-0.9800000000000015,198,13,6,0,0,0,0,217,0,211,0,6,development
BIASED,AEGIS_V3.1,310017,1,154,3.276041398985498,0.21364525887242788,-0.44000000000000106,144,5,5,0,0,0,0,154,0,149,0,5,development
BIASED,AEGIS_V3.1,310018,1,132,2.5428515113213774,0.24722595733751132,-0.2600000000000009,126,2,4,0,0,0,0,132,0,128,0,4,development
BIASED,AEGIS_V3.1,310019,1,123,2.189242171328069,0.24415374165231452,-0.13000000000000078,113,3,7,0,0,0,0,123,0,116,0,7,development
BIASED,AEGIS_V3.1,310020,1,134,2.5322213477034867,0.2316997776992237,-0.24000000000000088,124,2,8,0,0,0,0,134,0,126,0,8,development
BIASED,AEGIS_V3.1,310021,1,187,4.874492453598399,0.23216250698100113,-0.7800000000000014,178,2,7,0,0,0,0,187,0,180,0,7,development
BIASED,AEGIS_V3.1,310022,1,160,3.67482227549152,0.23860917195548814,-0.5400000000000011,154,3,3,0,0,0,0,160,0,157,0,3,development
BIASED,AEGIS_V3.1,310023,1,165,3.677149940011382,0.24530397334145781,-0.5100000000000011,151,8,6,0,0,0,0,165,0,159,0,6,development
BIASED,AEGIS_V3.1,310024,1,153,3.0802044916383546,0.21465396376372775,-0.3910000000000009,139,2,10,2,0,0,0,153,0,141,0,12,development
BIASED,AEGIS_V3.1,310025,1,121,2.009083406191746,0.23390215438795198,-0.07000000000000073,107,6,8,0,0,0,0,121,0,113,0,8,development
BIASED,AEGIS_V3.1,310026,1,213,6.106875181014502,0.23214796392991172,-0.9800000000000015,198,7,8,0,0,0,0,213,0,205,0,8,development
BIASED,AEGIS_V3.1,310027,1,224,6.4739078532277645,0.19412109287977933,-1.0500000000000003,205,9,10,0,0,0,0,224,0,214,0,10,development
BIASED,AEGIS_V3.1,310028,1,212,5.8566325528763565,0.24670843349147653,-0.9200000000000015,192,11,9,0,0,0,0,212,0,203,0,9,development
BIASED,AEGIS_V3.1,310029,1,170,3.981500586799678,0.21798332457906003,-0.5700000000000012,157,7,6,0,0,0,0,170,0,164,0,6,development
BIASED,AEGIS_V3.1,310030,1,83,1.0514972079479092,0.24395888937998017,0.2699999999999996,73,2,8,0,0,0,0,83,0,75,0,8,development
BIASED,AEGIS_V3.1,310031,1,95,1.3050077453566626,0.23936563246822762,0.1999999999999995,80,6,9,0,0,0,0,95,0,86,0,9,development
BIASED,AEGIS_V3.1,310032,1,185,4.65674089557139,0.2378574777117013,-0.7100000000000013,171,7,7,0,0,0,0,185,0,178,0,7,development
BIASED,AEGIS_V3.1,310033,1,179,4.472163702296441,0.20879163938350126,-0.7100000000000013,171,4,4,0,0,0,0,179,0,175,0,4,development
BIASED,AEGIS_V3.1,310034,1,167,3.8777950758269557,0.23773935144836605,-0.5900000000000012,159,3,5,0,0,0,0,167,0,162,0,5,development
BIASED,AEGIS_V3.1,310035,1,171,3.8995408906210267,0.22270521065479662,-0.5700000000000012,157,7,7,0,0,0,0,171,0,164,0,7,development
BIASED,AEGIS_V3.1,310036,1,155,3.461070351012786,0.23553729228620343,-0.4800000000000011,148,4,3,0,0,0,0,155,0,152,0,3,development
BIASED,AEGIS_V3.1,310037,1,152,3.191501916975059,0.21029011922324797,-0.41000000000000103,141,3,8,0,0,0,0,152,0,144,0,8,development
BIASED,AEGIS_V3.1,310038,1,194,5.115352280664985,0.2088786732704485,-0.8100000000000014,181,9,4,0,0,0,0,194,0,190,0,4,development
BIASED,AEGIS_V3.1,310039,1,111,1.822083639731344,0.23352026975073187,-0.030000000000000693,103,3,5,0,0,0,0,111,0,106,0,5,development
BIASED,AEGIS_V3.1,310040,1,172,3.915921373421764,0.2062329695341941,-0.5800000000000012,158,7,7,0,0,0,0,172,0,165,0,7,development
BIASED,AEGIS_V3.1,310041,1,157,3.4161505590507066,0.23248976285734416,-0.45000000000000107,145,4,8,0,0,0,0,157,0,149,0,8,development
BIASED,AEGIS_V3.1,310042,1,153,3.2324855208527095,0.21665981559554198,-0.42000000000000104,142,5,6,0,0,0,0,153,0,147,0,6,development
BIASED,AEGIS_V3.1,310043,1,170,3.957784704585576,0.22958404630728488,-0.6000000000000012,160,1,9,0,0,0,0,170,0,161,0,9,development
BIASED,AEGIS_V3.1,310044,1,55,0.6030261885091347,0.24592792812285277,0.5099999999999998,49,1,5,0,0,0,0,55,0,50,0,5,development
BIASED,AEGIS_V3.1,310045,1,193,5.194519551247924,0.2298139218140219,-0.8300000000000014,183,4,6,0,0,0,0,193,0,187,0,6,development
BIASED,AEGIS_V3.1,310046,1,107,1.7074627893612622,0.2307539724590689,-6.661338147750939e-16,100,3,4,0,0,0,0,107,0,103,0,4,development
BIASED,AEGIS_V3.1,310047,1,169,3.8511389298015195,0.2333594266111439,-0.5400000000000011,154,6,9,0,0,0,0,169,0,160,0,9,development
BIASED,AEGIS_V3.1,310048,1,179,4.29541466443449,0.2368633064459405,-0.6500000000000012,165,4,10,0,0,0,0,179,0,169,0,10,development
BIASED,AEGIS_V3.1,310049,1,63,0.7388390061748329,0.24265818461027,0.4199999999999997,58,0,5,0,0,0,0,63,0,58,0,5,development
BIASED,AEGIS_V3.1,310050,1,165,3.7754829568722745,0.247166027263148,-0.5500000000000012,155,3,7,0,0,0,0,165,0,158,0,7,development
BIASED,AEGIS_V3.1,310051,1,166,3.8899622343943987,0.24943692858669508,-0.5700000000000012,157,3,6,0,0,0,0,166,0,160,0,6,development
BIASED,AEGIS_V3.1,310052,1,138,2.67024822208934,0.2282723981385511,-0.2800000000000009,128,3,7,0,0,0,0,138,0,131,0,7,development
BIASED,AEGIS_V3.1,310053,1,198,5.174680451658193,0.21832080837362933,-0.7900000000000014,179,11,8,0,0,0,0,198,0,190,0,8,development
BIASED,AEGIS_V3.1,310054,1,191,4.920442130283301,0.21106772916024868,-0.7400000000000013,174,6,11,0,0,0,1,190,0,180,1,10,development
BIASED,AEGIS_V3.1,310055,1,154,3.4363972717294344,0.24694655940673826,-0.4600000000000011,146,2,6,0,0,0,0,154,0,148,0,6,development
BIASED,AEGIS_V3.1,310056,1,136,2.6143994308405594,0.2333581830383862,-0.2500000000000009,125,4,7,0,0,0,0,136,0,129,0,7,development
BIASED,AEGIS_V3.1,310057,1,171,4.117708733588987,0.20869169047796018,-0.6300000000000012,163,3,5,0,0,0,0,171,0,166,0,5,development
BIASED,AEGIS_V3.1,310058,1,175,4.237051990729724,0.24781493469488158,-0.6510000000000011,165,1,7,2,0,0,0,175,0,167,0,8,development
BIASED,AEGIS_V3.1,310059,1,113,1.8820150912003362,0.22444542653188154,-0.0400000000000007,104,3,6,0,0,0,0,113,0,107,0,6,development
BIASED,AEGIS_V3.1,310060,1,91,1.2952854430352057,0.23975052433205934,0.16999999999999948,83,2,6,0,0,0,0,91,0,85,0,6,development
BIASED,AEGIS_V3.1,310061,1,164,3.694815448234088,0.22848546533021946,-0.5400000000000011,154,3,7,0,0,0,0,164,0,157,0,7,development
BIASED,AEGIS_V3.1,310062,1,165,3.7064192576897073,0.24728344207140301,-0.4900000000000011,149,9,6,1,0,0,0,165,0,159,0,6,development
BIASED,AEGIS_V3.1,310063,1,168,3.784188126047036,0.22694024438729538,-0.5400000000000011,154,5,8,1,0,0,0,168,0,160,0,8,development
BIASED,AEGIS_V3.1,310064,1,192,4.878938565585343,0.21874187746299434,-0.7300000000000013,173,12,7,0,0,0,0,192,0,185,0,7,development
BIASED,AEGIS_V3.1,310065,1,163,3.911246124828281,0.2105168676927615,-0.6100000000000012,161,0,2,0,0,0,0,163,0,161,0,2,development
BIASED,AEGIS_V3.1,310066,1,142,2.81174306747763,0.21530458864103236,-0.32000000000000095,132,4,6,0,0,0,0,142,0,136,0,6,development
BIASED,AEGIS_V3.1,310067,1,119,2.040414524072208,0.23719845607073847,-0.10000000000000075,110,1,8,0,0,0,0,119,0,111,0,8,development
BIASED,AEGIS_V3.1,310068,0,30,1.0022862435740383,0.9016721373323382,-0.20100000000000004,20,4,4,3,0,0,0,25,1,20,0,5,development
BIASED,AEGIS_V3.1,310069,1,172,3.934506486291664,0.2180183965734031,-0.5700000000000012,157,6,9,0,0,0,0,172,0,163,0,9,development
BIASED,AEGIS_V3.1,310070,1,156,3.5469525742178822,0.22066189818005738,-0.5200000000000011,152,1,3,0,0,0,0,156,0,153,0,3,development
BIASED,AEGIS_V3.1,310071,1,43,0.47474670469721536,0.24532578689926576,0.6199999999999999,38,2,3,0,0,0,0,43,0,40,0,3,development
BIASED,AEGIS_V3.1,310072,1,150,3.1656320018926203,0.24513849636157706,-0.41000000000000103,141,3,6,0,0,0,0,150,0,144,0,6,development
BIASED,AEGIS_V3.1,310073,1,80,1.0308016239557933,0.24814535081007671,0.2799999999999996,72,1,7,0,0,0,0,80,0,73,0,7,development
BIASED,AEGIS_V3.1,310074,1,183,4.591124451470346,0.2229255871785882,-0.7300000000000013,173,5,5,0,0,0,0,183,0,178,0,5,development
BIASED,AEGIS_V3.1,310075,1,194,5.0742754678470225,0.2279274463802113,-0.7900000000000014,179,8,7,0,0,0,0,194,0,187,0,7,development
BIASED,AEGIS_V3.1,310076,1,179,4.660485143721417,0.24475089721550414,-0.7100000000000013,171,6,2,0,0,0,0,179,0,177,0,2,development
BIASED,AEGIS_V3.1,310077,1,150,3.237777245266714,0.20935476765522995,-0.4600000000000011,146,1,3,0,0,0,0,150,0,147,0,3,development
BIASED,AEGIS_V3.1,310078,1,117,1.900522586286311,0.22436325451168607,-0.05000000000000071,105,4,8,0,0,0,0,117,0,109,0,8,development
BIASED,AEGIS_V3.1,310079,1,137,2.544109323447953,0.22855063209003718,-0.2510000000000008,125,1,9,2,0,0,0,137,0,126,0,11,development
BIASED,AEGIS_V3.1,310080,1,80,0.9990053474875384,0.2353216759560076,0.2999999999999996,70,5,5,0,0,0,0,79,0,74,0,5,development
BIASED,AEGIS_V3.1,310081,1,194,4.994717918109678,0.20848709333907955,-0.7800000000000014,178,10,6,0,0,0,0,194,0,188,0,6,development
BIASED,AEGIS_V3.1,310082,1,187,4.664761449221675,0.20766697389976393,-0.7400000000000013,174,6,4,3,0,0,0,187,0,181,0,6,development
BIASED,AEGIS_V3.1,310083,1,109,1.7158566943538633,0.23560663518919098,0.009999999999999343,99,3,7,0,0,0,0,109,0,102,0,7,development
BIASED,AEGIS_V3.1,310084,1,137,2.617942259018925,0.2437686052836362,-0.2500000000000009,125,5,7,0,0,0,0,137,0,130,0,7,development
BIASED,AEGIS_V3.1,310085,1,184,4.644065091468442,0.20502093400869215,-0.7200000000000013,172,7,4,1,0,0,0,184,0,179,0,5,development
BIASED,AEGIS_V3.1,310086,1,129,2.3480942220334358,0.21692622220625535,-0.19000000000000083,119,2,8,0,0,0,0,129,0,121,0,8,development
BIASED,AEGIS_V3.1,310087,1,169,4.0847880060793225,0.2418111080239938,-0.6100000000000012,161,5,3,0,0,0,0,169,0,166,0,3,development
BIASED,AEGIS_V3.1,310088,1,190,4.93569775697297,0.22288951479889257,-0.7900000000000014,179,6,5,0,0,0,0,190,0,185,0,5,development
BIASED,AEGIS_V3.1,310089,1,154,3.1949868519748734,0.22301072481856352,-0.42000000000000104,142,3,9,0,0,0,0,154,0,145,0,9,development
BIASED,AEGIS_V3.1,310090,1,75,0.9001070604176324,0.23286916305939834,0.33999999999999964,66,1,7,1,0,0,0,75,0,67,0,8,development
BIASED,AEGIS_V3.1,310091,1,47,0.5178404280549221,0.24653796418820706,0.5799999999999998,42,1,4,0,0,0,0,47,0,43,0,4,development
BIASED,AEGIS_V3.1,310092,1,191,5.136866288278732,0.2023287672292879,-0.8400000000000014,184,3,4,0,0,0,0,191,0,187,0,4,development
BIASED,AEGIS_V3.1,310093,1,58,0.654605464744941,0.24851883491654894,0.47999999999999976,52,0,6,0,0,0,0,58,0,52,0,6,development
BIASED,AEGIS_V3.1,310094,1,143,3.037246334946254,0.2203389874314244,-0.400000000000001,140,1,2,0,0,0,0,143,0,141,0,2,development
BIASED,AEGIS_V3.1,310095,1,152,3.251141092467872,0.23528388386066051,-0.43000000000000105,143,3,6,0,0,0,0,152,0,146,0,6,development
BIASED,AEGIS_V3.1,310096,1,61,0.7371684420159542,0.24966800950774373,0.4399999999999997,56,1,4,0,0,0,0,61,0,57,0,4,development
BIASED,AEGIS_V3.1,310097,1,143,2.7486769159180793,0.22975849064887696,-0.2800000000000009,128,7,7,1,0,0,0,143,0,136,0,7,development
BIASED,AEGIS_V3.1,310098,1,175,4.292341026685516,0.2313267851798827,-0.6400000000000012,164,7,4,0,0,0,0,175,0,171,0,4,development
BIASED,AEGIS_V3.1,310099,1,168,4.0931289303173415,0.2491735907458134,-0.6300000000000012,163,1,4,0,0,0,0,168,0,164,0,4,development
HEAVY_TAIL,AEGIS_V3.0,320000,1,180,3.4445303634640934,0.23932492924763732,-0.30700000000000083,130,16,32,2,0,0,19,19,0,0,0,0,development
HEAVY_TAIL,AEGIS_V3.0,320001,1,198,4.867869119440146,0.2145978554630463,-0.6900000000000013,169,10,19,0,0,0,7,7,0,0,0,0,development
HEAVY_TAIL,AEGIS_V3.0,320002,1,148,2.697695449083961,0.23090897095676666,-0.18350000000000066,118,6,23,1,0,0,6,6,0,0,0,0,development
HEAVY_TAIL,AEGIS_V3.0,320003,1,209,5.196998983645443,0.23302089011752744,-0.7135000000000014,171,4,33,1,0,0,7,7,0,0,0,0,development
HEAVY_TAIL,AEGIS_V3.0,320004,1,212,5.3917466376155305,0.2315509502473604,-0.6935000000000013,169,8,34,1,0,0,10,10,0,0,0,0,development
HEAVY_TAIL,AEGIS_V3.0,320005,1,169,3.628504766047917,0.2146722835323305,-0.42000000000000104,142,5,22,0,0,0,3,3,0,0,0,0,development
HEAVY_TAIL,AEGIS_V3.0,320006,1,83,1.06499597305448,0.24091381230431952,0.3099999999999996,69,4,10,0,0,0,2,2,0,0,0,0,development
HEAVY_TAIL,AEGIS_V3.0,320007,1,149,2.7849673713001253,0.24477213015636248,-0.24000000000000088,124,6,19,0,0,0,7,7,0,0,0,0,development
HEAVY_TAIL,AEGIS_V3.0,320008,1,191,4.232246377680027,0.22316164573135966,-0.500500000000001,149,9,30,3,0,0,12,12,0,0,0,0,development
HEAVY_TAIL,AEGIS_V3.0,320009,1,158,2.965525295433119,0.24585718492155254,-0.23700000000000077,123,6,27,2,0,0,7,7,0,0,0,0,development
HEAVY_TAIL,AEGIS_V3.0,320010,1,183,4.195482839242999,0.22035113697020894,-0.5435000000000012,154,5,23,1,0,0,6,6,0,0,0,0,development
HEAVY_TAIL,AEGIS_V3.0,320011,1,212,4.999959406314206,0.24484808026899954,-0.6635000000000013,166,14,31,1,0,0,12,12,0,0,0,0,development
HEAVY_TAIL,AEGIS_V3.0,320012,1,62,0.6863368936152572,0.24455459871666285,0.48999999999999966,51,3,8,0,0,0,4,4,0,0,0,0,development
HEAVY_TAIL,AEGIS_V3.0,320013,1,200,4.8307245680082,0.21678941159005827,-0.6400000000000012,164,11,25,0,0,0,12,12,0,0,0,0,development
HEAVY_TAIL,AEGIS_V3.0,320014,1,180,3.8786113554320143,0.23897943823967624,-0.4435000000000011,144,7,28,1,0,0,7,7,0,0,0,0,development
HEAVY_TAIL,AEGIS_V3.0,320015,1,81,1.0167755325369032,0.24985196041750435,0.30649999999999955,69,3,8,1,0,0,4,4,0,0,0,0,development
HEAVY_TAIL,AEGIS_V3.0,320016,1,199,4.578375872278021,0.20597921249229628,-0.6475000000000013,163,7,24,5,0,0,12,12,0,0,0,0,development
HEAVY_TAIL,AEGIS_V3.0,320017,1,122,1.9388586862753292,0.24963605376555534,-0.0035000000000005027,100,10,11,1,0,0,7,7,0,0,0,0,development
HEAVY_TAIL,AEGIS_V3.0,320018,1,162,3.2122397078944482,0.2484710576917961,-0.29350000000000076,129,11,21,1,0,0,9,9,0,0,0,0,development
HEAVY_TAIL,AEGIS_V3.0,320019,1,83,1.0217061126658804,0.24018068520405553,0.2999999999999996,70,1,12,0,0,0,2,2,0,0,0,0,development
HEAVY_TAIL,AEGIS_V3.0,320020,1,169,3.6103131844847858,0.23629964937453757,-0.4135000000000011,141,7,20,1,1,0,5,5,0,0,0,0,development
HEAVY_TAIL,AEGIS_V3.0,320021,1,146,2.606959963348458,0.24136833238760813,-0.1500000000000008,115,9,22,0,1,0,11,11,0,0,0,0,development
HEAVY_TAIL,AEGIS_V3.0,320022,1,189,4.11807830680499,0.214212258174605,-0.4535000000000011,145,8,35,1,0,0,8,8,0,0,0,0,development
HEAVY_TAIL,AEGIS_V3.0,320023,1,158,3.015717813953492,0.23423842247830226,-0.2600000000000009,126,4,28,0,0,0,6,6,0,0,0,0,development
HEAVY_TAIL,AEGIS_V3.0,320024,1,119,1.7741879681866806,0.24895690220629185,0.05999999999999939,94,8,17,0,0,0,7,7,0,0,0,0,development
HEAVY_TAIL,AEGIS_V3.0,320025,1,96,1.3036435815075227,0.24672319776321408,0.21999999999999953,78,7,11,0,0,0,8,8,0,0,0,0,development
HEAVY_TAIL,AEGIS_V3.0,320026,1,208,5.109853685946677,0.2229495723863238,-0.6500000000000012,165,9,34,0,0,0,11,11,0,0,0,0,development
HEAVY_TAIL,AEGIS_V3.0,320027,1,212,5.523837938576264,0.22991733945869072,-0.7300000000000013,173,9,30,0,0,0,9,9,0,0,0,0,development
HEAVY_TAIL,AEGIS_V3.0,320028,1,182,3.8451113667427923,0.21721148942799492,-0.3770000000000011,137,12,31,2,0,0,14,14,0,0,0,0,development
HEAVY_TAIL,AEGIS_V3.0,320029,1,169,3.3477565003888263,0.2267286591238002,-0.323500000000001,132,15,21,1,0,0,14,14,0,0,0,0,development
HEAVY_TAIL,AEGIS_V3.0,320030,1,72,0.8550167469416454,0.23451532786064921,0.3899999999999997,61,3,8,0,0,0,4,4,0,0,0,0,development
HEAVY_TAIL,AEGIS_V3.0,320031,1,211,5.169164082353534,0.2075203232622383,-0.6400000000000012,164,16,31,0,0,0,15,15,0,0,0,0,development
HEAVY_TAIL,AEGIS_V3.0,320032,1,141,2.4886287687444626,0.2197195162575329,-0.11000000000000076,111,7,23,0,0,0,9,9,0,0,0,0,development
HEAVY_TAIL,AEGIS_V3.0,320033,1,204,4.73489343407545,0.22615361984868007,-0.584000000000001,157,12,31,4,1,0,13,13,0,0,0,0,development
HEAVY_TAIL,AEGIS_V3.0,320034,1,79,0.9745557641068922,0.23653176733598041,0.3299999999999996,67,2,10,0,0,0,1,1,0,0,0,0,development
HEAVY_TAIL,AEGIS_V3.0,320035,1,204,5.01829370708899,0.20385377917168737,-0.6670000000000014,166,11,25,2,0,0,8,8,0,0,0,0,development
HEAVY_TAIL,AEGIS_V3.0,320036,1,207,5.15735628065713,0.23339725176201742,-0.7070000000000014,170,8,27,2,0,0,8,8,0,0,0,0,development
HEAVY_TAIL,AEGIS_V3.0,320037,1,176,3.911779881318274,0.20849297306565448,-0.4700000000000011,147,8,21,0,0,0,11,11,0,0,0,0,development
HEAVY_TAIL,AEGIS_V3.0,320038,1,193,4.095579449024462,0.2121331716475633,-0.487000000000001,148,8,35,2,0,0,8,8,0,0,0,0,development
HEAVY_TAIL,AEGIS_V3.0,320039,1,208,5.087135744373037,0.20419698109748635,-0.6535000000000013,165,12,30,1,0,0,13,13,0,0,0,0,development
HEAVY_TAIL,AEGIS_V3.0,320040,1,182,3.9987004306383214,0.23547977354459007,-0.45700000000000096,145,11,24,2,0,0,9,9,0,0,0,0,development
HEAVY_TAIL,AEGIS_V3.0,320041,1,184,3.877307276842903,0.23545773182714202,-0.37050000000000094,136,11,34,3,0,0,15,15,0,0,0,0,development
HEAVY_TAIL,AEGIS_V3.0,320042,1,182,3.693861798638544,0.2309895228699471,-0.37350000000000105,137,9,35,1,0,0,13,13,0,0,0,0,development
HEAVY_TAIL,AEGIS_V3.0,320043,1,236,6.359874545754496,0.21914251581517202,-0.9000000000000015,190,13,33,0,0,0,15,15,0,0,0,0,development
HEAVY_TAIL,AEGIS_V3.0,320044,1,212,5.55663000147703,0.21054888476437766,-0.7800000000000014,178,11,23,0,0,0,10,10,0,0,0,0,development
HEAVY_TAIL,AEGIS_V3.0,320045,1,203,4.864214851905245,0.2249177494712978,-0.6600000000000013,166,7,30,0,0,0,12,12,0,0,0,0,development
HEAVY_TAIL,AEGIS_V3.0,320046,1,170,3.4043770385207637,0.21662782873576988,-0.32700000000000085,132,12,24,2,0,0,14,14,0,0,0,0,development
HEAVY_TAIL,AEGIS_V3.0,320047,1,146,2.589435758993135,0.22140440861771146,-0.14350000000000063,114,7,24,1,0,0,6,6,0,0,0,0,development
HEAVY_TAIL,AEGIS_V3.0,320048,1,159,3.1559267378647995,0.24353600449748625,-0.27350000000000074,127,7,24,1,0,0,6,6,0,0,0,0,development
HEAVY_TAIL,AEGIS_V3.0,320049,1,232,5.968229688830611,0.24391325608166958,-0.7640000000000013,175,11,42,4,0,0,13,13,0,0,0,0,development
HEAVY_TAIL,AEGIS_V3.0,320050,1,225,6.066318325179484,0.23446836983139407,-0.8435000000000015,184,12,28,1,0,0,12,12,0,0,0,0,development
HEAVY_TAIL,AEGIS_V3.0,320051,1,221,5.938724119749298,0.23562993087231907,-0.7935000000000014,179,7,34,1,0,0,9,9,0,0,0,0,development
HEAVY_TAIL,AEGIS_V3.0,320052,1,150,2.594535792695572,0.2368554755803821,-0.14400000000000057,113,10,23,4,0,0,15,15,0,0,0,0,development
HEAVY_TAIL,AEGIS_V3.0,320053,1,130,2.0469604633031433,0.22623599703910968,-0.03700000000000059,103,7,18,2,1,0,4,4,0,0,0,0,development
HEAVY_TAIL,AEGIS_V3.0,320054,1,130,2.0473515920835514,0.24522759172593916,0.0029999999999993365,99,9,20,2,0,0,12,12,0,0,0,0,development
HEAVY_TAIL,AEGIS_V3.0,320055,1,191,4.347593182520483,0.22674815341329935,-0.5200000000000011,152,10,29,0,0,0,9,9,0,0,0,0,development
HEAVY_TAIL,AEGIS_V3.0,320056,1,172,3.410542106245358,0.21903359192580005,-0.343500000000001,134,6,31,1,0,0,11,11,0,0,0,0,development
HEAVY_TAIL,AEGIS_V3.0,320057,1,131,2.32801169839222,0.24172774010245138,-0.07700000000000062,107,5,17,2,1,0,4,4,0,0,0,0,development
HEAVY_TAIL,AEGIS_V3.0,320058,1,77,0.9075032117544365,0.2472908108860409,0.3864999999999996,61,2,13,1,0,0,4,4,0,0,0,0,development
HEAVY_TAIL,AEGIS_V3.0,320059,1,225,6.128126736425682,0.2304739336800149,-0.8100000000000014,181,9,35,0,0,0,10,10,0,0,0,0,development
HEAVY_TAIL,AEGIS_V3.0,320060,1,223,6.334513026885412,0.23364527499728224,-0.8900000000000015,189,8,26,0,0,0,8,8,0,0,0,0,development
HEAVY_TAIL,AEGIS_V3.0,320061,1,149,2.6348808816912253,0.23348739181187986,-0.1500000000000008,115,10,24,0,0,0,10,10,0,0,0,0,development
HEAVY_TAIL,AEGIS_V3.0,320062,1,155,2.9775816882226636,0.2429433673896421,-0.24000000000000088,124,6,25,0,0,0,6,6,0,0,0,0,development
HEAVY_TAIL,AEGIS_V3.0,320063,1,180,3.958768879072006,0.24767637715414778,-0.45000000000000107,145,14,21,0,0,0,11,11,0,0,0,0,development
HEAVY_TAIL,AEGIS_V3.0,320064,1,108,1.511252724751702,0.22708607842835854,0.10649999999999937,89,3,15,1,0,0,4,4,0,0,0,0,development
HEAVY_TAIL,AEGIS_V3.0,320065,1,97,1.3065064693733617,0.24095454795124344,0.2364999999999995,76,4,16,1,0,0,4,4,0,0,0,0,development
HEAVY_TAIL,AEGIS_V3.0,320066,1,159,3.042478941122462,0.22643439440654622,-0.24700000000000077,124,9,24,2,0,0,11,11,0,0,0,0,development
HEAVY_TAIL,AEGIS_V3.0,320067,1,214,5.780305027775136,0.24569597784486927,-0.8135000000000014,181,6,26,1,0,0,8,8,0,0,0,0,development
HEAVY_TAIL,AEGIS_V3.0,320068,1,219,5.481077659076609,0.2263311263594852,-0.7735000000000014,177,11,30,1,0,0,11,11,0,0,0,0,development
HEAVY_TAIL,AEGIS_V3.0,320069,1,195,4.525801938639732,0.21929636266590372,-0.5940000000000012,158,6,27,4,0,0,11,11,0,0,0,0,development
HEAVY_TAIL,AEGIS_V3.0,320070,1,54,0.5964004329367314,0.24995233014427776,0.5499999999999998,45,1,8,0,1,0,1,1,0,0,0,0,development
HEAVY_TAIL,AEGIS_V3.0,320071,1,238,6.400600784530889,0.21877124690623137,-0.8340000000000016,182,6,46,4,1,0,9,9,0,0,0,0,development
HEAVY_TAIL,AEGIS_V3.0,320072,1,101,1.4315834309577657,0.247374838792463,0.16649999999999943,83,9,8,1,0,0,7,7,0,0,0,0,development
HEAVY_TAIL,AEGIS_V3.0,320073,1,129,1.9103508723662141,0.22748483650860732,0.03649999999999931,96,12,20,1,0,0,8,8,0,0,0,0,development
HEAVY_TAIL,AEGIS_V3.0,320074,1,209,5.471141810156476,0.24389733469028244,-0.7200000000000013,172,6,31,0,0,0,7,7,0,0,0,0,development
HEAVY_TAIL,AEGIS_V3.0,320075,1,96,1.2860533296367347,0.2302599369293255,0.1899999999999995,81,5,10,0,0,0,4,4,0,0,0,0,development
HEAVY_TAIL,AEGIS_V3.0,320076,1,230,6.378632250931857,0.20719144158519437,-0.8635000000000015,186,14,29,1,0,0,10,10,0,0,0,0,development
HEAVY_TAIL,AEGIS_V3.0,320077,1,140,2.2853497912864014,0.23243016214499587,-0.07400000000000073,106,5,25,4,0,0,7,7,0,0,0,0,development
HEAVY_TAIL,AEGIS_V3.0,320078,1,124,1.9060784060587794,0.2303594675051156,0.012999999999999345,98,5,19,2,0,0,10,10,0,0,0,0,development
HEAVY_TAIL,AEGIS_V3.0,320079,1,91,1.060965586377619,0.23229077901274162,0.32949999999999957,66,5,17,3,0,0,11,11,0,0,0,0,development
HEAVY_TAIL,AEGIS_V3.0,320080,1,172,3.563378770552483,0.2292828666490812,-0.35100000000000087,133,7,26,6,0,0,9,9,0,0,0,0,development
HEAVY_TAIL,AEGIS_V3.0,320081,1,197,4.532915501908559,0.2120208791653922,-0.5705000000000009,156,11,27,3,0,0,15,15,0,0,0,0,development
HEAVY_TAIL,AEGIS_V3.0,320082,1,36,0.4077882921425525,0.2454529618334805,0.69,31,1,4,0,0,0,1,1,0,0,0,0,development
HEAVY_TAIL,AEGIS_V3.0,320083,1,192,4.1774491594183685,0.22781922641143523,-0.5305000000000011,152,8,29,3,0,0,11,11,0,0,0,0,development
HEAVY_TAIL,AEGIS_V3.0,320084,1,206,4.817255693164112,0.20608653696930312,-0.5870000000000013,158,14,32,2,0,0,13,13,0,0,0,0,development
HEAVY_TAIL,AEGIS_V3.0,320085,1,1,0.2144945169419289,0.2144945169419289,1.0,0,1,0,0,0,0,1,1,0,0,0,0,development
HEAVY_TAIL,AEGIS_V3.0,320086,1,118,1.8299373781370252,0.23449656352258852,0.016499999999999293,98,6,13,1,0,0,5,5,0,0,0,0,development
HEAVY_TAIL,AEGIS_V3.0,320087,1,222,5.646786414929861,0.2187098070661456,-0.7505000000000013,174,9,36,3,0,0,10,10,0,0,0,0,development
HEAVY_TAIL,AEGIS_V3.0,320088,1,196,4.280422256932293,0.2227632892403872,-0.547000000000001,154,10,30,2,0,0,14,14,0,0,0,0,development
HEAVY_TAIL,AEGIS_V3.0,320089,1,139,2.480745527971358,0.22770508469002834,-0.2035000000000009,120,5,13,1,0,0,5,5,0,0,0,0,development
HEAVY_TAIL,AEGIS_V3.0,320090,1,117,1.940083042690124,0.24389121713734463,-0.013500000000000512,101,3,12,1,0,0,2,2,0,0,0,0,development
HEAVY_TAIL,AEGIS_V3.0,320091,1,187,4.550118296012504,0.22451470813303123,-0.6400000000000012,164,8,15,0,0,0,8,8,0,0,0,0,development
HEAVY_TAIL,AEGIS_V3.0,320092,1,170,3.454240398622836,0.21610268537129046,-0.354000000000001,134,8,24,4,0,0,8,8,0,0,0,0,development
HEAVY_TAIL,AEGIS_V3.0,320093,1,80,0.9826634275944489,0.24240627263185252,0.3299999999999996,67,5,8,0,0,0,3,3,0,0,0,0,development
HEAVY_TAIL,AEGIS_V3.0,320094,1,1,0.15954822298310903,0.15954822298310903,0.99,1,0,0,0,0,0,0,0,0,0,0,0,development
HEAVY_TAIL,AEGIS_V3.0,320095,1,168,3.2950229193700036,0.22003353259559744,-0.30700000000000083,130,9,27,2,0,0,6,6,0,0,0,0,development
HEAVY_TAIL,AEGIS_V3.0,320096,1,193,4.329954641523787,0.21254968495131124,-0.5535000000000012,155,13,24,1,1,0,9,9,0,0,0,0,development
HEAVY_TAIL,AEGIS_V3.0,320097,1,99,1.2401603889067623,0.24699890954345724,0.25999999999999956,74,2,23,0,0,0,3,3,0,0,0,0,development
HEAVY_TAIL,AEGIS_V3.0,320098,1,97,1.3159620912783336,0.2360799473718324,0.20299999999999963,79,5,11,2,0,0,8,8,0,0,0,0,development
HEAVY_TAIL,AEGIS_V3.0,320099,1,64,0.6820765446541359,0.23857211794247551,0.47999999999999976,52,1,11,0,0,0,1,1,0,0,0,0,development
HEAVY_TAIL,AEGIS_V3.1,320000,1,163,3.4445303634640934,0.22895169312728275,-0.45000000000000107,145,9,7,2,0,0,0,9,0,8,0,9,development
HEAVY_TAIL,AEGIS_V3.1,320001,1,186,4.867869119440146,0.22136614175826796,-0.7700000000000014,177,7,2,0,0,0,0,7,0,6,0,2,development
HEAVY_TAIL,AEGIS_V3.1,320002,1,137,2.697695449083961,0.23214693002652434,-0.2900000000000009,129,5,3,0,0,0,0,5,0,4,0,3,development
HEAVY_TAIL,AEGIS_V3.1,320003,1,189,5.196998983645443,0.24572679286052468,-0.8600000000000014,186,2,1,0,0,0,0,9,0,9,0,1,development
HEAVY_TAIL,AEGIS_V3.1,320004,1,194,5.3917466376155305,0.23423276102337048,-0.8700000000000014,187,6,1,0,0,0,0,12,0,12,0,1,development
HEAVY_TAIL,AEGIS_V3.1,320005,1,161,3.628504766047917,0.22838812554200627,-0.5300000000000011,153,4,4,0,0,0,0,3,0,3,0,4,development
HEAVY_TAIL,AEGIS_V3.1,320006,1,78,1.06499597305448,0.24037517435530467,0.24999999999999956,75,1,2,0,0,0,0,1,0,1,0,2,development
HEAVY_TAIL,AEGIS_V3.1,320007,1,139,2.7849673713001253,0.23494301034067372,-0.33000000000000096,133,3,2,1,0,0,0,9,0,9,0,3,development
HEAVY_TAIL,AEGIS_V3.1,320008,1,173,4.232246377680027,0.24637037858083385,-0.6500000000000012,165,6,2,0,0,0,0,9,0,9,0,2,development
HEAVY_TAIL,AEGIS_V3.1,320009,1,148,2.965525295433119,0.2245735750580066,-0.350000000000001,135,10,3,0,0,0,0,6,0,6,0,3,development
HEAVY_TAIL,AEGIS_V3.1,320010,1,175,4.195482839242999,0.22211020377915128,-0.6500000000000012,165,5,5,0,0,0,0,9,0,9,0,5,development
HEAVY_TAIL,AEGIS_V3.1,320011,1,190,4.999959406314206,0.2379644038977862,-0.8100000000000014,181,3,6,0,0,0,0,13,0,12,0,6,development
HEAVY_TAIL,AEGIS_V3.1,320012,1,57,0.6863368936152572,0.246340278186278,0.44999999999999973,55,2,0,0,0,0,0,2,0,2,0,0,development
HEAVY_TAIL,AEGIS_V3.1,320013,1,182,4.8307245680082,0.24305321711096273,-0.7700000000000014,177,4,1,0,0,0,0,11,0,11,0,1,development
HEAVY_TAIL,AEGIS_V3.1,320014,1,163,3.8786113554320143,0.24605192585144234,-0.5800000000000012,158,4,1,0,0,0,0,9,0,9,0,1,development
HEAVY_TAIL,AEGIS_V3.1,320015,1,79,1.0167755325369032,0.2442523156968126,0.2799999999999996,72,1,6,0,0,0,0,3,0,3,0,6,development
HEAVY_TAIL,AEGIS_V3.1,320016,1,185,4.578375872278021,0.23191158433412876,-0.7300000000000013,173,6,6,0,0,0,0,9,0,8,0,6,development
HEAVY_TAIL,AEGIS_V3.1,320017,1,116,1.9388586862753292,0.22500169633174733,-0.07000000000000073,107,6,3,0,0,0,0,4,0,4,0,3,development
HEAVY_TAIL,AEGIS_V3.1,320018,1,151,3.2122397078944482,0.2173425258077766,-0.41000000000000103,141,5,5,0,0,0,0,7,0,7,0,5,development
HEAVY_TAIL,AEGIS_V3.1,320019,1,78,1.0217061126658804,0.24541685418049897,0.2699999999999996,73,2,3,0,0,0,0,3,0,3,0,3,development
HEAVY_TAIL,AEGIS_V3.1,320020,1,162,3.6103131844847858,0.22534959101045918,-0.5100000000000011,151,5,6,0,0,0,0,5,0,5,0,6,development
HEAVY_TAIL,AEGIS_V3.1,320021,1,137,2.606959963348458,0.2216596654594265,-0.2500000000000009,125,6,6,0,0,0,0,10,0,9,0,6,development
HEAVY_TAIL,AEGIS_V3.1,320022,1,174,4.11807830680499,0.22738499311745777,-0.5900000000000012,159,12,3,0,0,0,0,10,0,9,0,3,development
HEAVY_TAIL,AEGIS_V3.1,320023,1,148,3.015717813953492,0.24558580246266976,-0.360000000000001,136,5,7,0,0,0,0,7,0,7,0,7,development
HEAVY_TAIL,AEGIS_V3.1,320024,1,109,1.7741879681866806,0.22362051651326076,-0.030000000000000693,103,2,4,0,0,0,0,7,0,7,0,4,development
HEAVY_TAIL,AEGIS_V3.1,320025,1,90,1.3036435815075227,0.22643016623091522,0.14999999999999947,85,4,1,0,0,0,0,4,0,4,0,1,development
HEAVY_TAIL,AEGIS_V3.1,320026,1,195,5.109853685946677,0.2180796092040986,-0.7900000000000014,179,9,7,0,0,0,0,6,0,6,0,7,development
HEAVY_TAIL,AEGIS_V3.1,320027,1,197,5.523837938576264,0.22324060027412976,-0.8700000000000014,187,8,2,0,0,0,0,6,0,6,0,2,development
HEAVY_TAIL,AEGIS_V3.1,320028,1,168,3.8451113667427923,0.21121688216601378,-0.5600000000000012,156,6,6,0,0,0,0,10,0,9,0,6,development
HEAVY_TAIL,AEGIS_V3.1,320029,1,155,3.3477565003888263,0.2357000763288804,-0.45000000000000107,145,7,3,0,0,0,0,7,0,7,0,3,development
HEAVY_TAIL,AEGIS_V3.1,320030,1,74,0.8550167469416454,0.2338417963020694,0.35999999999999965,64,3,7,0,0,0,0,3,0,2,0,7,development
HEAVY_TAIL,AEGIS_V3.1,320031,1,197,5.169164082353534,0.24656845529146046,-0.7900000000000014,179,12,6,0,0,0,0,11,0,11,0,6,development
HEAVY_TAIL,AEGIS_V3.1,320032,1,132,2.4886287687444626,0.2223627045895724,-0.24000000000000088,124,4,4,0,0,0,0,6,0,6,0,4,development
HEAVY_TAIL,AEGIS_V3.1,320033,1,190,4.73489343407545,0.20508202106985662,-0.7100000000000013,171,9,10,0,0,0,2,8,0,8,2,10,development
HEAVY_TAIL,AEGIS_V3.1,320034,1,74,0.9745557641068922,0.24971653953815523,0.2999999999999996,70,0,4,0,0,0,0,0,0,0,0,4,development
HEAVY_TAIL,AEGIS_V3.1,320035,1,187,5.01829370708899,0.1990248474898849,-0.8300000000000014,183,1,3,0,0,0,0,13,0,13,0,3,development
HEAVY_TAIL,AEGIS_V3.1,320036,1,192,5.15735628065713,0.2397637157626177,-0.8100000000000014,181,7,4,0,0,0,0,11,0,11,0,4,development
HEAVY_TAIL,AEGIS_V3.1,320037,1,170,3.911779881318274,0.24367920603140347,-0.5100000000000011,151,11,8,0,0,0,1,8,0,7,1,7,development
HEAVY_TAIL,AEGIS_V3.1,320038,1,173,4.095579449024462,0.22184884907146793,-0.5900000000000012,159,9,5,0,0,0,0,15,0,15,0,5,development
HEAVY_TAIL,AEGIS_V3.1,320039,1,191,5.087135744373037,0.2482559675049978,-0.7800000000000014,178,8,5,0,0,0,1,5,0,4,1,5,development
HEAVY_TAIL,AEGIS_V3.1,320040,1,165,3.9987004306383214,0.21195050670634943,-0.6000000000000012,160,5,0,0,0,0,0,3,0,3,0,0,development
HEAVY_TAIL,AEGIS_V3.1,320041,1,167,3.877307276842903,0.22134580110008048,-0.5500000000000012,155,10,2,0,0,0,0,8,0,8,0,2,development
HEAVY_TAIL,AEGIS_V3.1,320042,1,161,3.693861798638544,0.2277610653744922,-0.5400000000000011,154,5,2,0,0,0,0,10,0,10,0,2,development
HEAVY_TAIL,AEGIS_V3.1,320043,1,216,6.359874545754496,0.2174494663358251,-1.0400000000000005,204,6,6,0,0,0,0,12,0,11,0,6,development
HEAVY_TAIL,AEGIS_V3.1,320044,1,202,5.55663000147703,0.2201714047682863,-0.8900000000000015,189,7,6,0,0,0,1,7,0,7,1,6,development
HEAVY_TAIL,AEGIS_V3.1,320045,1,190,4.864214851905245,0.2026072359949345,-0.7400000000000013,174,10,6,0,0,0,0,11,0,10,0,6,development
HEAVY_TAIL,AEGIS_V3.1,320046,1,153,3.4043770385207637,0.21540903885256682,-0.4700000000000011,147,5,1,0,0,0,0,8,0,8,0,1,development
HEAVY_TAIL,AEGIS_V3.1,320047,1,137,2.589435758993135,0.21623830310439346,-0.2500000000000009,125,6,6,0,0,0,0,1,0,1,0,6,development
HEAVY_TAIL,AEGIS_V3.1,320048,1,148,3.1559267378647995,0.24268386154330554,-0.41000000000000103,141,2,5,0,0,0,0,8,0,8,0,5,development
HEAVY_TAIL,AEGIS_V3.1,320049,1,209,5.968229688830611,0.23922584139949565,-0.9600000000000015,196,7,6,0,0,0,0,17,0,16,0,6,development
HEAVY_TAIL,AEGIS_V3.1,320050,1,210,6.066318325179484,0.23080823449521437,-0.9900000000000015,199,6,5,0,0,0,0,11,0,11,0,5,development
HEAVY_TAIL,AEGIS_V3.1,320051,1,209,5.938724119749298,0.21644481398105472,-0.9500000000000015,195,9,5,0,0,0,1,4,0,4,1,5,development
HEAVY_TAIL,AEGIS_V3.1,320052,1,136,2.594535792695572,0.21569837814528794,-0.2500000000000009,125,6,5,0,0,0,0,11,0,10,0,5,development
HEAVY_TAIL,AEGIS_V3.1,320053,1,122,2.0469604633031433,0.2199867841578088,-0.08000000000000074,108,9,5,0,0,0,0,5,0,4,0,5,development
HEAVY_TAIL,AEGIS_V3.1,320054,1,118,2.0473515920835514,0.24018281792722268,-0.08000000000000074,108,7,3,0,0,0,0,10,0,9,0,3,development
HEAVY_TAIL,AEGIS_V3.1,320055,1,184,4.347593182520483,0.20454296351265397,-0.6310000000000011,163,12,7,2,0,0,0,7,0,7,0,7,development
HEAVY_TAIL,AEGIS_V3.1,320056,1,155,3.410542106245358,0.2381327763667087,-0.4600000000000011,146,6,3,0,0,0,0,8,0,8,0,3,development
HEAVY_TAIL,AEGIS_V3.1,320057,1,129,2.32801169839222,0.23523304687168173,-0.17000000000000082,117,6,6,0,0,0,0,5,0,5,0,6,development
HEAVY_TAIL,AEGIS_V3.1,320058,1,70,0.9075032117544365,0.23111953847342226,0.3199999999999996,68,1,1,0,0,0,0,5,0,4,0,1,development
HEAVY_TAIL,AEGIS_V3.1,320059,1,212,6.128126736425682,0.19871146748707944,-1.0100000000000011,201,6,5,0,0,0,0,9,0,9,0,5,development
HEAVY_TAIL,AEGIS_V3.1,320060,1,211,6.334513026885412,0.19217646994751822,-1.0500000000000003,205,4,2,0,0,0,0,7,0,7,0,2,development
HEAVY_TAIL,AEGIS_V3.1,320061,1,140,2.6348808816912253,0.2490496487136099,-0.2700000000000009,127,9,4,0,0,0,0,8,0,8,0,4,development
HEAVY_TAIL,AEGIS_V3.1,320062,1,147,2.9775816882226636,0.22739847581822295,-0.34000000000000097,134,8,5,0,0,0,0,9,0,8,0,5,development
HEAVY_TAIL,AEGIS_V3.1,320063,1,168,3.958768879072006,0.22264387853899603,-0.6000000000000012,160,5,3,0,0,0,0,7,0,7,0,3,development
HEAVY_TAIL,AEGIS_V3.1,320064,1,101,1.511252724751702,0.2446026235056448,0.0799999999999994,92,4,5,0,0,0,0,5,0,3,0,5,development
HEAVY_TAIL,AEGIS_V3.1,320065,1,91,1.3065064693733617,0.24322690775845818,0.14999999999999947,85,2,4,0,0,0,0,5,0,4,0,4,development
HEAVY_TAIL,AEGIS_V3.1,320066,1,150,3.042478941122462,0.22936099435143129,-0.360000000000001,136,7,7,0,0,0,1,3,0,3,1,7,development
HEAVY_TAIL,AEGIS_V3.1,320067,1,205,5.780305027775136,0.2048956993691875,-0.9400000000000015,194,6,5,0,0,0,0,9,0,9,0,5,development
HEAVY_TAIL,AEGIS_V3.1,320068,1,200,5.481077659076609,0.2485906296955314,-0.8900000000000015,189,5,6,0,0,0,0,12,0,12,0,6,development
HEAVY_TAIL,AEGIS_V3.1,320069,1,182,4.525801938639732,0.22170002250732765,-0.7000000000000013,170,6,6,0,0,0,1,9,0,9,1,6,development
HEAVY_TAIL,AEGIS_V3.1,320070,1,52,0.5964004329367314,0.24156908762450588,0.5199999999999998,48,1,3,0,0,0,0,1,0,1,0,3,development
HEAVY_TAIL,AEGIS_V3.1,320071,1,215,6.400600784530889,0.24856962134584956,-1.0400000000000005,204,9,2,0,0,0,0,13,0,13,0,2,development
HEAVY_TAIL,AEGIS_V3.1,320072,1,101,1.4315834309577657,0.2286702013029535,0.12999999999999945,87,7,7,0,0,0,0,4,0,4,0,7,development
HEAVY_TAIL,AEGIS_V3.1,320073,1,115,1.9103508723662141,0.2322962555902991,-0.05000000000000071,105,7,3,0,0,0,0,7,0,7,0,3,development
HEAVY_TAIL,AEGIS_V3.1,320074,1,197,5.471141810156476,0.2242051521195332,-0.8900000000000015,189,4,4,0,0,0,0,7,0,7,0,4,development
HEAVY_TAIL,AEGIS_V3.1,320075,1,93,1.2860533296367347,0.2299572950919269,0.15999999999999948,84,3,6,0,0,0,0,2,0,2,0,6,development
HEAVY_TAIL,AEGIS_V3.1,320076,1,214,6.378632250931857,0.21868700146120693,-1.0400000000000005,204,5,5,0,0,0,1,7,0,7,1,5,development
HEAVY_TAIL,AEGIS_V3.1,320077,1,125,2.2853497912864014,0.23995430024110287,-0.17000000000000082,117,4,4,0,0,0,0,13,0,12,0,4,development
HEAVY_TAIL,AEGIS_V3.1,320078,1,116,1.9060784060587794,0.2322892803257378,-0.0400000000000007,104,8,4,0,0,0,0,7,0,7,0,4,development
HEAVY_TAIL,AEGIS_V3.1,320079,1,79,1.060965586377619,0.2460581707328201,0.2699999999999996,73,1,4,1,0,0,0,11,0,10,0,5,development
HEAVY_TAIL,AEGIS_V3.1,320080,1,158,3.563378770552483,0.22168435807193176,-0.5000000000000011,150,6,2,0,0,0,0,11,0,10,0,2,development
HEAVY_TAIL,AEGIS_V3.1,320081,1,182,4.532915501908559,0.20533361106223078,-0.7200000000000013,172,5,5,0,0,0,0,8,0,7,0,5,development
HEAVY_TAIL,AEGIS_V3.1,320082,1,37,0.4077882921425525,0.24095476949470823,0.6599999999999999,34,1,2,0,0,0,0,2,0,2,0,2,development
HEAVY_TAIL,AEGIS_V3.1,320083,1,172,4.1774491594183685,0.2466366884455057,-0.6100000000000012,161,7,4,0,0,0,0,9,0,8,0,4,development
HEAVY_TAIL,AEGIS_V3.1,320084,1,188,4.817255693164112,0.22961682576697737,-0.7200000000000013,172,12,4,0,0,0,0,11,0,10,0,4,development
HEAVY_TAIL,AEGIS_V3.1,320085,1,1,0.2144945169419289,0.2144945169419289,0.99,1,0,0,0,0,0,0,0,0,0,0,0,development
HEAVY_TAIL,AEGIS_V3.1,320086,1,110,1.8299373781370252,0.22492678204942348,-0.0400000000000007,104,4,2,0,0,0,0,4,0,4,0,2,development
HEAVY_TAIL,AEGIS_V3.1,320087,1,204,5.646786414929861,0.21295332925757757,-0.8900000000000015,189,10,5,0,0,0,1,4,0,4,1,5,development
HEAVY_TAIL,AEGIS_V3.1,320088,1,177,4.280422256932293,0.218941955035093,-0.6600000000000013,166,6,5,0,0,0,0,12,0,12,0,5,development
HEAVY_TAIL,AEGIS_V3.1,320089,1,137,2.480745527971358,0.22803789762558183,-0.23000000000000087,123,6,7,1,0,0,0,1,0,1,0,8,development
HEAVY_TAIL,AEGIS_V3.1,320090,1,114,1.940083042690124,0.21971791814593025,-0.08000000000000074,108,4,2,0,0,0,0,0,0,0,0,2,development
HEAVY_TAIL,AEGIS_V3.1,320091,1,181,4.550118296012504,0.22031443318390154,-0.7100000000000013,171,6,4,0,0,0,0,5,0,5,0,4,development
HEAVY_TAIL,AEGIS_V3.1,320092,1,156,3.454240398622836,0.23525927119949863,-0.45000000000000107,145,7,4,0,0,0,0,4,0,4,0,4,development
HEAVY_TAIL,AEGIS_V3.1,320093,1,80,0.9826634275944489,0.23201860498374619,0.2899999999999996,71,4,5,0,0,0,0,3,0,3,0,5,development
HEAVY_TAIL,AEGIS_V3.1,320094,1,1,0.15954822298310903,0.15954822298310903,0.99,1,0,0,0,0,0,0,0,0,0,0,0,development
HEAVY_TAIL,AEGIS_V3.1,320095,1,160,3.2950229193700036,0.23327087562345195,-0.42000000000000104,142,10,7,1,0,0,0,4,0,4,0,8,development
HEAVY_TAIL,AEGIS_V3.1,320096,1,177,4.329954641523787,0.21560777610539464,-0.6800000000000013,168,6,3,0,0,0,0,6,0,5,0,3,development
HEAVY_TAIL,AEGIS_V3.1,320097,1,90,1.2401603889067623,0.24322689687121324,0.20999999999999952,79,5,6,0,0,0,0,5,0,5,0,6,development
HEAVY_TAIL,AEGIS_V3.1,320098,1,92,1.3159620912783336,0.2271054012806825,0.13999999999999946,86,4,2,0,0,0,0,7,0,7,0,2,development
HEAVY_TAIL,AEGIS_V3.1,320099,1,59,0.6820765446541359,0.24865851712425577,0.47999999999999976,52,3,4,0,0,0,0,1,0,1,0,4,development
DROPOUT,AEGIS_V3.0,330000,1,34,0.3596569912177337,0.2437188882792151,0.75,25,9,0,0,0,0,0,9,0,0,0,0,development
DROPOUT,AEGIS_V3.0,330001,1,201,4.732878158373491,0.23731649077760464,-0.563500000000001,156,44,0,1,0,0,0,45,0,0,0,0,development
DROPOUT,AEGIS_V3.0,330002,1,193,4.184583761174584,0.2150797030595852,-0.440500000000001,143,47,0,3,0,0,0,47,0,0,0,0,development
DROPOUT,AEGIS_V3.0,330003,1,232,5.999297700451705,0.244205750488295,-0.7575000000000014,174,53,0,5,0,0,0,54,0,0,0,0,development
DROPOUT,AEGIS_V3.0,330004,1,47,0.47855188124008846,0.2428473391147008,0.6199999999999999,38,9,0,0,0,0,0,7,0,0,0,0,development
DROPOUT,AEGIS_V3.0,330005,1,218,5.037492128346943,0.2234860644802766,-0.6310000000000013,161,51,0,6,0,0,0,56,0,0,0,0,development
DROPOUT,AEGIS_V3.0,330006,1,192,3.982476905299715,0.23516430960416615,-0.37750000000000106,136,51,0,5,0,0,0,54,0,0,0,0,development
DROPOUT,AEGIS_V3.0,330007,1,240,5.519664950565476,0.2333621966010176,-0.6220000000000017,158,70,0,12,0,0,0,79,0,0,0,0,development
DROPOUT,AEGIS_V3.0,330008,1,172,2.9740354855355813,0.23117922444985278,-0.18150000000000088,115,48,0,9,0,0,0,54,0,0,0,0,development
DROPOUT,AEGIS_V3.0,330009,1,184,3.873979761487242,0.21484559281919652,-0.4335000000000011,143,40,0,1,0,0,0,38,0,0,0,0,development
DROPOUT,AEGIS_V3.0,330010,1,151,2.514342930628709,0.22869795095401524,-0.14100000000000068,112,33,0,6,1,0,0,38,0,0,0,0,development
DROPOUT,AEGIS_V3.0,330011,1,185,3.7071033136498177,0.2435143670283956,-0.3505000000000009,134,48,0,3,0,0,0,49,0,0,0,0,development
DROPOUT,AEGIS_V3.0,330012,1,194,4.2216626664920485,0.23700284469590133,-0.4535000000000011,145,48,0,1,0,0,0,44,0,0,0,0,development
DROPOUT,AEGIS_V3.0,330013,1,64,0.6212870195416724,0.2484880715146608,0.5729999999999997,42,20,0,2,0,0,0,20,0,0,0,0,development
DROPOUT,AEGIS_V3.0,330014,1,134,2.0319828512594222,0.23744083132129576,0.03299999999999936,96,36,0,2,0,0,0,35,0,0,0,0,development
DROPOUT,AEGIS_V3.0,330015,1,202,4.328505450443469,0.2496171451760481,-0.46750000000000114,145,52,0,5,0,0,0,53,0,0,0,0,development
DROPOUT,AEGIS_V3.0,330016,1,195,4.212231426435368,0.2452841460522818,-0.4075000000000011,139,51,0,5,0,0,0,53,0,0,0,0,development
DROPOUT,AEGIS_V3.0,330017,1,205,4.408090883594246,0.2279657859720991,-0.4740000000000011,146,55,0,4,0,0,0,56,0,0,0,0,development
DROPOUT,AEGIS_V3.0,330018,1,124,1.9201593208425647,0.24735405459004628,0.07949999999999946,91,30,0,3,0,0,0,31,0,0,0,0,development
DROPOUT,AEGIS_V3.0,330019,1,184,3.9011727761563284,0.21521855982609628,-0.39700000000000113,139,43,0,2,0,0,0,42,0,0,0,0,development
DROPOUT,AEGIS_V3.0,330020,1,150,2.5648385079518707,0.2443603520684153,-0.13400000000000056,112,34,0,4,0,0,0,37,0,0,0,0,development
DROPOUT,AEGIS_V3.0,330021,1,121,1.5634878793893416,0.2269348484175233,0.11899999999999944,86,29,0,6,0,0,0,33,0,0,0,0,development
DROPOUT,AEGIS_V3.0,330022,1,128,2.0220169408799507,0.2462424235702934,-6.661338147750939e-16,100,28,0,0,0,0,0,26,0,0,0,0,development
DROPOUT,AEGIS_V3.0,330023,1,233,5.9763673583379,0.23003482643672396,-0.8105000000000013,180,50,0,3,0,0,0,50,0,0,0,0,development
DROPOUT,AEGIS_V3.0,330024,1,201,4.583541209606154,0.23276969341215617,-0.5505000000000011,154,44,0,3,0,0,0,45,0,0,0,0,development
DROPOUT,AEGIS_V3.0,330025,1,87,1.1248602995242105,0.23775423631369758,0.30649999999999966,69,17,0,1,0,0,0,15,0,0,0,0,development
DROPOUT,AEGIS_V3.0,330026,1,227,5.5561696861823835,0.24030242932538648,-0.7375000000000014,172,50,0,5,0,0,0,51,0,0,0,0,development
DROPOUT,AEGIS_V3.0,330027,1,108,1.4609952496231935,0.2388540389315289,0.1999999999999995,80,28,0,0,0,0,0,24,0,0,0,0,development
DROPOUT,AEGIS_V3.0,330028,1,124,1.704754427432662,0.23715160340794803,0.1364999999999995,86,37,0,1,0,0,0,35,0,0,0,0,development
DROPOUT,AEGIS_V3.0,330029,1,200,4.058205698196179,0.21513149648937002,-0.4175000000000011,140,55,0,5,0,0,0,58,0,0,0,0,development
DROPOUT,AEGIS_V3.0,330030,1,124,1.7535384504944762,0.23353607901904985,0.13299999999999945,86,36,0,2,0,0,0,35,0,0,0,0,development
DROPOUT,AEGIS_V3.0,330031,1,161,2.868247390319831,0.24229907848248786,-0.15400000000000058,114,43,0,4,0,0,0,45,0,0,0,0,development
DROPOUT,AEGIS_V3.0,330032,1,208,5.008287711562283,0.20936663162752464,-0.603500000000001,160,47,0,1,0,0,0,42,0,0,0,0,development
DROPOUT,AEGIS_V3.0,330033,1,212,4.878510350401938,0.21481036333615652,-0.5540000000000012,154,54,0,4,0,0,0,53,0,0,0,0,development
DROPOUT,AEGIS_V3.0,330034,1,215,4.804908054580052,0.2229659730407006,-0.517000000000001,151,62,0,2,0,0,0,63,0,0,0,0,development
DROPOUT,AEGIS_V3.0,330035,1,86,0.9737509800088161,0.23898384150379967,0.39649999999999963,60,25,0,1,0,0,0,22,0,0,0,0,development
DROPOUT,AEGIS_V3.0,330036,1,75,0.7925482052478083,0.24846633727430223,0.46599999999999975,52,19,0,4,0,0,0,23,0,0,0,0,development
DROPOUT,AEGIS_V3.0,330037,1,211,5.017856412678228,0.20605923352481442,-0.6205000000000012,161,47,0,3,0,0,0,48,0,0,0,0,development
DROPOUT,AEGIS_V3.0,330038,1,195,4.36208829485992,0.23083502214017623,-0.5035000000000012,150,44,0,1,0,0,0,44,0,0,0,0,development
DROPOUT,AEGIS_V3.0,330039,1,123,1.9072131219007837,0.245428859090157,0.09299999999999942,90,31,0,2,0,0,0,33,0,0,0,0,development
DROPOUT,AEGIS_V3.0,330040,1,176,3.377131066746154,0.24037827764718336,-0.27050000000000085,126,47,0,3,0,0,0,48,0,0,0,0,development
DROPOUT,AEGIS_V3.0,330041,1,69,0.6963944328237544,0.23671922601369288,0.49299999999999977,50,17,0,2,0,0,0,18,0,0,0,0,development
DROPOUT,AEGIS_V3.0,330042,1,86,0.9854706535023411,0.23312338389878226,0.36299999999999966,63,21,0,2,0,0,0,22,0,0,0,0,development
DROPOUT,AEGIS_V3.0,330043,1,129,1.9844209279023317,0.2439066570347235,0.039499999999999424,95,31,0,3,0,0,0,32,0,0,0,0,development
DROPOUT,AEGIS_V3.0,330044,1,207,4.546933944334513,0.21344825657305655,-0.5305000000000011,152,52,0,3,0,0,0,54,0,0,0,0,development
DROPOUT,AEGIS_V3.0,330045,1,105,1.3383922747515455,0.24165841750890177,0.2364999999999995,76,28,0,1,0,0,0,28,0,0,0,0,development
DROPOUT,AEGIS_V3.0,330046,1,210,5.240868009169232,0.24515518068281483,-0.5710000000000015,155,49,0,6,0,0,0,54,0,0,0,0,development
DROPOUT,AEGIS_V3.0,330047,1,183,3.8231208986356737,0.21705304830457492,-0.360000000000001,136,47,0,0,0,0,0,46,0,0,0,0,development
DROPOUT,AEGIS_V3.0,330048,1,198,4.328931612535648,0.23103812061004314,-0.5505000000000011,154,41,0,3,0,0,0,44,0,0,0,0,development
DROPOUT,AEGIS_V3.0,330049,1,229,5.450868400038514,0.20507781525915075,-0.6740000000000013,166,59,0,4,0,0,0,57,0,0,0,0,development
DROPOUT,AEGIS_V3.0,330050,1,104,1.4038911851133828,0.24556892955512546,0.20299999999999951,79,23,0,2,0,0,0,25,0,0,0,0,development
DROPOUT,AEGIS_V3.0,330051,1,183,3.873309951255496,0.24774827197092772,-0.3470000000000011,134,47,0,2,0,0,0,47,0,0,0,0,development
DROPOUT,AEGIS_V3.0,330052,1,69,0.7998846227875246,0.24228407502428773,0.41649999999999965,58,10,0,1,0,0,0,11,0,0,0,0,development
DROPOUT,AEGIS_V3.0,330053,1,201,4.4205969606994255,0.22394511087470595,-0.5010000000000012,148,47,0,6,0,0,0,51,0,0,0,0,development
DROPOUT,AEGIS_V3.0,330054,1,213,4.753331376066875,0.22878747651411105,-0.4670000000000012,146,65,0,2,0,0,0,66,0,0,0,0,development
DROPOUT,AEGIS_V3.0,330055,1,152,2.6369837374443104,0.24533123620241892,-0.12350000000000061,112,39,0,1,0,0,0,39,0,0,0,0,development
DROPOUT,AEGIS_V3.0,330056,1,157,2.9828247006759994,0.24390461328897478,-0.2235000000000007,122,34,0,1,0,0,0,34,0,0,0,0,development
DROPOUT,AEGIS_V3.0,330057,1,102,1.136487035957971,0.2464605541518935,0.3224999999999997,66,31,0,5,0,0,0,34,0,0,0,0,development
DROPOUT,AEGIS_V3.0,330058,1,64,0.6544152038937127,0.23896932315188846,0.5264999999999997,47,16,0,1,0,0,0,15,0,0,0,0,development
DROPOUT,AEGIS_V3.0,330059,1,117,1.4922458452515122,0.24657425112560766,0.20299999999999951,79,36,0,2,1,0,0,34,0,0,0,0,development
DROPOUT,AEGIS_V3.0,330060,1,167,3.1732462029040387,0.22736377017990034,-0.23000000000000087,123,44,0,0,0,0,0,43,0,0,0,0,development
DROPOUT,AEGIS_V3.0,330061,1,169,3.1198327133836288,0.21802063129449384,-0.2235000000000007,122,46,0,1,0,0,0,44,0,0,0,0,development
DROPOUT,AEGIS_V3.0,330062,1,166,3.3007625965876777,0.23560501835486355,-0.2870000000000008,128,36,0,2,0,0,0,36,0,0,0,0,development
DROPOUT,AEGIS_V3.0,330063,1,174,3.6230253522795266,0.23316353753063682,-0.38350000000000106,138,35,0,1,0,0,0,33,0,0,0,0,development
DROPOUT,AEGIS_V3.0,330064,1,175,3.6065118642056677,0.22548706681838368,-0.33000000000000096,133,42,0,0,0,0,0,42,0,0,0,0,development
DROPOUT,AEGIS_V3.0,330065,1,197,4.186139717006623,0.22237984422664653,-0.46750000000000114,145,47,0,5,0,0,0,48,0,0,0,0,development
DROPOUT,AEGIS_V3.0,330066,1,80,0.8502080834870536,0.2493447571964026,0.4694999999999997,52,25,0,3,0,0,0,26,0,0,0,0,development
DROPOUT,AEGIS_V3.0,330067,1,167,3.1065082263472177,0.24899217722046707,-0.22750000000000048,121,41,0,5,0,0,0,44,0,0,0,0,development
DROPOUT,AEGIS_V3.0,330068,1,190,4.198638408225829,0.23686160407456508,-0.4605000000000008,145,42,0,3,0,0,0,40,0,0,0,0,development
DROPOUT,AEGIS_V3.0,330069,1,228,5.922627844391084,0.21039491105891783,-0.7705000000000015,176,49,0,3,0,0,0,50,0,0,0,0,development
DROPOUT,AEGIS_V3.0,330070,1,152,2.6821025588600174,0.2384040628803294,-0.11700000000000088,111,39,0,2,0,0,0,36,0,0,0,0,development
DROPOUT,AEGIS_V3.0,330071,1,182,3.635000155014488,0.22019581570990338,-0.34400000000000097,133,45,0,4,0,0,0,47,0,0,0,0,development
DROPOUT,AEGIS_V3.0,330072,1,132,2.1235972130145138,0.24271988237080797,-0.023500000000000743,102,29,0,1,0,0,0,29,0,0,0,0,development
DROPOUT,AEGIS_V3.0,330073,1,95,1.2049812638936126,0.24634887830357272,0.2764999999999995,72,22,0,1,0,0,0,22,0,0,0,0,development
DROPOUT,AEGIS_V3.0,330074,1,124,1.779918240350974,0.2283164883603801,0.09949999999999937,89,32,0,3,0,0,0,34,0,0,0,0,development
DROPOUT,AEGIS_V3.0,330075,1,143,2.448166650319326,0.2375677760724598,-0.03700000000000059,103,38,0,2,0,0,0,36,0,0,0,0,development
DROPOUT,AEGIS_V3.0,330076,1,248,6.499313606129035,0.20028118843900136,-0.8510000000000013,183,59,0,6,0,0,0,60,0,0,0,0,development
DROPOUT,AEGIS_V3.0,330077,1,213,5.244711664953695,0.22079208024572614,-0.6900000000000013,169,44,0,0,0,0,0,39,0,0,0,0,development
DROPOUT,AEGIS_V3.0,330078,1,139,2.058494570371989,0.22292879257809317,-0.014000000000000679,100,35,0,4,0,0,0,38,0,0,0,0,development
DROPOUT,AEGIS_V3.0,330079,1,210,4.811967667753016,0.23353324360726357,-0.5710000000000013,155,49,0,6,0,0,0,52,0,0,0,0,development
DROPOUT,AEGIS_V3.0,330080,1,180,3.6050270948300076,0.22382948370313208,-0.25350000000000095,125,54,0,1,0,0,0,51,0,0,0,0,development
DROPOUT,AEGIS_V3.0,330081,1,136,2.1106660683544796,0.2455531777366687,-0.031000000000000583,101,29,0,6,0,0,0,33,0,0,0,0,development
DROPOUT,AEGIS_V3.0,330082,1,154,2.607252675335816,0.2364999903918101,-0.11700000000000066,111,41,0,2,0,0,0,39,0,0,0,0,development
DROPOUT,AEGIS_V3.0,330083,1,220,5.230338339900175,0.24847857282086677,-0.613500000000001,161,58,0,1,0,0,0,55,0,0,0,0,development
DROPOUT,AEGIS_V3.0,330084,1,179,3.4897773504781244,0.24483695173698183,-0.29750000000000076,128,46,0,5,0,0,0,50,0,0,0,0,development
DROPOUT,AEGIS_V3.0,330085,1,153,2.880253580027906,0.23030189970095089,-0.20350000000000068,120,32,0,1,0,0,0,32,0,0,0,0,development
DROPOUT,AEGIS_V3.0,330086,1,172,3.204442320073373,0.2398526921697617,-0.2940000000000007,128,40,0,4,0,0,0,43,0,0,0,0,development
DROPOUT,AEGIS_V3.0,330087,1,180,3.4429426147522055,0.24772086900622675,-0.22750000000000092,121,54,0,5,0,0,0,53,0,0,0,0,development
DROPOUT,AEGIS_V3.0,330088,1,159,3.0224270353065505,0.21838220533512928,-0.2105000000000008,120,36,0,3,0,0,0,35,0,0,0,0,development
DROPOUT,AEGIS_V3.0,330089,1,218,5.049787379889652,0.234091389562212,-0.6545000000000012,163,48,0,7,0,0,0,53,0,0,0,0,development
DROPOUT,AEGIS_V3.0,330090,1,168,3.191937354638231,0.2328264704462042,-0.24350000000000094,124,43,0,1,0,0,0,43,0,0,0,0,development
DROPOUT,AEGIS_V3.0,330091,1,93,1.129950759941977,0.24962725383002937,0.28949999999999954,70,20,0,3,0,0,0,23,0,0,0,0,development
DROPOUT,AEGIS_V3.0,330092,1,196,4.3981667843534344,0.22866598187094747,-0.4205000000000012,141,52,0,3,0,0,0,48,0,0,0,0,development
DROPOUT,AEGIS_V3.0,330093,1,227,5.307227656532685,0.2285738596418395,-0.6780000000000008,165,54,0,8,0,0,0,58,0,0,0,0,development
DROPOUT,AEGIS_V3.0,330094,1,151,2.770182817408273,0.2431343227919662,-0.1400000000000008,114,37,0,0,0,0,0,35,0,0,0,0,development
DROPOUT,AEGIS_V3.0,330095,1,232,5.935753255244151,0.23358916680755032,-0.700500000000001,169,60,0,3,0,0,0,60,0,0,0,0,development
DROPOUT,AEGIS_V3.0,330096,1,193,3.963114564204973,0.21605297727780343,-0.44400000000000084,143,46,0,4,0,0,0,47,0,0,0,0,development
DROPOUT,AEGIS_V3.0,330097,1,247,6.53256549587397,0.20999694865865962,-0.8310000000000015,181,60,0,6,0,0,0,61,0,0,0,0,development
DROPOUT,AEGIS_V3.0,330098,1,217,5.021905480467796,0.2443255394545111,-0.6405000000000012,163,51,0,3,0,0,0,52,0,0,0,0,development
DROPOUT,AEGIS_V3.0,330099,1,109,1.3861324545847604,0.24937736759401002,0.20299999999999951,79,28,0,2,0,0,0,28,0,0,0,0,development
DROPOUT,AEGIS_V3.1,330000,1,34,0.3596569912177337,0.24999080503989857,0.7699999999999999,23,7,3,1,0,0,0,9,0,0,0,3,development
DROPOUT,AEGIS_V3.1,330001,1,205,4.732878158373491,0.2073184800384527,-0.5500000000000012,155,46,3,1,0,0,0,46,0,0,0,3,development
DROPOUT,AEGIS_V3.1,330002,1,196,4.184583761174584,0.21036696447834982,-0.44100000000000095,144,44,4,4,0,0,0,48,0,0,0,4,development
DROPOUT,AEGIS_V3.1,330003,1,235,5.999297700451705,0.2221689429310353,-0.7400000000000013,174,51,7,3,0,0,0,54,0,0,0,7,development
DROPOUT,AEGIS_V3.1,330004,1,50,0.47855188124008846,0.24169480373047453,0.6199999999999999,38,9,2,1,0,0,0,7,0,0,0,3,development
DROPOUT,AEGIS_V3.1,330005,0,36,5.037492128346943,4.948039815436623,-0.18200000000000002,18,10,3,6,0,0,0,14,1,0,0,3,development
DROPOUT,AEGIS_V3.1,330006,1,193,3.982476905299715,0.2134070521421822,-0.360000000000001,136,47,6,4,0,0,0,56,0,1,0,6,development
DROPOUT,AEGIS_V3.1,330007,1,247,5.519664950565476,0.20579150296395868,-0.574000000000001,157,69,7,14,0,0,0,83,0,1,0,10,development
DROPOUT,AEGIS_V3.1,330008,0,16,2.9740354855355813,2.9526812993364513,-0.081,8,4,2,3,0,0,0,8,1,0,0,3,development
DROPOUT,AEGIS_V3.1,330009,1,188,3.873979761487242,0.22852060975276461,-0.43000000000000105,143,38,5,2,0,0,0,38,0,0,0,5,development
DROPOUT,AEGIS_V3.1,330010,0,38,2.514342930628709,2.3767790381617413,-0.26200000000000007,26,5,3,5,0,0,0,12,1,0,0,5,development
DROPOUT,AEGIS_V3.1,330011,0,33,3.7071033136498177,3.5907273650137164,-0.22100000000000006,22,7,2,3,0,0,0,8,1,0,0,5,development
DROPOUT,AEGIS_V3.1,330012,1,193,4.2216626664920485,0.2400429445179922,-0.4700000000000011,147,44,1,1,0,0,0,45,0,2,0,1,development
DROPOUT,AEGIS_V3.1,330013,1,69,0.6212870195416724,0.24364197783278252,0.6089999999999998,39,18,7,5,0,0,0,22,0,0,0,8,development
DROPOUT,AEGIS_V3.1,330014,1,135,2.0319828512594222,0.24736236747156082,0.03999999999999937,96,32,4,3,0,0,0,35,0,0,0,4,development
DROPOUT,AEGIS_V3.1,330015,0,42,4.328505450443469,4.181674173466005,-0.23100000000000007,23,11,4,5,0,0,0,17,1,0,0,4,development
DROPOUT,AEGIS_V3.1,330016,0,150,4.212231426435368,1.8962456210031133,-1.0520000000000005,105,34,6,6,0,0,0,40,1,0,0,6,development
DROPOUT,AEGIS_V3.1,330017,1,210,4.408090883594246,0.2143973498972316,-0.45000000000000107,145,55,7,3,0,0,0,58,0,0,0,7,development
DROPOUT,AEGIS_V3.1,330018,1,124,1.9201593208425647,0.24062149245398118,0.0799999999999994,92,27,2,3,0,0,0,31,0,0,0,2,development
DROPOUT,AEGIS_V3.1,330019,1,188,3.9011727761563284,0.2251123718884679,-0.3910000000000009,139,41,5,3,0,0,0,42,0,0,0,5,development
DROPOUT,AEGIS_V3.1,330020,1,149,2.5648385079518707,0.24908724800358223,-0.11100000000000065,111,34,0,4,0,0,0,37,0,0,0,0,development
DROPOUT,AEGIS_V3.1,330021,0,43,1.5634878793893416,1.4109301195378636,-0.24100000000000008,24,13,2,5,0,0,0,17,1,0,0,3,development
DROPOUT,AEGIS_V3.1,330022,1,135,2.0220169408799507,0.22742192229572947,0.03999999999999937,96,28,9,2,0,0,0,30,0,0,0,10,development
DROPOUT,AEGIS_V3.1,330023,1,239,5.9763673583379,0.20457734683404094,-0.8110000000000013,181,45,9,4,0,0,0,50,0,0,0,9,development
DROPOUT,AEGIS_V3.1,330024,1,202,4.583541209606154,0.22136981852989737,-0.5400000000000011,154,42,3,3,0,0,0,46,0,1,0,3,development
DROPOUT,AEGIS_V3.1,330025,1,90,1.1248602995242105,0.2335593778192899,0.3099999999999996,69,16,4,1,0,0,0,15,0,0,0,4,development
DROPOUT,AEGIS_V3.1,330026,0,18,5.5561696861823835,5.5204837602321675,-0.11099999999999997,11,4,1,3,0,0,0,6,1,0,0,2,development
DROPOUT,AEGIS_V3.1,330027,1,110,1.4609952496231935,0.24744670303257554,0.20999999999999952,79,21,7,3,0,0,0,25,0,0,0,7,development
DROPOUT,AEGIS_V3.1,330028,1,125,1.704754427432662,0.243683032315662,0.14999999999999947,85,34,4,2,0,0,0,36,0,0,0,4,development
DROPOUT,AEGIS_V3.1,330029,1,200,4.058205698196179,0.2431013969614128,-0.380000000000001,138,52,5,5,0,0,0,58,0,0,0,5,development
DROPOUT,AEGIS_V3.1,330030,1,128,1.7535384504944762,0.24407069938274556,0.16999999999999948,83,33,8,4,0,0,0,38,0,1,0,9,development
DROPOUT,AEGIS_V3.1,330031,1,165,2.868247390319831,0.2435048944950971,-0.11200000000000054,111,42,6,6,0,0,0,48,0,0,0,6,development
DROPOUT,AEGIS_V3.1,330032,1,212,5.008287711562283,0.21140537815013885,-0.6000000000000012,160,46,5,1,0,0,0,44,0,0,0,5,development
DROPOUT,AEGIS_V3.1,330033,1,213,4.878510350401938,0.21211205778880016,-0.5400000000000011,154,54,1,4,0,0,0,53,0,0,0,1,development
DROPOUT,AEGIS_V3.1,330034,1,219,4.804908054580052,0.20698372736918846,-0.5200000000000011,152,61,4,2,0,0,0,63,0,0,0,4,development
DROPOUT,AEGIS_V3.1,330035,1,88,0.9737509800088161,0.24725422284653722,0.4199999999999997,58,23,6,1,0,0,0,23,0,0,0,6,development
DROPOUT,AEGIS_V3.1,330036,1,79,0.7925482052478083,0.24288963779422562,0.4979999999999998,50,20,5,4,0,0,0,24,0,0,0,5,development
DROPOUT,AEGIS_V3.1,330037,0,7,5.017856412678228,5.014497430885614,-0.021,2,3,0,3,0,0,0,5,1,0,0,2,development
DROPOUT,AEGIS_V3.1,330038,1,199,4.36208829485992,0.2223751563187896,-0.491000000000001,149,43,5,2,0,0,0,45,0,0,0,5,development
DROPOUT,AEGIS_V3.1,330039,1,127,1.9072131219007837,0.24544951155759187,0.10999999999999943,89,30,5,3,0,0,0,34,0,0,0,6,development
DROPOUT,AEGIS_V3.1,330040,1,179,3.377131066746154,0.23802536643529598,-0.2610000000000008,126,41,8,4,0,0,0,48,0,0,0,8,development
DROPOUT,AEGIS_V3.1,330041,1,69,0.6963944328237544,0.24259905950575275,0.5099999999999998,49,15,2,3,0,0,0,18,0,0,0,3,development
DROPOUT,AEGIS_V3.1,330042,1,89,0.9854706535023411,0.23287109573786735,0.37999999999999967,62,21,3,3,0,0,0,23,0,0,0,4,development
DROPOUT,AEGIS_V3.1,330043,1,132,1.9844209279023317,0.24728464537051828,0.058999999999999386,94,30,5,3,0,0,0,33,0,0,0,6,development
DROPOUT,AEGIS_V3.1,330044,1,207,4.546933944334513,0.21622756089367967,-0.511000000000001,151,48,4,4,0,0,0,54,0,0,0,4,development
DROPOUT,AEGIS_V3.1,330045,0,23,1.3383922747515455,1.288767847297122,-0.12099999999999997,12,5,3,4,0,0,0,9,1,0,0,3,development
DROPOUT,AEGIS_V3.1,330046,1,214,5.240868009169232,0.2208595661331732,-0.5420000000000009,154,51,4,5,0,0,0,56,0,0,0,4,development
DROPOUT,AEGIS_V3.1,330047,1,185,3.8231208986356737,0.2368578158632605,-0.34000000000000097,134,48,3,0,0,0,0,47,0,0,0,3,development
DROPOUT,AEGIS_V3.1,330048,1,202,4.328931612535648,0.2217602458081024,-0.521000000000001,152,42,4,4,0,0,0,44,0,0,0,4,development
DROPOUT,AEGIS_V3.1,330049,0,35,5.450868400038514,5.349435336136446,-0.18100000000000002,18,8,5,5,0,0,0,11,1,0,0,6,development
DROPOUT,AEGIS_V3.1,330050,1,108,1.4038911851133828,0.23357443377978623,0.21999999999999953,78,22,6,2,0,0,0,26,0,0,0,6,development
DROPOUT,AEGIS_V3.1,330051,1,185,3.873309951255496,0.22443712974311142,-0.34000000000000097,134,47,1,3,0,0,0,47,0,0,0,1,development
DROPOUT,AEGIS_V3.1,330052,1,70,0.7998846227875246,0.24869868269052206,0.4389999999999997,56,9,3,2,0,0,0,11,0,0,0,4,development
DROPOUT,AEGIS_V3.1,330053,0,13,4.4205969606994255,4.403619207585106,-0.071,7,4,0,3,0,0,0,6,1,0,0,2,development
DROPOUT,AEGIS_V3.1,330054,1,215,4.753331376066875,0.2334901435395072,-0.45000000000000107,145,64,4,2,0,0,0,67,0,0,0,4,development
DROPOUT,AEGIS_V3.1,330055,1,154,2.6369837374443104,0.2269722713337765,-0.12000000000000077,112,37,4,1,0,0,0,40,0,0,0,4,development
DROPOUT,AEGIS_V3.1,330056,1,159,2.9828247006759994,0.23972338261204842,-0.21000000000000085,121,30,7,1,0,0,0,35,0,0,0,7,development
DROPOUT,AEGIS_V3.1,330057,1,103,1.136487035957971,0.24340869265101897,0.34899999999999964,65,27,6,5,0,0,0,34,0,0,0,6,development
DROPOUT,AEGIS_V3.1,330058,1,63,0.6544152038937127,0.24978028780824788,0.5499999999999998,45,14,2,2,0,0,0,15,0,0,0,2,development
DROPOUT,AEGIS_V3.1,330059,1,117,1.4922458452515122,0.24334641155299908,0.21999999999999953,78,34,3,2,0,0,0,34,0,0,0,3,development
DROPOUT,AEGIS_V3.1,330060,1,171,3.1732462029040387,0.23365793886296368,-0.22000000000000086,122,44,3,2,0,0,0,43,0,0,0,5,development
DROPOUT,AEGIS_V3.1,330061,0,25,3.1198327133836288,3.05676746762427,-0.171,17,5,1,3,0,0,0,6,1,0,0,3,development
DROPOUT,AEGIS_V3.1,330062,1,172,3.3007625965876777,0.22302643334884795,-0.2800000000000009,128,34,8,2,0,0,0,37,0,0,0,8,development
DROPOUT,AEGIS_V3.1,330063,1,173,3.6230253522795266,0.2407930149688126,-0.390000000000001,139,31,2,1,0,0,0,32,0,0,0,2,development
DROPOUT,AEGIS_V3.1,330064,1,181,3.6065118642056677,0.21578831315542135,-0.32000000000000095,132,42,5,2,0,0,0,44,0,0,0,6,development
DROPOUT,AEGIS_V3.1,330065,1,198,4.186139717006623,0.23405857729989243,-0.44300000000000095,144,42,5,7,0,0,0,48,0,0,0,5,development
DROPOUT,AEGIS_V3.1,330066,1,85,0.8502080834870536,0.24636410870795003,0.47899999999999976,52,23,6,4,0,0,0,27,0,0,0,6,development
DROPOUT,AEGIS_V3.1,330067,0,103,3.1065082263472177,2.0407693494107844,-0.7310000000000004,73,22,5,4,0,0,0,28,1,0,0,5,development
DROPOUT,AEGIS_V3.1,330068,1,194,4.198638408225829,0.2308541931551307,-0.44200000000000106,144,43,2,5,0,0,0,40,0,0,0,3,development
DROPOUT,AEGIS_V3.1,330069,1,233,5.922627844391084,0.22052579215427826,-0.7600000000000013,176,46,6,5,0,0,0,50,0,0,0,7,development
DROPOUT,AEGIS_V3.1,330070,1,155,2.6821025588600174,0.22324954588216037,-0.11000000000000076,111,38,4,2,0,0,0,37,0,0,0,4,development
DROPOUT,AEGIS_V3.1,330071,1,182,3.635000155014488,0.23877799963591761,-0.32100000000000084,132,40,6,4,0,0,0,47,0,0,0,6,development
DROPOUT,AEGIS_V3.1,330072,1,133,2.1235972130145138,0.2247473794190849,-0.030000000000000693,103,28,1,1,0,0,0,29,0,0,0,1,development
DROPOUT,AEGIS_V3.1,330073,1,98,1.2049812638936126,0.23745849720260365,0.2899999999999996,71,24,2,1,0,0,0,23,0,0,0,2,development
DROPOUT,AEGIS_V3.1,330074,1,126,1.779918240350974,0.23561427038387206,0.12899999999999945,87,33,2,4,0,0,0,35,0,0,0,3,development
DROPOUT,AEGIS_V3.1,330075,1,144,2.448166650319326,0.22563386190929294,-0.0400000000000007,104,37,1,2,0,0,0,36,0,0,0,1,development
DROPOUT,AEGIS_V3.1,330076,1,250,6.499313606129035,0.23934027791377474,-0.8210000000000013,182,56,5,7,0,0,0,60,0,0,0,7,development
DROPOUT,AEGIS_V3.1,330077,1,215,5.244711664953695,0.24977490652731335,-0.6900000000000013,169,40,6,0,0,0,0,41,0,1,0,6,development
DROPOUT,AEGIS_V3.1,330078,1,142,2.058494570371989,0.23508007816156,0.009999999999999343,99,31,7,5,0,0,0,38,0,0,0,7,development
DROPOUT,AEGIS_V3.1,330079,0,20,4.811967667753016,4.774212259712228,-0.11099999999999997,11,5,2,3,0,0,0,9,1,0,0,2,development
DROPOUT,AEGIS_V3.1,330080,1,182,3.6050270948300076,0.2191329558322409,-0.2600000000000009,126,50,5,1,0,0,0,52,0,0,0,5,development
DROPOUT,AEGIS_V3.1,330081,0,57,2.1106660683544796,1.8049099555453105,-0.3820000000000002,38,11,4,5,0,0,0,14,1,0,0,6,development
DROPOUT,AEGIS_V3.1,330082,1,156,2.607252675335816,0.24283421263181412,-0.11000000000000076,111,39,5,1,0,0,0,39,0,0,0,5,development
DROPOUT,AEGIS_V3.1,330083,1,224,5.230338339900175,0.20643742393315745,-0.6100000000000012,161,57,4,2,0,0,0,56,0,0,0,4,development
DROPOUT,AEGIS_V3.1,330084,0,67,3.4897773504781244,3.026822010457956,-0.45100000000000023,45,16,4,3,0,0,0,20,1,0,0,4,development
DROPOUT,AEGIS_V3.1,330085,1,156,2.880253580027906,0.2356465786491073,-0.19000000000000083,119,32,4,1,0,0,0,33,0,0,0,4,development
DROPOUT,AEGIS_V3.1,330086,1,176,3.204442320073373,0.22131346092243057,-0.2820000000000009,128,34,9,5,0,0,0,43,0,0,0,11,development
DROPOUT,AEGIS_V3.1,330087,1,183,3.4429426147522055,0.21806488577030225,-0.23000000000000087,123,51,6,3,0,0,0,54,0,0,0,6,development
DROPOUT,AEGIS_V3.1,330088,1,160,3.0224270353065505,0.2191468978877112,-0.21100000000000074,121,33,3,3,0,0,0,35,0,0,0,3,development
DROPOUT,AEGIS_V3.1,330089,0,221,5.049787379889652,0.312575933250957,-1.5830000000000009,158,49,5,10,0,0,0,57,1,0,0,5,development
DROPOUT,AEGIS_V3.1,330090,1,170,3.191937354638231,0.22791810465013226,-0.24000000000000088,124,40,4,2,0,0,0,43,0,0,0,4,development
DROPOUT,AEGIS_V3.1,330091,0,55,1.129950759941977,0.8556108803250336,-0.3310000000000001,33,14,5,4,0,0,0,18,1,0,0,7,development
DROPOUT,AEGIS_V3.1,330092,0,192,4.3981667843534344,0.3941896140132114,-1.391000000000001,139,49,1,4,0,0,0,48,1,0,0,1,development
DROPOUT,AEGIS_V3.1,330093,0,117,5.307227656532685,4.101413122560927,-0.7310000000000004,73,35,4,6,0,0,0,40,1,0,0,6,development
DROPOUT,AEGIS_V3.1,330094,1,157,2.770182817408273,0.24066002715871582,-0.1400000000000008,114,34,7,2,0,0,0,35,0,0,0,8,development
DROPOUT,AEGIS_V3.1,330095,1,234,5.935753255244151,0.2432345787109495,-0.6910000000000012,169,59,3,3,0,0,0,60,0,0,0,4,development
DROPOUT,AEGIS_V3.1,330096,1,195,3.963114564204973,0.23375638180115554,-0.4110000000000009,141,46,4,4,0,0,0,48,0,0,0,4,development
DROPOUT,AEGIS_V3.1,330097,0,54,6.53256549587397,6.242002063705703,-0.38100000000000017,38,7,6,4,0,0,0,12,1,0,0,6,development
DROPOUT,AEGIS_V3.1,330098,0,11,5.021905480467796,5.01372998225705,-0.041,4,3,2,3,0,0,0,5,1,0,0,2,development
DROPOUT,AEGIS_V3.1,330099,1,112,1.3861324545847604,0.23852085880946278,0.20899999999999952,79,24,5,4,0,0,0,28,0,0,0,5,development
DRIFT,AEGIS_V3.0,340000,0,300,0.7456723924419897,2.27638951487162,-1.197499999999996,27,8,0,265,0,0,270,270,0,0,0,0,development
DRIFT,AEGIS_V3.0,340001,0,300,4.547838574899137,6.514966888813794,-1.120999999999995,19,15,0,266,0,0,266,266,0,0,0,0,development
DRIFT,AEGIS_V3.0,340002,0,300,4.560379314322045,6.706186643286261,-1.1044999999999945,17,16,0,267,0,0,268,268,0,0,0,0,development
DRIFT,AEGIS_V3.0,340003,0,300,6.113140866166852,7.888309106337973,-1.137499999999995,21,14,0,265,0,0,267,267,0,0,0,0,development
DRIFT,AEGIS_V3.0,340004,0,300,6.148295281250175,8.264005027303725,-1.1419999999999952,19,9,0,272,0,0,272,272,0,0,0,0,development
DRIFT,AEGIS_V3.0,340005,0,300,3.34213638334882,5.063338471254418,-1.1509999999999954,22,12,0,266,0,0,269,269,0,0,0,0,development
DRIFT,AEGIS_V3.0,340006,0,300,3.1305506671282353,4.358447021745657,-1.1869999999999958,27,11,0,262,0,0,266,266,0,0,0,0,development
DRIFT,AEGIS_V3.0,340007,0,300,4.387455749426248,5.353930361545102,-1.2134999999999962,30,9,0,261,0,0,265,265,0,0,0,0,development
DRIFT,AEGIS_V3.0,340008,0,300,4.585545520019689,6.729677220001308,-1.124999999999995,18,12,0,270,0,0,271,271,0,0,0,0,development
DRIFT,AEGIS_V3.0,340009,0,300,2.182122418431059,3.955473723479607,-1.1579999999999955,22,10,0,268,0,0,271,271,0,0,0,0,development
DRIFT,AEGIS_V3.0,340010,0,300,6.291715686831504,7.931011460735795,-1.1609999999999954,23,11,0,266,0,0,269,269,0,0,0,0,development
DRIFT,AEGIS_V3.0,340011,0,300,4.525068796121318,6.300854401272741,-1.1579999999999955,22,9,1,268,0,0,272,272,0,0,0,0,development
DRIFT,AEGIS_V3.0,340012,0,300,4.7791401894808345,6.1121055283161665,-1.1804999999999959,26,11,0,263,0,0,269,269,0,0,0,0,development
DRIFT,AEGIS_V3.0,340013,0,300,2.9286228430310133,5.046304721181992,-1.1214999999999948,18,13,0,269,0,0,269,269,0,0,0,0,development
DRIFT,AEGIS_V3.0,340014,1,11,0.2647432142578608,0.2475229360527042,0.89,11,0,0,0,1,0,0,0,0,0,0,0,development
DRIFT,AEGIS_V3.0,340015,0,300,2.3536537361078693,3.760038176185565,-1.190999999999996,26,8,0,266,0,0,271,271,0,0,0,0,development
DRIFT,AEGIS_V3.0,340016,0,300,3.02583773618156,4.881705732032631,-1.1274999999999948,20,15,0,265,0,0,268,268,0,0,0,0,development
DRIFT,AEGIS_V3.0,340017,0,300,4.380912813278334,6.522393925380435,-1.1454999999999953,19,8,0,273,0,0,273,273,0,0,0,0,development
DRIFT,AEGIS_V3.0,340018,0,300,1.2891058498599612,3.5000563239575038,-1.1114999999999946,17,14,0,269,0,0,269,269,0,0,0,0,development
DRIFT,AEGIS_V3.0,340019,0,300,6.019888194860309,7.8182881073065245,-1.1614999999999955,22,9,0,269,0,0,270,270,0,0,0,0,development
DRIFT,AEGIS_V3.0,340020,0,300,2.3251695728826705,3.788123049203249,-1.1774999999999958,25,10,0,265,0,0,269,269,0,0,0,0,development
DRIFT,AEGIS_V3.0,340021,0,300,4.711754609779591,5.936376169798514,-1.1869999999999958,27,11,0,262,0,0,270,270,0,0,0,0,development
DRIFT,AEGIS_V3.0,340022,0,300,4.320912888176382,5.699336587444109,-1.187499999999996,26,9,0,265,0,0,269,269,0,0,0,0,development
DRIFT,AEGIS_V3.0,340023,0,300,1.0643850592825106,2.1760378982771753,-1.2239999999999964,30,6,0,264,0,0,268,268,0,0,0,0,development
DRIFT,AEGIS_V3.0,340024,0,300,5.498775296953045,7.194167870222701,-1.1679999999999955,23,9,0,268,0,0,268,268,0,0,0,0,development
DRIFT,AEGIS_V3.0,340025,0,300,3.8378794984295177,5.3462633710455805,-1.184499999999996,25,8,0,267,0,0,271,271,0,0,0,0,development
DRIFT,AEGIS_V3.0,340026,0,300,4.014544562016239,5.763332604281285,-1.1544999999999954,22,10,1,267,0,0,268,268,0,0,0,0,development
DRIFT,AEGIS_V3.0,340027,0,300,4.982962979883189,7.243721504417712,-1.0979999999999943,16,14,2,268,0,0,270,270,0,0,0,0,development
DRIFT,AEGIS_V3.0,340028,0,300,2.563753681485328,4.743245217831085,-1.1079999999999945,17,14,1,268,0,0,269,269,0,0,0,0,development
DRIFT,AEGIS_V3.0,340029,0,300,2.289667282440503,3.4898870434680394,-1.2039999999999962,28,8,0,264,0,0,270,270,0,0,0,0,development
DRIFT,AEGIS_V3.0,340030,0,300,2.702277091035151,4.347496690796294,-1.1609999999999954,23,10,1,266,0,0,271,271,0,0,0,0,development
DRIFT,AEGIS_V3.0,340031,0,300,3.622310560838745,5.663047484416135,-1.131499999999995,19,11,1,269,0,0,270,270,0,0,0,0,development
DRIFT,AEGIS_V3.0,340032,0,300,4.280701146324427,5.866356048326001,-1.1744999999999957,24,8,1,267,0,0,271,271,0,0,0,0,development
DRIFT,AEGIS_V3.0,340033,0,300,1.1417563819554275,3.040427577161068,-1.1549999999999954,21,8,1,270,0,0,271,271,0,0,0,0,development
DRIFT,AEGIS_V3.0,340034,0,300,2.6404216350160525,4.389841420602975,-1.1544999999999954,22,11,0,267,0,0,272,272,0,0,0,0,development
DRIFT,AEGIS_V3.0,340035,0,300,5.171310153040275,7.33775321112628,-1.128499999999995,18,11,0,271,0,0,270,270,0,0,0,0,development
DRIFT,AEGIS_V3.0,340036,0,300,2.435126558731208,4.053094772209983,-1.1574999999999953,23,12,0,265,0,0,267,267,0,0,0,0,development
DRIFT,AEGIS_V3.0,340037,0,300,1.6529550502937185,2.953572019957689,-1.2179999999999964,28,4,0,268,0,0,270,270,0,0,0,0,development
DRIFT,AEGIS_V3.0,340038,1,34,0.39042970625452417,0.24872296745356348,0.7559999999999999,23,7,0,4,0,0,4,4,0,0,0,0,development
DRIFT,AEGIS_V3.0,340039,0,300,3.703231541949056,5.4009020344569665,-1.1474999999999953,22,12,1,265,0,0,271,271,0,0,0,0,development
DRIFT,AEGIS_V3.0,340040,0,300,3.404378726501692,5.096711623259288,-1.1679999999999955,23,8,1,268,0,0,271,271,0,0,0,0,development
DRIFT,AEGIS_V3.0,340041,1,32,0.38627444452945203,0.24818927490293533,0.71,29,3,0,0,3,0,3,3,0,0,0,0,development
DRIFT,AEGIS_V3.0,340042,0,300,3.170057548686952,5.048890643703856,-1.1514999999999953,21,10,0,269,0,0,271,271,0,0,0,0,development
DRIFT,AEGIS_V3.0,340043,0,300,4.653160157671862,5.8459089762744965,-1.2039999999999962,28,8,0,264,0,0,266,266,0,0,0,0,development
DRIFT,AEGIS_V3.0,340044,0,300,4.773058034177941,6.334882978734232,-1.1709999999999956,24,10,0,266,0,0,269,269,0,0,0,0,development
DRIFT,AEGIS_V3.0,340045,0,300,1.6190359448855356,2.8507895059783785,-1.2074999999999962,28,7,0,265,0,0,270,270,0,0,0,0,development
DRIFT,AEGIS_V3.0,340046,0,300,3.4996665349465363,5.278716089922795,-1.137499999999995,21,14,0,265,0,0,268,268,0,0,0,0,development
DRIFT,AEGIS_V3.0,340047,0,300,5.569240083470372,7.315563044162489,-1.1544999999999954,22,11,0,267,0,0,270,270,0,0,0,0,development
DRIFT,AEGIS_V3.0,340048,0,300,0.9335072357704662,2.9412255186225043,-1.1484999999999952,20,9,0,271,0,0,271,271,0,0,0,0,development
DRIFT,AEGIS_V3.0,340049,0,300,5.0816036272533935,7.015377832042621,-1.137999999999995,20,12,0,268,0,0,269,269,0,0,0,0,development
DRIFT,AEGIS_V3.0,340050,0,300,3.85596779074565,5.6637503513956196,-1.1409999999999951,21,13,0,266,0,0,268,268,0,0,0,0,development
DRIFT,AEGIS_V3.0,340051,0,300,3.4464488636018347,5.061420309386033,-1.1574999999999953,23,11,1,265,0,0,269,269,0,0,0,0,development
DRIFT,AEGIS_V3.0,340052,0,300,1.0035119321289825,2.7831786803782514,-1.1579999999999955,22,10,0,268,0,0,272,272,0,0,0,0,development
DRIFT,AEGIS_V3.0,340053,0,300,0.5952284346796449,2.9116794013539153,-1.1084999999999945,16,13,0,271,0,0,270,270,0,0,0,0,development
DRIFT,AEGIS_V3.0,340054,0,300,5.640826210484618,7.548096103395729,-1.134499999999995,20,13,0,267,0,0,269,269,0,0,0,0,development
DRIFT,AEGIS_V3.0,340055,0,300,4.754013447601995,6.604406272183824,-1.1479999999999952,21,11,0,268,0,0,269,269,0,0,0,0,development
DRIFT,AEGIS_V3.0,340056,1,24,0.32488585100187994,0.24616759378926065,0.7599999999999999,24,0,0,0,5,0,0,0,0,0,0,0,development
DRIFT,AEGIS_V3.0,340057,0,300,3.966089341309875,5.554117498439439,-1.1744999999999957,24,8,1,267,0,0,269,269,0,0,0,0,development
DRIFT,AEGIS_V3.0,340058,0,300,3.8789072018120843,5.620954295674592,-1.1544999999999954,22,10,1,267,0,0,269,269,0,0,0,0,development
DRIFT,AEGIS_V3.0,340059,0,300,3.953095208217329,5.6246886187922005,-1.1439999999999952,22,14,0,264,0,0,267,267,0,0,0,0,development
DRIFT,AEGIS_V3.0,340060,0,300,5.062335872086068,6.604034962185759,-1.1674999999999955,24,11,0,265,0,0,267,267,0,0,0,0,development
DRIFT,AEGIS_V3.0,340061,0,300,4.8235880646830065,6.649220356471937,-1.1444999999999952,21,12,0,267,0,0,267,267,0,0,0,0,development
DRIFT,AEGIS_V3.0,340062,0,300,5.817654484812605,7.620159707373456,-1.1409999999999951,21,12,1,266,0,0,268,268,0,0,0,0,development
DRIFT,AEGIS_V3.0,340063,0,300,3.69036276885615,5.647814321631573,-1.141499999999995,20,11,0,269,0,0,270,270,0,0,0,0,development
DRIFT,AEGIS_V3.0,340064,0,300,4.9120226120252255,6.166438710103972,-1.190499999999996,27,10,0,263,0,0,269,269,0,0,0,0,development
DRIFT,AEGIS_V3.0,340065,0,300,0.8793292786131046,2.4425051802568682,-1.187999999999996,25,7,0,268,0,0,272,272,0,0,0,0,development
DRIFT,AEGIS_V3.0,340066,0,300,3.828087264017974,4.920777135105537,-1.2104999999999964,29,8,0,263,0,0,268,268,0,0,0,0,development
DRIFT,AEGIS_V3.0,340067,0,300,4.771634776846439,6.543585688689613,-1.1579999999999955,22,10,0,268,0,0,269,269,0,0,0,0,development
DRIFT,AEGIS_V3.0,340068,0,300,4.930288566035965,6.859324167561646,-1.1584999999999954,21,8,0,271,0,0,270,270,0,0,0,0,development
DRIFT,AEGIS_V3.0,340069,0,300,5.9527062612459085,7.781186710514601,-1.1444999999999952,21,12,0,267,0,0,272,272,0,0,0,0,development
DRIFT,AEGIS_V3.0,340070,0,300,5.279989473070509,7.263125887687867,-1.1449999999999951,20,10,0,270,0,0,270,270,0,0,0,0,development
DRIFT,AEGIS_V3.0,340071,0,300,0.86332754615926,2.5090888329485823,-1.1574999999999953,23,12,0,265,0,0,269,269,0,0,0,0,development
DRIFT,AEGIS_V3.0,340072,0,300,1.7224714629565865,2.960251577103809,-1.1869999999999958,27,11,0,262,0,0,267,267,0,0,0,0,development
DRIFT,AEGIS_V3.0,340073,0,300,4.391344892006738,6.215971809065066,-1.1444999999999952,21,12,0,267,0,0,267,267,0,0,0,0,development
DRIFT,AEGIS_V3.0,340074,0,300,3.7354282010679407,5.218076057745416,-1.1809999999999958,25,9,0,266,0,0,267,267,0,0,0,0,development
DRIFT,AEGIS_V3.0,340075,0,300,2.368125062024351,4.13919046184152,-1.1579999999999955,22,10,0,268,0,0,272,272,0,0,0,0,development
DRIFT,AEGIS_V3.0,340076,0,300,2.6511175077390434,4.368847042966197,-1.1714999999999958,23,8,0,269,0,0,269,269,0,0,0,0,development
DRIFT,AEGIS_V3.0,340077,0,300,4.994763587819194,6.620481392276026,-1.1574999999999953,23,12,0,265,0,0,271,271,0,0,0,0,development
DRIFT,AEGIS_V3.0,340078,0,300,2.87387857544484,4.775878827060446,-1.1549999999999954,21,9,0,270,0,0,271,271,0,0,0,0,development
DRIFT,AEGIS_V3.0,340079,0,300,2.9708926496652106,4.741002854982428,-1.1579999999999955,22,10,0,268,0,0,271,271,0,0,0,0,development
DRIFT,AEGIS_V3.0,340080,0,300,2.3317344780290647,3.786832024818054,-1.1774999999999958,25,10,0,265,0,0,266,266,0,0,0,0,development
DRIFT,AEGIS_V3.0,340081,0,300,4.351327027804322,6.323037974009147,-1.120999999999995,19,15,0,266,0,0,270,270,0,0,0,0,development
DRIFT,AEGIS_V3.0,340082,1,32,0.3765538151824851,0.24947026878086853,0.73,27,5,0,0,2,0,2,2,0,0,0,0,development
DRIFT,AEGIS_V3.0,340083,0,300,2.82760693976091,4.925682638119814,-1.1179999999999948,18,14,0,268,0,0,269,269,0,0,0,0,development
DRIFT,AEGIS_V3.0,340084,0,300,4.5934398190234464,6.2908594656581,-1.1679999999999955,23,9,0,268,0,0,270,270,0,0,0,0,development
DRIFT,AEGIS_V3.0,340085,0,300,3.6889945478844792,5.492421373132452,-1.1409999999999951,21,13,0,266,0,0,270,270,0,0,0,0,development
DRIFT,AEGIS_V3.0,340086,0,300,4.682402305634199,6.433690150595426,-1.133999999999995,21,15,0,264,0,0,267,267,0,0,0,0,development
DRIFT,AEGIS_V3.0,340087,0,300,3.026057147972221,5.300919089790623,-1.1424999999999952,18,7,0,275,0,0,275,275,0,0,0,0,development
DRIFT,AEGIS_V3.0,340088,0,300,3.9157349069527756,5.743129749453723,-1.1444999999999952,21,12,0,267,0,0,271,271,0,0,0,0,development
DRIFT,AEGIS_V3.0,340089,0,300,4.992872797781187,6.33211314657567,-1.1804999999999959,26,10,1,263,0,0,268,268,0,0,0,0,development
DRIFT,AEGIS_V3.0,340090,0,300,4.919611449244528,6.452694423088145,-1.187999999999996,25,7,0,268,0,0,270,270,0,0,0,0,development
DRIFT,AEGIS_V3.0,340091,0,300,1.5268796258964632,3.152774575782074,-1.1574999999999953,23,12,0,265,0,0,269,269,0,0,0,0,development
DRIFT,AEGIS_V3.0,340092,1,104,0.7918280249176441,0.24908137819275472,0.4660000000000002,31,9,0,64,0,0,70,70,0,0,0,0,development
DRIFT,AEGIS_V3.0,340093,0,300,2.98132116839511,4.757497141397324,-1.1579999999999955,22,10,0,268,0,0,270,270,0,0,0,0,development
DRIFT,AEGIS_V3.0,340094,0,300,3.516996016917605,5.024673440977932,-1.184499999999996,25,8,0,267,0,0,270,270,0,0,0,0,development
DRIFT,AEGIS_V3.0,340095,1,1,0.2162894649835318,0.2162894649835318,0.99,1,0,0,0,0,0,0,0,0,0,0,0,development
DRIFT,AEGIS_V3.0,340096,0,300,2.961581169006768,4.950947748563491,-1.1449999999999951,20,10,0,270,0,0,272,272,0,0,0,0,development
DRIFT,AEGIS_V3.0,340097,0,300,1.4464220277351978,3.3531238732808717,-1.134499999999995,20,13,0,267,0,0,269,269,0,0,0,0,development
DRIFT,AEGIS_V3.0,340098,0,300,3.8500136967376886,5.7555565012741186,-1.134499999999995,20,13,0,267,0,0,270,270,0,0,0,0,development
DRIFT,AEGIS_V3.0,340099,0,300,1.8348741577537422,3.7699697543462904,-1.137999999999995,20,12,0,268,0,0,266,266,0,0,0,0,development
DRIFT,AEGIS_V3.1,340000,1,67,0.7456723924419897,0.23749617254473113,0.4399999999999997,56,6,5,0,0,0,0,10,0,10,0,5,development
DRIFT,AEGIS_V3.1,340001,1,186,4.547838574899137,0.24450666218208056,-0.7100000000000013,171,7,8,0,0,0,0,163,0,159,0,8,development
DRIFT,AEGIS_V3.1,340002,1,186,4.560379314322045,0.22420814229576044,-0.7100000000000013,171,8,6,1,0,0,0,166,0,165,0,6,development
DRIFT,AEGIS_V3.1,340003,1,218,6.113140866166852,0.22238430929112424,-1.0010000000000012,200,7,9,2,0,0,0,194,0,190,0,11,development
DRIFT,AEGIS_V3.1,340004,1,221,6.148295281250175,0.21332013461990448,-0.9500000000000015,195,14,11,1,0,0,0,197,0,190,0,11,development
DRIFT,AEGIS_V3.1,340005,1,162,3.34213638334882,0.24835507331483966,-0.41000000000000103,141,17,4,0,0,0,0,132,0,129,0,4,development
DRIFT,AEGIS_V3.1,340006,0,61,3.1305506671282353,2.660767618651652,-0.48100000000000026,48,7,3,4,0,0,0,3,1,3,0,3,development
DRIFT,AEGIS_V3.1,340007,1,186,4.387455749426248,0.2401695814664358,-0.6410000000000011,164,17,3,2,0,0,0,137,0,136,0,4,development
DRIFT,AEGIS_V3.1,340008,1,187,4.585545520019689,0.22773946122141617,-0.7200000000000013,172,7,7,1,0,0,0,165,0,160,0,7,development
DRIFT,AEGIS_V3.1,340009,1,128,2.182122418431059,0.2249710289530798,-0.12000000000000077,112,11,5,0,0,0,0,102,0,101,0,5,development
DRIFT,AEGIS_V3.1,340010,1,216,6.291715686831504,0.24525844017240656,-1.020000000000001,202,5,8,1,0,0,0,192,0,187,0,9,development
DRIFT,AEGIS_V3.1,340011,1,189,4.525068796121318,0.20349130796022938,-0.7000000000000013,170,15,3,1,0,0,1,152,0,151,1,3,development
DRIFT,AEGIS_V3.1,340012,1,197,4.7791401894808345,0.21701102488973337,-0.6920000000000013,169,18,5,5,0,0,0,141,0,139,0,5,development
DRIFT,AEGIS_V3.1,340013,1,150,2.9286228430310133,0.24712750700124633,-0.33000000000000096,133,9,8,0,0,0,0,125,0,121,0,8,development
DRIFT,AEGIS_V3.1,340014,1,11,0.2647432142578608,0.2495067716354329,0.91,9,0,2,0,0,0,0,0,0,0,0,2,development
DRIFT,AEGIS_V3.1,340015,1,131,2.3536537361078693,0.24283696591300308,-0.17000000000000082,117,10,4,0,0,0,0,88,0,85,0,4,development
DRIFT,AEGIS_V3.1,340016,1,153,3.02583773618156,0.23335046496333328,-0.3810000000000009,138,7,6,2,0,0,0,121,0,119,0,6,development
DRIFT,AEGIS_V3.1,340017,1,184,4.380912813278334,0.2204051706454024,-0.6500000000000012,165,10,9,0,0,0,0,164,0,158,0,9,development
DRIFT,AEGIS_V3.1,340018,0,21,1.2891058498599612,1.2450915439011696,-0.12099999999999998,12,5,1,4,0,0,0,3,1,0,0,3,development
DRIFT,AEGIS_V3.1,340019,1,217,6.019888194860309,0.1971996045892126,-0.9800000000000015,198,9,9,1,0,0,0,193,0,188,0,9,development
DRIFT,AEGIS_V3.1,340020,1,134,2.3251695728826705,0.23738524502321026,-0.13000000000000078,113,16,4,1,0,0,0,65,0,63,0,4,development
DRIFT,AEGIS_V3.1,340021,0,65,4.711754609779591,4.275058513750322,-0.4210000000000002,42,15,5,4,0,0,0,10,1,10,0,6,development
DRIFT,AEGIS_V3.1,340022,1,185,4.320912888176382,0.2458458402731218,-0.6500000000000012,165,10,8,2,0,0,0,147,0,142,0,9,development
DRIFT,AEGIS_V3.1,340023,0,47,1.0643850592825106,0.8046544494830302,-0.35100000000000015,35,6,4,3,0,0,0,1,1,1,0,4,development
DRIFT,AEGIS_V3.1,340024,1,208,5.498775296953045,0.2093732300659122,-0.8600000000000014,186,14,7,1,0,0,0,179,0,175,0,8,development
DRIFT,AEGIS_V3.1,340025,1,168,3.8378794984295177,0.21079698676741587,-0.5600000000000012,156,5,7,0,0,0,0,135,0,132,0,7,development
DRIFT,AEGIS_V3.1,340026,1,176,4.014544562016239,0.2201924670610268,-0.5910000000000011,159,10,4,3,0,0,0,149,0,147,0,4,development
DRIFT,AEGIS_V3.1,340027,1,199,4.982962979883189,0.23798677262855475,-0.7710000000000012,177,11,9,2,0,0,0,176,0,171,0,9,development
DRIFT,AEGIS_V3.1,340028,1,137,2.563753681485328,0.2420619905998484,-0.24000000000000088,124,5,7,1,0,0,0,114,0,112,0,8,development
DRIFT,AEGIS_V3.1,340029,1,134,2.289667282440503,0.2499704140609384,-0.12100000000000066,112,12,7,3,0,0,0,83,0,81,0,7,development
DRIFT,AEGIS_V3.1,340030,1,144,2.702277091035151,0.24301561738962407,-0.2710000000000008,127,9,6,2,0,0,0,118,0,114,0,7,development
DRIFT,AEGIS_V3.1,340031,0,45,3.622310560838745,3.423342114768548,-0.3020000000000001,30,3,8,5,0,0,0,24,1,20,0,11,development
DRIFT,AEGIS_V3.1,340032,1,181,4.280701146324427,0.20430748788123687,-0.6500000000000012,165,11,5,0,0,0,0,153,0,151,0,5,development
DRIFT,AEGIS_V3.1,340033,1,88,1.1417563819554275,0.23718426946472346,0.2699999999999996,73,8,5,2,0,4,0,51,0,46,0,6,development
DRIFT,AEGIS_V3.1,340034,1,144,2.6404216350160525,0.2213592192738927,-0.2700000000000009,127,13,3,1,0,0,0,100,0,99,0,3,development
DRIFT,AEGIS_V3.1,340035,1,201,5.171310153040275,0.21561795280945736,-0.8000000000000014,180,11,10,0,0,0,1,179,0,173,1,10,development
DRIFT,AEGIS_V3.1,340036,1,133,2.435126558731208,0.23905565574679044,-0.17000000000000082,117,8,8,0,0,0,0,103,0,96,0,8,development
DRIFT,AEGIS_V3.1,340037,0,34,1.6529550502937185,1.524664036107441,-0.25100000000000006,25,2,5,3,0,0,0,0,1,0,0,5,development
DRIFT,AEGIS_V3.1,340038,1,34,0.39042970625452417,0.24591103555235813,0.71,29,3,2,0,0,0,0,8,0,8,0,2,development
DRIFT,AEGIS_V3.1,340039,1,166,3.703231541949056,0.24355692659070605,-0.5200000000000011,152,8,5,1,0,0,0,142,0,138,0,5,development
DRIFT,AEGIS_V3.1,340040,1,158,3.404378726501692,0.21032145106791386,-0.4700000000000011,147,6,5,0,0,0,0,130,0,127,0,5,development
DRIFT,AEGIS_V3.1,340041,1,33,0.38627444452945203,0.24535936387666812,0.6799999999999999,32,0,1,0,0,0,0,0,0,0,0,1,development
DRIFT,AEGIS_V3.1,340042,1,150,3.170057548686952,0.21339286891470163,-0.42000000000000104,142,2,6,0,0,0,0,128,0,126,0,6,development
DRIFT,AEGIS_V3.1,340043,1,189,4.653160157671862,0.23721374329323575,-0.7100000000000013,171,12,6,0,0,0,0,150,0,148,0,6,development
DRIFT,AEGIS_V3.1,340044,1,190,4.773058034177941,0.20488099680021607,-0.7700000000000014,177,7,5,1,0,0,0,156,0,153,0,6,development
DRIFT,AEGIS_V3.1,340045,1,109,1.6190359448855356,0.23829906926598515,0.0799999999999994,92,12,5,0,0,0,0,47,0,47,0,5,development
DRIFT,AEGIS_V3.1,340046,0,23,3.4996665349465363,3.4361223721258334,-0.152,15,3,1,5,0,0,0,1,1,1,0,2,development
DRIFT,AEGIS_V3.1,340047,1,214,5.569240083470372,0.23630980035958907,-0.8710000000000013,187,13,12,2,0,0,1,186,0,180,1,13,development
DRIFT,AEGIS_V3.1,340048,1,78,0.9335072357704662,0.2478538124380107,0.34999999999999964,65,4,9,0,0,0,0,53,0,48,0,9,development
DRIFT,AEGIS_V3.1,340049,1,199,5.0816036272533935,0.21045859095878658,-0.8200000000000014,182,12,5,0,0,0,0,175,0,172,0,5,development
DRIFT,AEGIS_V3.1,340050,1,170,3.85596779074565,0.22764671045116533,-0.5600000000000012,156,6,7,1,0,0,0,147,0,144,0,7,development
DRIFT,AEGIS_V3.1,340051,1,160,3.4464488636018347,0.24465327505540105,-0.45100000000000096,145,8,5,2,0,0,0,126,0,125,0,6,development
DRIFT,AEGIS_V3.1,340052,1,81,1.0035119321289825,0.23509000846978273,0.2799999999999996,72,5,4,0,0,0,0,52,0,52,0,4,development
DRIFT,AEGIS_V3.1,340053,1,55,0.5952284346796449,0.2479905146046927,0.5299999999999998,47,4,3,1,0,0,0,35,0,33,0,4,development
DRIFT,AEGIS_V3.1,340054,1,212,5.640826210484618,0.24365802577299817,-0.9010000000000014,190,7,13,2,0,0,0,185,0,179,0,15,development
DRIFT,AEGIS_V3.1,340055,1,194,4.754013447601995,0.22908572897339155,-0.7110000000000012,171,9,12,2,0,0,1,168,0,162,1,12,development
DRIFT,AEGIS_V3.1,340056,1,25,0.32488585100187994,0.24616459075913327,0.7899999999999999,21,4,0,0,0,0,0,0,0,0,0,0,development
DRIFT,AEGIS_V3.1,340057,1,176,3.966089341309875,0.234484995207265,-0.5800000000000012,158,7,11,0,0,0,1,150,0,146,1,11,development
DRIFT,AEGIS_V3.1,340058,1,178,3.8789072018120843,0.2083414422635645,-0.5600000000000012,156,10,11,1,0,0,0,154,0,146,0,11,development
DRIFT,AEGIS_V3.1,340059,0,19,3.953095208217329,3.910008148021192,-0.13099999999999998,13,1,3,3,0,0,0,0,1,0,0,4,development
DRIFT,AEGIS_V3.1,340060,1,198,5.062335872086068,0.22121769168797623,-0.8100000000000014,181,10,7,0,0,0,0,166,0,163,0,7,development
DRIFT,AEGIS_V3.1,340061,1,196,4.8235880646830065,0.21251844849498647,-0.7520000000000013,175,12,5,4,0,0,0,169,0,167,0,8,development
DRIFT,AEGIS_V3.1,340062,1,215,5.817654484812605,0.19889225770152147,-0.9300000000000015,193,12,10,0,0,0,0,193,0,185,0,10,development
DRIFT,AEGIS_V3.1,340063,1,174,3.69036276885615,0.22424446101093862,-0.471000000000001,147,14,10,3,0,0,0,146,0,141,0,10,development
DRIFT,AEGIS_V3.1,340064,1,198,4.9120226120252255,0.22525774822805913,-0.7600000000000013,176,15,7,0,0,0,0,142,0,139,0,7,development
DRIFT,AEGIS_V3.1,340065,1,73,0.8793292786131046,0.24503882398073618,0.35999999999999965,64,7,2,0,0,0,0,7,0,7,0,2,development
DRIFT,AEGIS_V3.1,340066,1,174,3.828087264017974,0.2447466538617356,-0.5100000000000011,151,21,2,0,0,0,0,125,0,125,0,2,development
DRIFT,AEGIS_V3.1,340067,1,192,4.771634776846439,0.20392051754359553,-0.7510000000000012,175,10,5,2,0,0,0,150,0,150,0,6,development
DRIFT,AEGIS_V3.1,340068,1,194,4.930288566035965,0.2256365859247415,-0.7900000000000014,179,6,9,0,0,0,0,172,0,169,0,9,development
DRIFT,AEGIS_V3.1,340069,1,216,5.9527062612459085,0.21049081499996666,-0.9510000000000014,195,11,8,2,0,0,0,189,0,187,0,8,development
DRIFT,AEGIS_V3.1,340070,1,200,5.279989473070509,0.22204672997658947,-0.8500000000000014,185,7,8,0,0,0,0,178,0,175,0,8,development
DRIFT,AEGIS_V3.1,340071,1,75,0.86332754615926,0.24677871206883312,0.36999999999999966,63,8,4,0,0,0,0,7,0,6,0,4,development
DRIFT,AEGIS_V3.1,340072,1,111,1.7224714629565865,0.23723953253556312,0.01999999999999935,98,9,4,0,0,0,1,74,0,72,1,4,development
DRIFT,AEGIS_V3.1,340073,1,183,4.391344892006738,0.21401326459344439,-0.6600000000000013,166,10,7,0,0,0,0,161,0,157,0,7,development
DRIFT,AEGIS_V3.1,340074,1,168,3.7354282010679407,0.23677553571611387,-0.5100000000000011,151,12,5,0,0,0,0,118,0,116,0,5,development
DRIFT,AEGIS_V3.1,340075,1,134,2.368125062024351,0.21973464495050418,-0.20000000000000084,120,6,7,1,0,0,0,111,0,108,0,7,development
DRIFT,AEGIS_V3.1,340076,1,139,2.6511175077390434,0.22748918111191413,-0.2700000000000009,127,4,6,2,0,0,0,116,0,112,0,6,development
DRIFT,AEGIS_V3.1,340077,1,197,4.994763587819194,0.2385224750155904,-0.7900000000000014,179,13,5,0,0,0,0,163,0,161,0,5,development
DRIFT,AEGIS_V3.1,340078,1,148,2.87387857544484,0.24215680015779292,-0.32100000000000084,132,5,8,3,0,0,0,124,0,123,0,8,development
DRIFT,AEGIS_V3.1,340079,1,154,2.9708926496652106,0.2124784446315505,-0.360000000000001,136,13,3,2,0,0,0,117,0,117,0,3,development
DRIFT,AEGIS_V3.1,340080,1,133,2.3317344780290647,0.2259872599581086,-0.19000000000000083,119,6,7,1,0,0,0,99,0,97,0,8,development
DRIFT,AEGIS_V3.1,340081,1,186,4.351327027804322,0.21076475303051276,-0.6700000000000013,167,7,11,1,0,0,1,162,0,158,1,12,development
DRIFT,AEGIS_V3.1,340082,1,31,0.3765538151824851,0.2477199339630549,0.7,30,0,1,0,0,0,0,0,0,0,0,1,development
DRIFT,AEGIS_V3.1,340083,1,147,2.82760693976091,0.21927942142680018,-0.32000000000000095,132,5,9,1,0,0,0,125,0,121,0,10,development
DRIFT,AEGIS_V3.1,340084,1,188,4.5934398190234464,0.22301222749281288,-0.7200000000000013,172,9,6,1,0,0,0,154,0,151,0,7,development
DRIFT,AEGIS_V3.1,340085,1,165,3.6889945478844792,0.23556966938360327,-0.5100000000000011,151,8,6,0,0,0,0,144,0,143,0,6,development
DRIFT,AEGIS_V3.1,340086,1,191,4.682402305634199,0.20450567816797055,-0.7400000000000013,174,8,7,2,0,0,0,164,0,161,0,7,development
DRIFT,AEGIS_V3.1,340087,1,151,3.026057147972221,0.22258336830048164,-0.360000000000001,136,7,8,0,0,0,0,130,0,125,0,8,development
DRIFT,AEGIS_V3.1,340088,1,176,3.9157349069527756,0.23014369187284284,-0.561000000000001,156,9,9,2,0,0,0,149,0,145,0,10,development
DRIFT,AEGIS_V3.1,340089,1,198,4.992872797781187,0.22510905083309715,-0.7800000000000014,178,12,8,0,0,0,0,161,0,158,0,8,development
DRIFT,AEGIS_V3.1,340090,1,193,4.919611449244528,0.22431730096333857,-0.7700000000000014,177,11,4,1,0,0,0,155,0,153,0,4,development
DRIFT,AEGIS_V3.1,340091,1,105,1.5268796258964632,0.24537891217128774,0.09999999999999942,90,12,3,0,0,0,0,64,0,63,0,3,development
DRIFT,AEGIS_V3.1,340092,1,67,0.7918280249176441,0.24389834672760605,0.4299999999999997,57,8,1,1,0,0,0,20,0,19,0,2,development
DRIFT,AEGIS_V3.1,340093,1,150,2.98132116839511,0.23087267630497105,-0.350000000000001,135,4,11,0,0,0,1,124,0,121,1,11,development
DRIFT,AEGIS_V3.1,340094,1,161,3.516996016917605,0.23481760853700548,-0.45000000000000107,145,12,4,0,0,0,0,136,0,133,0,4,development
DRIFT,AEGIS_V3.1,340095,1,1,0.2162894649835318,0.2162894649835318,0.99,1,0,0,0,0,0,0,0,0,0,0,0,development
DRIFT,AEGIS_V3.1,340096,1,152,2.961581169006768,0.2244802487112595,-0.370000000000001,137,7,7,1,0,0,0,131,0,128,0,7,development
DRIFT,AEGIS_V3.1,340097,0,23,1.4464220277351978,1.3862010259663755,-0.151,15,4,2,3,0,0,0,2,1,2,0,3,development
DRIFT,AEGIS_V3.1,340098,1,170,3.8500136967376886,0.23559580659516763,-0.5200000000000011,152,12,6,0,0,0,0,147,0,144,0,6,development
DRIFT,AEGIS_V3.1,340099,1,115,1.8348741577537422,0.24139873735586198,-0.010000000000000675,101,11,3,0,0,0,0,92,0,92,0,3,development
CORRELATED_BIAS,AEGIS_V3.0,350000,0,300,1.0018462760936524,5.420771275728857,-1.0429999999999937,0,0,2,298,0,0,300,300,0,0,0,0,development
CORRELATED_BIAS,AEGIS_V3.0,350001,0,300,0.9837156672458321,5.15842233432426,-1.0429999999999937,0,0,2,298,0,0,300,300,0,0,0,0,development
CORRELATED_BIAS,AEGIS_V3.0,350002,0,300,2.8886778953969574,7.306362844294977,-1.0429999999999937,0,0,2,298,0,0,300,300,0,0,0,0,development
CORRELATED_BIAS,AEGIS_V3.0,350003,0,300,4.917433984938135,9.323812669734242,-1.0429999999999937,0,0,2,298,0,0,300,300,0,0,0,0,development
CORRELATED_BIAS,AEGIS_V3.0,350004,0,300,4.117610880541449,8.534743800796068,-1.0429999999999937,0,0,2,298,0,0,300,300,0,0,0,0,development
CORRELATED_BIAS,AEGIS_V3.0,350005,0,300,4.902465423982085,9.301679515017234,-1.0429999999999937,0,0,2,298,0,0,300,300,0,0,0,0,development
CORRELATED_BIAS,AEGIS_V3.0,350006,1,1,0.137152219983478,0.137152219983478,1.0,0,0,1,0,0,0,1,1,0,0,0,0,development
CORRELATED_BIAS,AEGIS_V3.0,350007,0,300,1.8551311430404152,6.273710801863911,-1.0429999999999937,0,0,2,298,0,0,300,300,0,0,0,0,development
CORRELATED_BIAS,AEGIS_V3.0,350008,0,300,5.865739812003035,10.285103675770737,-1.0429999999999937,0,0,2,298,0,0,300,300,0,0,0,0,development
CORRELATED_BIAS,AEGIS_V3.0,350009,0,300,1.621127828760796,6.006595802178994,-1.0429999999999937,0,0,2,298,0,0,300,300,0,0,0,0,development
CORRELATED_BIAS,AEGIS_V3.0,350010,0,300,2.7736155073595734,7.1609465445021145,-1.0429999999999937,0,0,2,298,0,0,300,300,0,0,0,0,development
CORRELATED_BIAS,AEGIS_V3.0,350011,0,300,2.253532139967753,6.594277651120943,-1.0429999999999937,0,0,2,298,0,0,300,300,0,0,0,0,development
CORRELATED_BIAS,AEGIS_V3.0,350012,0,300,6.072344232287242,10.491342765916029,-1.0429999999999937,0,0,2,298,0,0,300,300,0,0,0,0,development
CORRELATED_BIAS,AEGIS_V3.0,350013,0,300,2.0257100881498986,6.379859009178905,-1.0429999999999937,0,0,2,298,0,0,300,300,0,0,0,0,development
CORRELATED_BIAS,AEGIS_V3.0,350014,0,300,4.277426368731022,8.673688480161326,-1.0429999999999937,0,0,2,298,0,0,300,300,0,0,0,0,development
CORRELATED_BIAS,AEGIS_V3.0,350015,0,300,6.1344164587690715,10.553706866747783,-1.0429999999999937,0,0,2,298,0,0,300,300,0,0,0,0,development
CORRELATED_BIAS,AEGIS_V3.0,350016,0,300,2.0086242520233517,6.376655988876992,-1.0429999999999937,0,0,2,298,0,0,300,300,0,0,0,0,development
CORRELATED_BIAS,AEGIS_V3.0,350017,0,300,4.363401254543488,8.776234712346978,-1.0429999999999937,0,0,2,298,0,0,300,300,0,0,0,0,development
CORRELATED_BIAS,AEGIS_V3.0,350018,0,300,2.3658703839151194,6.733664378229339,-1.0429999999999937,0,0,2,298,0,0,300,300,0,0,0,0,development
CORRELATED_BIAS,AEGIS_V3.0,350019,0,300,2.2737661495642376,6.686463477608104,-1.0429999999999937,0,0,2,298,0,0,300,300,0,0,0,0,development
CORRELATED_BIAS,AEGIS_V3.0,350020,0,300,4.884555443105592,9.274581519839694,-1.0429999999999937,0,0,2,298,0,0,300,300,0,0,0,0,development
CORRELATED_BIAS,AEGIS_V3.0,350021,0,300,2.5033465051233708,6.921402741502362,-1.0429999999999937,0,0,2,298,0,0,300,300,0,0,0,0,development
CORRELATED_BIAS,AEGIS_V3.0,350022,0,300,3.789969593993007,8.208171404761622,-1.0429999999999937,0,0,2,298,0,0,300,300,0,0,0,0,development
CORRELATED_BIAS,AEGIS_V3.0,350023,0,300,1.1503748638618718,5.450119640610729,-1.0429999999999937,0,0,2,298,0,0,300,300,0,0,0,0,development
CORRELATED_BIAS,AEGIS_V3.0,350024,0,300,0.877623630537487,0.865278087218894,-0.6569999999999987,30,149,19,102,0,28,121,121,0,0,0,0,development
CORRELATED_BIAS,AEGIS_V3.0,350025,0,300,4.846323815953607,9.265173098242906,-1.0429999999999937,0,0,2,298,0,0,300,300,0,0,0,0,development
CORRELATED_BIAS,AEGIS_V3.0,350026,0,300,1.995797263250868,6.367664755744902,-1.0429999999999937,0,0,2,298,0,0,300,300,0,0,0,0,development
CORRELATED_BIAS,AEGIS_V3.0,350027,0,300,4.958864574844032,9.369087324450811,-1.0429999999999935,0,0,2,298,0,0,300,300,0,0,0,0,development
CORRELATED_BIAS,AEGIS_V3.0,350028,0,300,4.234640031134322,8.649098930549854,-1.0429999999999937,0,0,2,298,0,0,300,300,0,0,0,0,development
CORRELATED_BIAS,AEGIS_V3.0,350029,0,300,4.974617837420911,9.386773077370384,-1.0429999999999937,0,0,2,298,0,0,300,300,0,0,0,0,development
CORRELATED_BIAS,AEGIS_V3.0,350030,0,300,6.449091433466156,10.86846243748799,-1.0429999999999937,0,0,2,298,0,0,300,300,0,0,0,0,development
CORRELATED_BIAS,AEGIS_V3.0,350031,0,300,4.388299296049737,8.795700955809265,-1.0429999999999937,0,0,2,298,0,0,300,300,0,0,0,0,development
CORRELATED_BIAS,AEGIS_V3.0,350032,1,1,0.19446283024273084,0.19446283024273084,1.0,0,0,1,0,0,0,1,1,0,0,0,0,development
CORRELATED_BIAS,AEGIS_V3.0,350033,0,300,4.226714792076041,8.60680316186324,-1.0429999999999937,0,0,2,298,0,0,300,300,0,0,0,0,development
CORRELATED_BIAS,AEGIS_V3.0,350034,0,300,4.38606527710173,8.78775092137313,-1.0429999999999937,0,0,2,298,0,0,300,300,0,0,0,0,development
CORRELATED_BIAS,AEGIS_V3.0,350035,0,300,1.3165793965617152,5.735698297190043,-1.0429999999999937,0,0,2,298,0,0,300,300,0,0,0,0,development
CORRELATED_BIAS,AEGIS_V3.0,350036,0,300,5.2898157509540304,9.703785495712216,-1.0429999999999937,0,0,2,298,0,0,300,300,0,0,0,0,development
CORRELATED_BIAS,AEGIS_V3.0,350037,0,300,3.3923656903668404,7.767857960438342,-1.0429999999999937,0,0,2,298,0,0,300,300,0,0,0,0,development
CORRELATED_BIAS,AEGIS_V3.0,350038,0,300,4.80433211143153,9.213419633057365,-1.0429999999999937,0,0,2,298,0,0,300,300,0,0,0,0,development
CORRELATED_BIAS,AEGIS_V3.0,350039,0,300,1.9594310708580498,6.37299915971801,-1.0429999999999937,0,0,2,298,0,0,300,300,0,0,0,0,development
CORRELATED_BIAS,AEGIS_V3.0,350040,0,300,4.22617682902161,8.645424311281243,-1.0429999999999937,0,0,2,298,0,0,300,300,0,0,0,0,development
CORRELATED_BIAS,AEGIS_V3.0,350041,0,300,4.482143440140942,8.88610520974252,-1.0429999999999937,0,0,2,298,0,0,300,300,0,0,0,0,development
CORRELATED_BIAS,AEGIS_V3.0,350042,0,300,3.7242106847921006,8.134102820666126,-1.0429999999999935,0,0,2,298,0,0,300,300,0,0,0,0,development
CORRELATED_BIAS,AEGIS_V3.0,350043,0,300,2.8282025757214484,7.216240581671324,-1.0429999999999937,0,0,2,298,0,0,300,300,0,0,0,0,development
CORRELATED_BIAS,AEGIS_V3.0,350044,0,300,4.0863452290903295,8.49470253398184,-1.0429999999999937,0,0,2,298,0,0,300,300,0,0,0,0,development
CORRELATED_BIAS,AEGIS_V3.0,350045,0,300,4.954297445913831,9.365733535591824,-1.0429999999999937,0,0,2,298,0,0,300,300,0,0,0,0,development
CORRELATED_BIAS,AEGIS_V3.0,350046,0,300,3.482107159882286,7.901411024070154,-1.0429999999999937,0,0,2,298,0,0,300,300,0,0,0,0,development
CORRELATED_BIAS,AEGIS_V3.0,350047,0,300,4.7978474230418975,9.215926713484485,-1.0429999999999937,0,0,2,298,0,0,300,300,0,0,0,0,development
CORRELATED_BIAS,AEGIS_V3.0,350048,0,300,1.3036570267798628,5.594592573658282,-1.0429999999999937,0,0,2,298,0,0,300,300,0,0,0,0,development
CORRELATED_BIAS,AEGIS_V3.0,350049,0,300,4.552964952718032,8.9714716754899,-1.0429999999999937,0,0,2,298,0,0,300,300,0,0,0,0,development
CORRELATED_BIAS,AEGIS_V3.0,350050,0,300,0.8520443072163945,4.730454407910547,-1.0289999999999933,0,4,2,294,0,0,296,296,0,0,0,0,development
CORRELATED_BIAS,AEGIS_V3.0,350051,0,300,2.1319549971440295,6.5395145625717594,-1.0429999999999937,0,0,2,298,0,0,300,300,0,0,0,0,development
CORRELATED_BIAS,AEGIS_V3.0,350052,0,300,1.969418982369249,6.260357727237894,-1.0429999999999937,0,0,2,298,0,0,300,300,0,0,0,0,development
CORRELATED_BIAS,AEGIS_V3.0,350053,0,300,2.7938913518557555,7.167155016373351,-1.0429999999999937,0,0,2,298,0,0,300,300,0,0,0,0,development
CORRELATED_BIAS,AEGIS_V3.0,350054,0,300,5.1986966827569345,9.615866863677383,-1.0429999999999937,0,0,2,298,0,0,300,300,0,0,0,0,development
CORRELATED_BIAS,AEGIS_V3.0,350055,0,300,0.6495722502008114,4.547817965324008,-1.0394999999999937,0,1,2,297,0,0,299,299,0,0,0,0,development
CORRELATED_BIAS,AEGIS_V3.0,350056,0,300,3.7452305556626997,8.118298252826083,-1.0429999999999937,0,0,2,298,0,0,300,300,0,0,0,0,development
CORRELATED_BIAS,AEGIS_V3.0,350057,0,300,3.9360474430915633,8.348292735352677,-1.0429999999999937,0,0,2,298,0,0,300,300,0,0,0,0,development
CORRELATED_BIAS,AEGIS_V3.0,350058,0,300,4.824526030335313,9.216745075238236,-1.0429999999999937,0,0,2,298,0,0,300,300,0,0,0,0,development
CORRELATED_BIAS,AEGIS_V3.0,350059,0,300,0.28528260479654655,4.4714759401412865,-1.0429999999999937,0,0,2,298,0,0,300,300,0,0,0,0,development
CORRELATED_BIAS,AEGIS_V3.0,350060,0,300,1.1762261831705478,5.433407052629425,-1.0429999999999937,0,0,2,298,0,0,300,300,0,0,0,0,development
CORRELATED_BIAS,AEGIS_V3.0,350061,0,300,2.724698766357279,7.102934714658948,-1.0429999999999937,0,0,2,298,0,0,300,300,0,0,0,0,development
CORRELATED_BIAS,AEGIS_V3.0,350062,0,300,2.062864222534806,6.437442825178012,-1.0429999999999937,0,0,2,298,0,0,300,300,0,0,0,0,development
CORRELATED_BIAS,AEGIS_V3.0,350063,0,300,3.4668917636835084,7.8454313451920275,-1.0429999999999937,0,0,2,298,0,0,300,300,0,0,0,0,development
CORRELATED_BIAS,AEGIS_V3.0,350064,0,300,4.641270353899213,9.04772683970433,-1.0429999999999937,0,0,2,298,0,0,300,300,0,0,0,0,development
CORRELATED_BIAS,AEGIS_V3.0,350065,0,300,4.208631630134524,8.592778747935414,-1.0429999999999937,0,0,2,298,0,0,300,300,0,0,0,0,development
CORRELATED_BIAS,AEGIS_V3.0,350066,0,300,2.704707749332001,7.0558710898125465,-1.0429999999999937,0,0,2,298,0,0,300,300,0,0,0,0,development
CORRELATED_BIAS,AEGIS_V3.0,350067,0,300,1.9123006327430916,6.282362298369866,-1.0429999999999937,0,0,2,298,0,0,300,300,0,0,0,0,development
CORRELATED_BIAS,AEGIS_V3.0,350068,0,300,6.619831570103189,11.039152730706915,-1.0429999999999937,0,0,2,298,0,0,300,300,0,0,0,0,development
CORRELATED_BIAS,AEGIS_V3.0,350069,0,300,4.6090683283518405,9.020550148890091,-1.0429999999999937,0,0,2,298,0,0,300,300,0,0,0,0,development
CORRELATED_BIAS,AEGIS_V3.0,350070,0,300,3.7993210279277916,8.21865145245452,-1.0429999999999937,0,0,2,298,0,0,300,300,0,0,0,0,development
CORRELATED_BIAS,AEGIS_V3.0,350071,0,300,4.173095709970772,8.584761837229424,-1.0429999999999937,0,0,2,298,0,0,300,300,0,0,0,0,development
CORRELATED_BIAS,AEGIS_V3.0,350072,0,300,2.2823611683975207,6.673762752903089,-1.0429999999999937,0,0,2,298,0,0,300,300,0,0,0,0,development
CORRELATED_BIAS,AEGIS_V3.0,350073,0,300,6.283951781914981,10.703031328434866,-1.0429999999999937,0,0,2,298,0,0,300,300,0,0,0,0,development
CORRELATED_BIAS,AEGIS_V3.0,350074,0,300,3.455674776162282,7.865641744255879,-1.0429999999999937,0,0,2,298,0,0,300,300,0,0,0,0,development
CORRELATED_BIAS,AEGIS_V3.0,350075,0,300,1.938123786519168,6.2762539616995054,-1.0429999999999937,0,0,2,298,0,0,300,300,0,0,0,0,development
CORRELATED_BIAS,AEGIS_V3.0,350076,0,300,4.379957062747972,8.797768267019315,-1.0429999999999937,0,0,2,298,0,0,300,300,0,0,0,0,development
CORRELATED_BIAS,AEGIS_V3.0,350077,1,1,0.20939244969063314,0.20939244969063314,1.0,0,0,1,0,0,0,1,1,0,0,0,0,development
CORRELATED_BIAS,AEGIS_V3.0,350078,0,300,3.306845667023713,7.697012058074339,-1.0429999999999935,0,0,2,298,0,0,300,300,0,0,0,0,development
CORRELATED_BIAS,AEGIS_V3.0,350079,0,300,4.967226108580864,9.381741474351925,-1.0429999999999937,0,0,2,298,0,0,300,300,0,0,0,0,development
CORRELATED_BIAS,AEGIS_V3.0,350080,0,300,3.412560016179524,7.824930641681853,-1.0429999999999937,0,0,2,298,0,0,300,300,0,0,0,0,development
CORRELATED_BIAS,AEGIS_V3.0,350081,0,300,5.275581887699812,9.69272143499596,-1.0429999999999937,0,0,2,298,0,0,300,300,0,0,0,0,development
CORRELATED_BIAS,AEGIS_V3.0,350082,0,300,0.9266474570123774,0.7078357447219805,-1.293500000000002,52,21,6,221,0,52,227,227,0,0,0,0,development
CORRELATED_BIAS,AEGIS_V3.0,350083,0,300,5.344423601107787,9.763795054275247,-1.0429999999999937,0,0,2,298,0,0,300,300,0,0,0,0,development
CORRELATED_BIAS,AEGIS_V3.0,350084,0,300,3.6643539738352575,8.083539663230223,-1.0429999999999937,0,0,2,298,0,0,300,300,0,0,0,0,development
CORRELATED_BIAS,AEGIS_V3.0,350085,0,300,5.035555158465825,9.441503893896948,-1.0429999999999937,0,0,2,298,0,0,300,300,0,0,0,0,development
CORRELATED_BIAS,AEGIS_V3.0,350086,0,300,1.9932934402778042,6.380232757422743,-1.0429999999999937,0,0,2,298,0,0,300,300,0,0,0,0,development
CORRELATED_BIAS,AEGIS_V3.0,350087,0,300,4.942668502156763,9.355867924434735,-1.0429999999999937,0,0,2,298,0,0,300,300,0,0,0,0,development
CORRELATED_BIAS,AEGIS_V3.0,350088,0,300,3.513641677695139,7.889250683414807,-1.0429999999999937,0,0,2,298,0,0,300,300,0,0,0,0,development
CORRELATED_BIAS,AEGIS_V3.0,350089,0,300,3.6297864886503275,8.044147438467478,-1.0429999999999937,0,0,2,298,0,0,300,300,0,0,0,0,development
CORRELATED_BIAS,AEGIS_V3.0,350090,1,1,0.09169264184310018,0.09169264184310018,1.0,0,0,1,0,0,0,1,1,0,0,0,0,development
CORRELATED_BIAS,AEGIS_V3.0,350091,0,300,3.9184553242124918,8.29716311629278,-1.0429999999999937,0,0,2,298,0,0,300,300,0,0,0,0,development
CORRELATED_BIAS,AEGIS_V3.0,350092,0,300,2.918206637692609,7.330572961869083,-1.0429999999999937,0,0,2,298,0,0,300,300,0,0,0,0,development
CORRELATED_BIAS,AEGIS_V3.0,350093,0,300,4.620485864553361,9.034054755434486,-1.0429999999999937,0,0,2,298,0,0,300,300,0,0,0,0,development
CORRELATED_BIAS,AEGIS_V3.0,350094,0,300,4.128638242064345,8.547063676732886,-1.0429999999999937,0,0,2,298,0,0,300,300,0,0,0,0,development
CORRELATED_BIAS,AEGIS_V3.0,350095,0,300,5.122834407568109,9.53734866106146,-1.0429999999999937,0,0,2,298,0,0,300,300,0,0,0,0,development
CORRELATED_BIAS,AEGIS_V3.0,350096,0,300,2.5173126184163523,6.93585328017272,-1.0429999999999937,0,0,2,298,0,0,300,300,0,0,0,0,development
CORRELATED_BIAS,AEGIS_V3.0,350097,0,300,4.848473602691141,9.253825208315416,-1.0429999999999937,0,0,2,298,0,0,300,300,0,0,0,0,development
CORRELATED_BIAS,AEGIS_V3.0,350098,0,300,3.8057565260882185,8.192059521027414,-1.0429999999999937,0,0,2,298,0,0,300,300,0,0,0,0,development
CORRELATED_BIAS,AEGIS_V3.0,350099,0,300,5.393251272678104,9.812265744634267,-1.0429999999999937,0,0,2,298,0,0,300,300,0,0,0,0,development
CORRELATED_BIAS,AEGIS_V3.1,350000,0,4,1.0018462760936524,1.0018462760936524,-0.001,0,0,2,3,0,0,5,0,1,0,5,0,development
CORRELATED_BIAS,AEGIS_V3.1,350001,0,4,0.9837156672458321,0.9837156672458321,-0.001,0,0,2,3,0,0,5,0,1,0,5,0,development
CORRELATED_BIAS,AEGIS_V3.1,350002,0,4,2.8886778953969574,2.8886778953969574,-0.001,0,0,2,3,0,0,5,0,1,0,5,0,development
CORRELATED_BIAS,AEGIS_V3.1,350003,0,4,4.917433984938135,4.917433984938135,-0.001,0,0,2,3,0,0,5,0,1,0,5,0,development
CORRELATED_BIAS,AEGIS_V3.1,350004,0,4,4.117610880541449,4.117610880541449,-0.001,0,0,2,3,0,0,5,0,1,0,5,0,development
CORRELATED_BIAS,AEGIS_V3.1,350005,0,4,4.902465423982085,4.902465423982085,-0.001,0,0,2,3,0,0,5,0,1,0,5,0,development
CORRELATED_BIAS,AEGIS_V3.1,350006,1,1,0.137152219983478,0.137152219983478,1.0,0,0,1,0,0,0,1,0,0,0,1,0,development
CORRELATED_BIAS,AEGIS_V3.1,350007,0,4,1.8551311430404152,1.8551311430404152,-0.001,0,0,2,3,0,0,5,0,1,0,5,0,development
CORRELATED_BIAS,AEGIS_V3.1,350008,0,4,5.865739812003035,5.865739812003035,-0.001,0,0,2,3,0,0,5,0,1,0,5,0,development
CORRELATED_BIAS,AEGIS_V3.1,350009,0,4,1.621127828760796,1.621127828760796,-0.001,0,0,2,3,0,0,5,0,1,0,5,0,development
CORRELATED_BIAS,AEGIS_V3.1,350010,0,4,2.7736155073595734,2.7736155073595734,-0.001,0,0,2,3,0,0,5,0,1,0,5,0,development
CORRELATED_BIAS,AEGIS_V3.1,350011,0,4,2.253532139967753,2.253532139967753,-0.001,0,0,2,3,0,0,5,0,1,0,5,0,development
CORRELATED_BIAS,AEGIS_V3.1,350012,0,4,6.072344232287242,6.072344232287242,-0.001,0,0,2,3,0,0,5,0,1,0,5,0,development
CORRELATED_BIAS,AEGIS_V3.1,350013,0,4,2.0257100881498986,2.0257100881498986,-0.001,0,0,2,3,0,0,5,0,1,0,5,0,development
CORRELATED_BIAS,AEGIS_V3.1,350014,0,4,4.277426368731022,4.277426368731022,-0.001,0,0,2,3,0,0,5,0,1,0,5,0,development
CORRELATED_BIAS,AEGIS_V3.1,350015,0,4,6.1344164587690715,6.1344164587690715,-0.001,0,0,2,3,0,0,5,0,1,0,5,0,development
CORRELATED_BIAS,AEGIS_V3.1,350016,0,4,2.0086242520233517,2.0086242520233517,-0.001,0,0,2,3,0,0,5,0,1,0,5,0,development
CORRELATED_BIAS,AEGIS_V3.1,350017,0,4,4.363401254543488,4.363401254543488,-0.001,0,0,2,3,0,0,5,0,1,0,5,0,development
CORRELATED_BIAS,AEGIS_V3.1,350018,0,4,2.3658703839151194,2.3658703839151194,-0.001,0,0,2,3,0,0,5,0,1,0,5,0,development
CORRELATED_BIAS,AEGIS_V3.1,350019,0,4,2.2737661495642376,2.2737661495642376,-0.001,0,0,2,3,0,0,5,0,1,0,5,0,development
CORRELATED_BIAS,AEGIS_V3.1,350020,0,4,4.884555443105592,4.884555443105592,-0.001,0,0,2,3,0,0,5,0,1,0,5,0,development
CORRELATED_BIAS,AEGIS_V3.1,350021,0,4,2.5033465051233708,2.5033465051233708,-0.001,0,0,2,3,0,0,5,0,1,0,5,0,development
CORRELATED_BIAS,AEGIS_V3.1,350022,0,4,3.789969593993007,3.789969593993007,-0.001,0,0,2,3,0,0,5,0,1,0,5,0,development
CORRELATED_BIAS,AEGIS_V3.1,350023,0,4,1.1503748638618718,1.1503748638618718,-0.001,0,0,2,3,0,0,5,0,1,0,5,0,development
CORRELATED_BIAS,AEGIS_V3.1,350024,0,10,0.877623630537487,0.877833841219856,-0.030999999999999996,3,3,2,3,0,2,3,2,1,2,3,1,development
CORRELATED_BIAS,AEGIS_V3.1,350025,0,4,4.846323815953607,4.846323815953607,-0.001,0,0,2,3,0,0,5,0,1,0,5,0,development
CORRELATED_BIAS,AEGIS_V3.1,350026,0,4,1.995797263250868,1.995797263250868,-0.001,0,0,2,3,0,0,5,0,1,0,5,0,development
CORRELATED_BIAS,AEGIS_V3.1,350027,0,4,4.958864574844032,4.958864574844032,-0.001,0,0,2,3,0,0,5,0,1,0,5,0,development
CORRELATED_BIAS,AEGIS_V3.1,350028,0,4,4.234640031134322,4.234640031134322,-0.001,0,0,2,3,0,0,5,0,1,0,5,0,development
CORRELATED_BIAS,AEGIS_V3.1,350029,0,4,4.974617837420911,4.974617837420911,-0.001,0,0,2,3,0,0,5,0,1,0,5,0,development
CORRELATED_BIAS,AEGIS_V3.1,350030,0,4,6.449091433466156,6.449091433466156,-0.001,0,0,2,3,0,0,5,0,1,0,5,0,development
CORRELATED_BIAS,AEGIS_V3.1,350031,0,4,4.388299296049737,4.388299296049737,-0.001,0,0,2,3,0,0,5,0,1,0,5,0,development
CORRELATED_BIAS,AEGIS_V3.1,350032,1,1,0.19446283024273084,0.19446283024273084,1.0,0,0,1,0,0,0,1,0,0,0,1,0,development
CORRELATED_BIAS,AEGIS_V3.1,350033,0,4,4.226714792076041,4.226714792076041,-0.001,0,0,2,3,0,0,5,0,1,0,5,0,development
CORRELATED_BIAS,AEGIS_V3.1,350034,0,4,4.38606527710173,4.38606527710173,-0.001,0,0,2,3,0,0,5,0,1,0,5,0,development
CORRELATED_BIAS,AEGIS_V3.1,350035,0,4,1.3165793965617152,1.3165793965617152,-0.001,0,0,2,3,0,0,5,0,1,0,5,0,development
CORRELATED_BIAS,AEGIS_V3.1,350036,0,4,5.2898157509540304,5.2898157509540304,-0.001,0,0,2,3,0,0,5,0,1,0,5,0,development
CORRELATED_BIAS,AEGIS_V3.1,350037,0,4,3.3923656903668404,3.3923656903668404,-0.001,0,0,2,3,0,0,5,0,1,0,5,0,development
CORRELATED_BIAS,AEGIS_V3.1,350038,0,4,4.80433211143153,4.80433211143153,-0.001,0,0,2,3,0,0,5,0,1,0,5,0,development
CORRELATED_BIAS,AEGIS_V3.1,350039,0,4,1.9594310708580498,1.9594310708580498,-0.001,0,0,2,3,0,0,5,0,1,0,5,0,development
CORRELATED_BIAS,AEGIS_V3.1,350040,0,4,4.22617682902161,4.22617682902161,-0.001,0,0,2,3,0,0,5,0,1,0,5,0,development
CORRELATED_BIAS,AEGIS_V3.1,350041,0,4,4.482143440140942,4.482143440140942,-0.001,0,0,2,3,0,0,5,0,1,0,5,0,development
CORRELATED_BIAS,AEGIS_V3.1,350042,0,4,3.7242106847921006,3.7242106847921006,-0.001,0,0,2,3,0,0,5,0,1,0,5,0,development
CORRELATED_BIAS,AEGIS_V3.1,350043,0,4,2.8282025757214484,2.8282025757214484,-0.001,0,0,2,3,0,0,5,0,1,0,5,0,development
CORRELATED_BIAS,AEGIS_V3.1,350044,0,4,4.0863452290903295,4.0863452290903295,-0.001,0,0,2,3,0,0,5,0,1,0,5,0,development
CORRELATED_BIAS,AEGIS_V3.1,350045,0,4,4.954297445913831,4.954297445913831,-0.001,0,0,2,3,0,0,5,0,1,0,5,0,development
CORRELATED_BIAS,AEGIS_V3.1,350046,0,4,3.482107159882286,3.482107159882286,-0.001,0,0,2,3,0,0,5,0,1,0,5,0,development
CORRELATED_BIAS,AEGIS_V3.1,350047,0,4,4.7978474230418975,4.7978474230418975,-0.001,0,0,2,3,0,0,5,0,1,0,5,0,development
CORRELATED_BIAS,AEGIS_V3.1,350048,0,4,1.3036570267798628,1.3036570267798628,-0.001,0,0,2,3,0,0,5,0,1,0,5,0,development
CORRELATED_BIAS,AEGIS_V3.1,350049,0,4,4.552964952718032,4.552964952718032,-0.001,0,0,2,3,0,0,5,0,1,0,5,0,development
CORRELATED_BIAS,AEGIS_V3.1,350050,0,4,0.8520443072163945,0.8520443072163945,-0.001,0,0,2,3,0,0,5,0,1,0,5,0,development
CORRELATED_BIAS,AEGIS_V3.1,350051,0,4,2.1319549971440295,2.1319549971440295,-0.001,0,0,2,3,0,0,5,0,1,0,5,0,development
CORRELATED_BIAS,AEGIS_V3.1,350052,0,4,1.969418982369249,1.969418982369249,-0.001,0,0,2,3,0,0,5,0,1,0,5,0,development
CORRELATED_BIAS,AEGIS_V3.1,350053,0,4,2.7938913518557555,2.7938913518557555,-0.001,0,0,2,3,0,0,5,0,1,0,5,0,development
CORRELATED_BIAS,AEGIS_V3.1,350054,0,4,5.1986966827569345,5.1986966827569345,-0.001,0,0,2,3,0,0,5,0,1,0,5,0,development
CORRELATED_BIAS,AEGIS_V3.1,350055,0,4,0.6495722502008114,0.6495722502008114,-0.001,0,0,2,3,0,0,4,1,1,1,4,0,development
CORRELATED_BIAS,AEGIS_V3.1,350056,0,4,3.7452305556626997,3.7452305556626997,-0.001,0,0,2,3,0,0,5,0,1,0,5,0,development
CORRELATED_BIAS,AEGIS_V3.1,350057,0,4,3.9360474430915633,3.9360474430915633,-0.001,0,0,2,3,0,0,5,0,1,0,5,0,development
CORRELATED_BIAS,AEGIS_V3.1,350058,0,4,4.824526030335313,4.824526030335313,-0.001,0,0,2,3,0,0,5,0,1,0,5,0,development
CORRELATED_BIAS,AEGIS_V3.1,350059,0,4,0.28528260479654655,0.28528260479654655,-0.001,0,0,2,3,0,0,5,0,1,0,5,0,development
CORRELATED_BIAS,AEGIS_V3.1,350060,0,4,1.1762261831705478,1.1762261831705478,-0.001,0,0,2,3,0,0,5,0,1,0,5,0,development
CORRELATED_BIAS,AEGIS_V3.1,350061,0,4,2.724698766357279,2.724698766357279,-0.001,0,0,2,3,0,0,5,0,1,0,5,0,development
CORRELATED_BIAS,AEGIS_V3.1,350062,0,4,2.062864222534806,2.062864222534806,-0.001,0,0,2,3,0,0,5,0,1,0,5,0,development
CORRELATED_BIAS,AEGIS_V3.1,350063,0,4,3.4668917636835084,3.4668917636835084,-0.001,0,0,2,3,0,0,5,0,1,0,5,0,development
CORRELATED_BIAS,AEGIS_V3.1,350064,0,4,4.641270353899213,4.641270353899213,-0.001,0,0,2,3,0,0,5,0,1,0,5,0,development
CORRELATED_BIAS,AEGIS_V3.1,350065,0,4,4.208631630134524,4.208631630134524,-0.001,0,0,2,3,0,0,5,0,1,0,5,0,development
CORRELATED_BIAS,AEGIS_V3.1,350066,0,4,2.704707749332001,2.704707749332001,-0.001,0,0,2,3,0,0,5,0,1,0,5,0,development
CORRELATED_BIAS,AEGIS_V3.1,350067,0,4,1.9123006327430916,1.9123006327430916,-0.001,0,0,2,3,0,0,5,0,1,0,5,0,development
CORRELATED_BIAS,AEGIS_V3.1,350068,0,4,6.619831570103189,6.619831570103189,-0.001,0,0,2,3,0,0,5,0,1,0,5,0,development
CORRELATED_BIAS,AEGIS_V3.1,350069,0,4,4.6090683283518405,4.6090683283518405,-0.001,0,0,2,3,0,0,5,0,1,0,5,0,development
CORRELATED_BIAS,AEGIS_V3.1,350070,0,4,3.7993210279277916,3.7993210279277916,-0.001,0,0,2,3,0,0,5,0,1,0,5,0,development
CORRELATED_BIAS,AEGIS_V3.1,350071,0,4,4.173095709970772,4.173095709970772,-0.001,0,0,2,3,0,0,5,0,1,0,5,0,development
CORRELATED_BIAS,AEGIS_V3.1,350072,0,4,2.2823611683975207,2.2823611683975207,-0.001,0,0,2,3,0,0,5,0,1,0,5,0,development
CORRELATED_BIAS,AEGIS_V3.1,350073,0,4,6.283951781914981,6.283951781914981,-0.001,0,0,2,3,0,0,5,0,1,0,5,0,development
CORRELATED_BIAS,AEGIS_V3.1,350074,0,4,3.455674776162282,3.455674776162282,-0.001,0,0,2,3,0,0,5,0,1,0,5,0,development
CORRELATED_BIAS,AEGIS_V3.1,350075,0,4,1.938123786519168,1.938123786519168,-0.001,0,0,2,3,0,0,5,0,1,0,5,0,development
CORRELATED_BIAS,AEGIS_V3.1,350076,0,4,4.379957062747972,4.379957062747972,-0.001,0,0,2,3,0,0,5,0,1,0,5,0,development
CORRELATED_BIAS,AEGIS_V3.1,350077,1,1,0.20939244969063314,0.20939244969063314,1.0,0,0,1,0,0,0,1,0,0,0,1,0,development
CORRELATED_BIAS,AEGIS_V3.1,350078,0,4,3.306845667023713,3.306845667023713,-0.001,0,0,2,3,0,0,5,0,1,0,5,0,development
CORRELATED_BIAS,AEGIS_V3.1,350079,0,4,4.967226108580864,4.967226108580864,-0.001,0,0,2,3,0,0,5,0,1,0,5,0,development
CORRELATED_BIAS,AEGIS_V3.1,350080,0,4,3.412560016179524,3.412560016179524,-0.001,0,0,2,3,0,0,5,0,1,0,5,0,development
CORRELATED_BIAS,AEGIS_V3.1,350081,0,4,5.275581887699812,5.275581887699812,-0.001,0,0,2,3,0,0,5,0,1,0,5,0,development
CORRELATED_BIAS,AEGIS_V3.1,350082,0,4,0.9266474570123774,0.9266474570123774,-0.001,0,0,2,3,0,0,5,0,1,0,5,0,development
CORRELATED_BIAS,AEGIS_V3.1,350083,0,4,5.344423601107787,5.344423601107787,-0.001,0,0,2,3,0,0,5,0,1,0,5,0,development
CORRELATED_BIAS,AEGIS_V3.1,350084,0,4,3.6643539738352575,3.6643539738352575,-0.001,0,0,2,3,0,0,5,0,1,0,5,0,development
CORRELATED_BIAS,AEGIS_V3.1,350085,0,4,5.035555158465825,5.035555158465825,-0.001,0,0,2,3,0,0,5,0,1,0,5,0,development
CORRELATED_BIAS,AEGIS_V3.1,350086,0,4,1.9932934402778042,1.9932934402778042,-0.001,0,0,2,3,0,0,5,0,1,0,5,0,development
CORRELATED_BIAS,AEGIS_V3.1,350087,0,4,4.942668502156763,4.942668502156763,-0.001,0,0,2,3,0,0,5,0,1,0,5,0,development
CORRELATED_BIAS,AEGIS_V3.1,350088,0,4,3.513641677695139,3.513641677695139,-0.001,0,0,2,3,0,0,5,0,1,0,5,0,development
CORRELATED_BIAS,AEGIS_V3.1,350089,0,4,3.6297864886503275,3.6297864886503275,-0.001,0,0,2,3,0,0,5,0,1,0,5,0,development
CORRELATED_BIAS,AEGIS_V3.1,350090,1,1,0.09169264184310018,0.09169264184310018,1.0,0,0,1,0,0,0,1,0,0,0,1,0,development
CORRELATED_BIAS,AEGIS_V3.1,350091,0,4,3.9184553242124918,3.9184553242124918,-0.001,0,0,2,3,0,0,5,0,1,0,5,0,development
CORRELATED_BIAS,AEGIS_V3.1,350092,0,4,2.918206637692609,2.918206637692609,-0.001,0,0,2,3,0,0,5,0,1,0,5,0,development
CORRELATED_BIAS,AEGIS_V3.1,350093,0,4,4.620485864553361,4.620485864553361,-0.001,0,0,2,3,0,0,5,0,1,0,5,0,development
CORRELATED_BIAS,AEGIS_V3.1,350094,0,4,4.128638242064345,4.128638242064345,-0.001,0,0,2,3,0,0,5,0,1,0,5,0,development
CORRELATED_BIAS,AEGIS_V3.1,350095,0,4,5.122834407568109,5.122834407568109,-0.001,0,0,2,3,0,0,5,0,1,0,5,0,development
CORRELATED_BIAS,AEGIS_V3.1,350096,0,4,2.5173126184163523,2.5173126184163523,-0.001,0,0,2,3,0,0,5,0,1,0,5,0,development
CORRELATED_BIAS,AEGIS_V3.1,350097,0,4,4.848473602691141,4.848473602691141,-0.001,0,0,2,3,0,0,5,0,1,0,5,0,development
CORRELATED_BIAS,AEGIS_V3.1,350098,0,4,3.8057565260882185,3.8057565260882185,-0.001,0,0,2,3,0,0,5,0,1,0,5,0,development
CORRELATED_BIAS,AEGIS_V3.1,350099,0,4,5.393251272678104,5.393251272678104,-0.001,0,0,2,3,0,0,5,0,1,0,5,0,development
NORMAL,AEGIS_V3.0,400000,1,92,1.3861623415481497,0.23115265117028033,0.09999999999999942,90,2,0,0,0,0,0,0,0,0,0,0,holdout
NORMAL,AEGIS_V3.0,400001,1,171,4.296176719910311,0.2350288450630881,-0.6700000000000013,167,4,0,0,0,0,0,0,0,0,0,0,holdout
NORMAL,AEGIS_V3.0,400002,1,133,2.7062843557784544,0.22942653524926407,-0.31000000000000094,131,2,0,0,0,0,0,0,0,0,0,0,holdout
NORMAL,AEGIS_V3.0,400003,1,209,6.283705356870553,0.2187112678307466,-1.0400000000000005,204,5,0,0,0,0,0,0,0,0,0,0,holdout
NORMAL,AEGIS_V3.0,400004,1,161,3.849614650680062,0.23043775629115618,-0.5700000000000012,157,4,0,0,0,0,0,0,0,0,0,0,holdout
NORMAL,AEGIS_V3.0,400005,1,97,1.5171167265286565,0.22603853582427794,0.05999999999999939,94,3,0,0,0,0,0,0,0,0,0,0,holdout
NORMAL,AEGIS_V3.0,400006,1,130,2.565489278048411,0.23465476981429154,-0.2600000000000009,126,4,0,0,0,0,0,0,0,0,0,0,holdout
NORMAL,AEGIS_V3.0,400007,1,190,5.291843826519267,0.23656069701533908,-0.8800000000000014,188,2,0,0,0,0,0,0,0,0,0,0,holdout
NORMAL,AEGIS_V3.0,400008,1,127,2.461420960762832,0.21746061229075248,-0.2500000000000009,125,2,0,0,0,0,0,0,0,0,0,0,holdout
NORMAL,AEGIS_V3.0,400009,1,98,1.5788707117299625,0.24293642475027735,0.03999999999999937,96,2,0,0,0,0,0,0,0,0,0,0,holdout
NORMAL,AEGIS_V3.0,400010,1,152,3.5239135165625317,0.2493677750671944,-0.5200000000000011,152,0,0,0,0,0,0,0,0,0,0,0,holdout
NORMAL,AEGIS_V3.0,400011,1,162,3.9267186125279956,0.23385284843133697,-0.5900000000000012,159,3,0,0,0,0,0,0,0,0,0,0,holdout
NORMAL,AEGIS_V3.0,400012,1,88,1.2904248632053994,0.2384678039644609,0.14999999999999947,85,3,0,0,0,0,0,0,0,0,0,0,holdout
NORMAL,AEGIS_V3.0,400013,1,198,5.573840506502089,0.24752522729272391,-0.8900000000000015,189,9,0,0,0,0,0,0,0,0,0,0,holdout
NORMAL,AEGIS_V3.0,400014,1,184,4.899476250599326,0.21260601804346574,-0.7900000000000014,179,5,0,0,0,0,0,0,0,0,0,0,holdout
NORMAL,AEGIS_V3.0,400015,1,180,4.7480253009492905,0.2320477403194205,-0.7600000000000013,176,4,0,0,0,0,0,0,0,0,0,0,holdout
NORMAL,AEGIS_V3.0,400016,1,105,1.7931883220030684,0.23951190062644448,-0.0400000000000007,104,1,0,0,0,0,0,0,0,0,0,0,holdout
NORMAL,AEGIS_V3.0,400017,1,133,2.6773273324416493,0.21562518574077819,-0.30000000000000093,130,3,0,0,0,0,0,0,0,0,0,0,holdout
NORMAL,AEGIS_V3.0,400018,1,189,5.22501855239844,0.21264961948474195,-0.8600000000000014,186,3,0,0,0,0,0,0,0,0,0,0,holdout
NORMAL,AEGIS_V3.0,400019,1,178,4.687205347551353,0.2459482900529536,-0.7500000000000013,175,3,0,0,0,0,0,0,0,0,0,0,holdout
NORMAL,AEGIS_V3.0,400020,1,16,0.28124431987555254,0.24577790174650102,0.84,16,0,0,0,0,0,0,0,0,0,0,0,holdout
NORMAL,AEGIS_V3.0,400021,1,104,1.7176658664644613,0.23012624989640615,-0.010000000000000675,101,3,0,0,0,0,0,0,0,0,0,0,holdout
NORMAL,AEGIS_V3.0,400022,1,148,3.3215151176570563,0.22384284014266728,-0.4600000000000011,146,2,0,0,0,0,0,0,0,0,0,0,holdout
NORMAL,AEGIS_V3.0,400023,1,207,6.164841803825118,0.2200182314034753,-1.0100000000000011,201,6,0,0,0,0,0,0,0,0,0,0,holdout
NORMAL,AEGIS_V3.0,400024,1,157,3.6629783502944084,0.23193963820087893,-0.5400000000000011,154,3,0,0,0,0,0,0,0,0,0,0,holdout
NORMAL,AEGIS_V3.0,400025,1,176,4.588744832517802,0.24170713340749,-0.7300000000000013,173,3,0,0,0,0,0,0,0,0,0,0,holdout
NORMAL,AEGIS_V3.0,400026,1,97,1.5434354262940402,0.24100115119801274,0.04999999999999938,95,2,0,0,0,0,0,0,0,0,0,0,holdout
NORMAL,AEGIS_V3.0,400027,1,168,4.140817025401104,0.20490523181065845,-0.6600000000000013,166,2,0,0,0,0,0,0,0,0,0,0,holdout
NORMAL,AEGIS_V3.0,400028,1,198,5.725684562892179,0.23161135549050313,-0.9500000000000015,195,3,0,0,0,0,0,0,0,0,0,0,holdout
NORMAL,AEGIS_V3.0,400029,1,102,1.7180797485086725,0.24798515657048442,-0.020000000000000684,102,0,0,0,0,0,0,0,0,0,0,0,holdout
NORMAL,AEGIS_V3.0,400030,1,137,2.842391151340979,0.24541356798727246,-0.33000000000000096,133,4,0,0,0,0,0,0,0,0,0,0,holdout
NORMAL,AEGIS_V3.0,400031,1,66,0.846616030129984,0.23872873630465027,0.34999999999999964,65,1,0,0,0,0,0,0,0,0,0,0,holdout
NORMAL,AEGIS_V3.0,400032,1,166,4.108245557577074,0.24631540716985031,-0.6500000000000012,165,1,0,0,0,0,0,0,0,0,0,0,holdout
NORMAL,AEGIS_V3.0,400033,1,106,1.8350420600383228,0.24708144158410533,-0.06000000000000072,106,0,0,0,0,0,0,0,0,0,0,0,holdout
NORMAL,AEGIS_V3.0,400034,1,164,3.993413395915326,0.2115462039992965,-0.6200000000000012,162,2,0,0,0,0,0,0,0,0,0,0,holdout
NORMAL,AEGIS_V3.0,400035,1,123,2.2713462245155513,0.2191874687652167,-0.19000000000000083,119,3,1,0,0,0,1,1,0,0,0,0,holdout
NORMAL,AEGIS_V3.0,400036,1,123,2.3317750286577428,0.22475985627554673,-0.21000000000000085,121,2,0,0,0,0,0,0,0,0,0,0,holdout
NORMAL,AEGIS_V3.0,400037,1,134,2.726973751495577,0.2136099212745142,-0.33000000000000096,133,1,0,0,0,0,0,0,0,0,0,0,holdout
NORMAL,AEGIS_V3.0,400038,1,157,3.6732168548149855,0.21116577326753455,-0.5600000000000012,156,1,0,0,0,0,0,0,0,0,0,0,holdout
NORMAL,AEGIS_V3.0,400039,1,95,1.4907077221968619,0.24730586865143062,0.0699999999999994,93,2,0,0,0,0,0,0,0,0,0,0,holdout
NORMAL,AEGIS_V3.0,400040,1,171,4.298676824650499,0.24998608717061407,-0.6700000000000013,167,4,0,0,0,0,0,0,0,0,0,0,holdout
NORMAL,AEGIS_V3.0,400041,1,125,2.4145019605448836,0.22612185956032016,-0.23000000000000087,123,2,0,0,0,0,0,0,0,0,0,0,holdout
NORMAL,AEGIS_V3.0,400042,1,196,5.6432579118436905,0.22106533800231454,-0.9500000000000015,195,1,0,0,0,0,0,0,0,0,0,0,holdout
NORMAL,AEGIS_V3.0,400043,1,150,3.372414812881238,0.20853387443466892,-0.4900000000000011,149,1,0,0,0,0,0,0,0,0,0,0,holdout
NORMAL,AEGIS_V3.0,400044,1,169,4.240444532662502,0.22833621572107862,-0.6800000000000013,168,1,0,0,0,0,0,0,0,0,0,0,holdout
NORMAL,AEGIS_V3.0,400045,1,141,2.9779589274784115,0.21236933152592866,-0.390000000000001,139,2,0,0,0,0,0,0,0,0,0,0,holdout
NORMAL,AEGIS_V3.0,400046,1,172,4.372593409361473,0.24330116974481106,-0.6700000000000013,167,5,0,0,0,0,0,0,0,0,0,0,holdout
NORMAL,AEGIS_V3.0,400047,1,129,2.5316065908923133,0.23046025632877973,-0.2500000000000009,125,4,0,0,0,0,0,0,0,0,0,0,holdout
NORMAL,AEGIS_V3.0,400048,1,98,1.5751933283483348,0.24151906056734254,0.03999999999999937,96,2,0,0,0,0,0,0,0,0,0,0,holdout
NORMAL,AEGIS_V3.0,400049,1,176,4.432812535941883,0.23384537251388698,-0.6800000000000013,168,8,0,0,0,0,0,0,0,0,0,0,holdout
NORMAL,AEGIS_V3.0,400050,1,123,2.3651109503599903,0.23566786769118125,-0.22000000000000086,122,1,0,0,0,0,0,0,0,0,0,0,holdout
NORMAL,AEGIS_V3.0,400051,1,164,3.9953730298479337,0.2312373195465135,-0.6200000000000012,162,2,0,0,0,0,0,0,0,0,0,0,holdout
NORMAL,AEGIS_V3.0,400052,1,144,3.0996470222871384,0.22538111883255701,-0.41000000000000103,141,3,0,0,0,0,0,0,0,0,0,0,holdout
NORMAL,AEGIS_V3.0,400053,1,175,4.396575049675857,0.22621606520408444,-0.6900000000000013,169,6,0,0,0,0,0,0,0,0,0,0,holdout
NORMAL,AEGIS_V3.0,400054,1,167,4.0417177555834165,0.20960970048971547,-0.6300000000000012,163,4,0,0,0,0,0,0,0,0,0,0,holdout
NORMAL,AEGIS_V3.0,400055,1,177,4.565441811417221,0.21797759850484888,-0.7300000000000013,173,4,0,0,0,0,0,0,0,0,0,0,holdout
NORMAL,AEGIS_V3.0,400056,1,158,3.7316187060731165,0.2227329292890613,-0.5600000000000012,156,2,0,0,0,0,0,0,0,0,0,0,holdout
NORMAL,AEGIS_V3.0,400057,1,96,1.5265005256059767,0.22511714617559647,0.03999999999999937,96,0,0,0,0,0,0,0,0,0,0,0,holdout
NORMAL,AEGIS_V3.0,400058,1,133,2.7433168052425354,0.24308713372672563,-0.31000000000000094,131,2,0,0,0,0,0,0,0,0,0,0,holdout
NORMAL,AEGIS_V3.0,400059,1,124,2.3133597095719476,0.22919735097677474,-0.19000000000000083,119,5,0,0,0,0,0,0,0,0,0,0,holdout
NORMAL,AEGIS_V3.0,400060,1,189,5.272868099993829,0.20872547848211506,-0.8700000000000014,187,2,0,0,0,0,0,0,0,0,0,0,holdout
NORMAL,AEGIS_V3.0,400061,1,174,4.522300087700291,0.23112180082060121,-0.7300000000000013,173,1,0,0,0,0,0,0,0,0,0,0,holdout
NORMAL,AEGIS_V3.0,400062,1,170,4.315341839444987,0.23868461052586187,-0.6800000000000013,168,2,0,0,0,0,0,0,0,0,0,0,holdout
NORMAL,AEGIS_V3.0,400063,1,33,0.39522669473016375,0.24367053656647075,0.6699999999999999,33,0,0,0,0,0,0,0,0,0,0,0,holdout
NORMAL,AEGIS_V3.0,400064,1,107,1.8281814754804604,0.22919023781407358,-0.06000000000000072,106,1,0,0,1,0,0,0,0,0,0,0,holdout
NORMAL,AEGIS_V3.0,400065,1,203,5.834601891601397,0.20261282160369226,-0.9700000000000015,197,6,0,0,0,0,0,0,0,0,0,0,holdout
NORMAL,AEGIS_V3.0,400066,1,160,3.833492130476282,0.2305210712544979,-0.5900000000000012,159,1,0,0,0,0,0,0,0,0,0,0,holdout
NORMAL,AEGIS_V3.0,400067,1,139,2.941005331755581,0.23699864003568946,-0.380000000000001,138,1,0,0,0,0,0,0,0,0,0,0,holdout
NORMAL,AEGIS_V3.0,400068,1,195,5.616033440757236,0.22322766140660757,-0.9300000000000015,193,2,0,0,0,0,0,0,0,0,0,0,holdout
NORMAL,AEGIS_V3.0,400069,1,148,3.2241384683708327,0.22492381742785014,-0.44000000000000106,144,4,0,0,0,0,0,0,0,0,0,0,holdout
NORMAL,AEGIS_V3.0,400070,1,169,4.150187902251528,0.2142332441135833,-0.6400000000000012,164,5,0,0,0,0,0,0,0,0,0,0,holdout
NORMAL,AEGIS_V3.0,400071,1,168,4.240017389898922,0.2460585069074587,-0.6700000000000013,167,1,0,0,0,0,0,0,0,0,0,0,holdout
NORMAL,AEGIS_V3.0,400072,1,176,4.551105000392132,0.20574349662214927,-0.7300000000000013,173,3,0,0,0,0,0,0,0,0,0,0,holdout
NORMAL,AEGIS_V3.0,400073,1,197,5.60670024959158,0.2392804253581569,-0.9200000000000015,192,5,0,0,0,0,0,0,0,0,0,0,holdout
NORMAL,AEGIS_V3.0,400074,1,182,4.85150659110356,0.2082871205740183,-0.8000000000000014,180,2,0,0,0,0,0,0,0,0,0,0,holdout
NORMAL,AEGIS_V3.0,400075,1,77,1.0610873835862131,0.24469421844756126,0.24999999999999956,75,2,0,0,0,0,0,0,0,0,0,0,holdout
NORMAL,AEGIS_V3.0,400076,1,156,3.6303273989458797,0.229015490563935,-0.5400000000000011,154,2,0,0,0,0,0,0,0,0,0,0,holdout
NORMAL,AEGIS_V3.0,400077,1,188,5.154885175740649,0.21481746445549668,-0.8500000000000014,185,3,0,0,0,0,0,0,0,0,0,0,holdout
NORMAL,AEGIS_V3.0,400078,1,160,3.810527953855831,0.22740347232449776,-0.5800000000000012,158,2,0,0,0,0,0,0,0,0,0,0,holdout
NORMAL,AEGIS_V3.0,400079,1,166,4.093392754329405,0.23932616414721056,-0.6200000000000012,162,4,0,0,0,0,0,0,0,0,0,0,holdout
NORMAL,AEGIS_V3.0,400080,1,183,4.919154311831737,0.23882193235972002,-0.8000000000000014,180,3,0,0,0,0,0,0,0,0,0,0,holdout
NORMAL,AEGIS_V3.0,400081,1,99,1.597527057262454,0.24658625650395188,0.03999999999999937,96,3,0,0,0,0,0,0,0,0,0,0,holdout
NORMAL,AEGIS_V3.0,400082,1,130,2.6067472705340746,0.23795943944142695,-0.2800000000000009,128,2,0,0,0,0,0,0,0,0,0,0,holdout
NORMAL,AEGIS_V3.0,400083,1,190,5.2529637538454885,0.2065566582609563,-0.8600000000000014,186,4,0,0,0,0,0,0,0,0,0,0,holdout
NORMAL,AEGIS_V3.0,400084,1,175,4.530607120950437,0.22629405014704676,-0.7400000000000013,174,1,0,0,0,0,0,0,0,0,0,0,holdout
NORMAL,AEGIS_V3.0,400085,1,181,4.811876888681744,0.23852375684742874,-0.7900000000000014,179,2,0,0,0,0,0,0,0,0,0,0,holdout
NORMAL,AEGIS_V3.0,400086,1,107,1.8309756311075114,0.22103991952723162,-0.05000000000000071,105,2,0,0,0,0,0,0,0,0,0,0,holdout
NORMAL,AEGIS_V3.0,400087,1,154,3.5606685049297178,0.23389688636732672,-0.5200000000000011,152,2,0,0,0,0,0,0,0,0,0,0,holdout
NORMAL,AEGIS_V3.0,400088,1,143,3.076184732435645,0.22989402077517124,-0.400000000000001,140,3,0,0,0,0,0,0,0,0,0,0,holdout
NORMAL,AEGIS_V3.0,400089,1,144,3.057046741815113,0.23028322672523466,-0.400000000000001,140,4,0,0,0,0,0,0,0,0,0,0,holdout
NORMAL,AEGIS_V3.0,400090,1,172,4.3570394254062705,0.24647840614782685,-0.6900000000000013,169,3,0,0,0,0,0,0,0,0,0,0,holdout
NORMAL,AEGIS_V3.0,400091,1,151,3.29791735383431,0.24305788188494165,-0.45000000000000107,145,6,0,0,0,0,0,0,0,0,0,0,holdout
NORMAL,AEGIS_V3.0,400092,1,98,1.5996036685407011,0.24315522027933728,0.01999999999999935,98,0,0,0,0,0,0,0,0,0,0,0,holdout
NORMAL,AEGIS_V3.0,400093,1,169,4.174274873887934,0.21183506385959122,-0.6300000000000012,163,6,0,0,0,0,0,0,0,0,0,0,holdout
NORMAL,AEGIS_V3.0,400094,1,164,4.042841267623038,0.2404308708638058,-0.6200000000000012,162,2,0,0,0,0,0,0,0,0,0,0,holdout
NORMAL,AEGIS_V3.0,400095,1,158,3.708710774326214,0.20845225269681616,-0.5700000000000012,157,1,0,0,0,0,0,0,0,0,0,0,holdout
NORMAL,AEGIS_V3.0,400096,1,107,1.8124532699276037,0.22248506511404031,-0.06000000000000072,106,1,0,0,0,0,0,0,0,0,0,0,holdout
NORMAL,AEGIS_V3.0,400097,1,58,0.7082613243150094,0.23614469209646313,0.4199999999999997,58,0,0,0,0,0,0,0,0,0,0,0,holdout
NORMAL,AEGIS_V3.0,400098,1,161,3.851195684539192,0.2332100143354749,-0.5900000000000012,159,2,0,0,0,0,0,0,0,0,0,0,holdout
NORMAL,AEGIS_V3.0,400099,1,65,0.8281899388637889,0.23434277309419724,0.34999999999999964,65,0,0,0,0,0,0,0,0,0,0,0,holdout
NORMAL,AEGIS_V3.1,400000,1,93,1.3861623415481497,0.22486983924847445,0.09999999999999942,90,1,2,0,0,0,0,0,0,0,0,2,holdout
NORMAL,AEGIS_V3.1,400001,1,171,4.296176719910311,0.2064861943162639,-0.6900000000000013,169,2,0,0,0,0,0,0,0,0,0,0,holdout
NORMAL,AEGIS_V3.1,400002,1,135,2.7062843557784544,0.2368679000682997,-0.31000000000000094,131,1,3,0,0,0,0,0,0,0,0,3,holdout
NORMAL,AEGIS_V3.1,400003,1,211,6.283705356870553,0.219440081086248,-1.0400000000000005,204,5,2,0,0,0,0,1,0,1,0,2,holdout
NORMAL,AEGIS_V3.1,400004,1,161,3.849614650680062,0.22130411799012026,-0.5800000000000012,158,3,0,0,0,0,0,1,0,1,0,0,holdout
NORMAL,AEGIS_V3.1,400005,1,100,1.5171167265286565,0.2412340130972836,0.0799999999999994,92,3,5,0,0,0,0,0,0,0,0,5,holdout
NORMAL,AEGIS_V3.1,400006,1,131,2.565489278048411,0.23854120949515265,-0.2600000000000009,126,3,2,0,0,0,0,0,0,0,0,2,holdout
NORMAL,AEGIS_V3.1,400007,1,191,5.291843826519267,0.20774671045203122,-0.8900000000000015,189,1,1,0,0,0,0,1,0,1,0,1,holdout
NORMAL,AEGIS_V3.1,400008,1,130,2.461420960762832,0.22061723677903292,-0.24000000000000088,124,1,5,0,0,0,0,0,0,0,0,5,holdout
NORMAL,AEGIS_V3.1,400009,1,101,1.5788707117299625,0.225157169173454,0.02999999999999936,97,1,3,0,0,0,0,0,0,0,0,3,holdout
NORMAL,AEGIS_V3.1,400010,1,156,3.5239135165625317,0.23315889222836025,-0.5200000000000011,152,0,4,0,0,0,0,0,0,0,0,4,holdout
NORMAL,AEGIS_V3.1,400011,1,166,3.9267186125279956,0.22950553636851567,-0.5900000000000012,159,3,4,0,0,0,0,0,0,0,0,4,holdout
NORMAL,AEGIS_V3.1,400012,1,91,1.2904248632053994,0.23873652336834972,0.15999999999999948,84,3,4,0,0,0,0,0,0,0,0,4,holdout
NORMAL,AEGIS_V3.1,400013,1,201,5.573840506502089,0.20273745874363813,-0.9100000000000015,191,7,3,0,0,0,0,0,0,0,0,3,holdout
NORMAL,AEGIS_V3.1,400014,1,185,4.899476250599326,0.21319651102804094,-0.8000000000000014,180,2,3,0,0,0,0,0,0,0,0,3,holdout
NORMAL,AEGIS_V3.1,400015,1,182,4.7480253009492905,0.2387313721411441,-0.7600000000000013,176,4,2,0,0,0,0,0,0,0,0,2,holdout
NORMAL,AEGIS_V3.1,400016,1,108,1.7931883220030684,0.22076309521344148,-0.05000000000000071,105,0,3,0,0,0,0,0,0,0,0,3,holdout
NORMAL,AEGIS_V3.1,400017,1,135,2.6773273324416493,0.24158277072559797,-0.2900000000000009,129,3,3,0,0,0,0,0,0,0,0,3,holdout
NORMAL,AEGIS_V3.1,400018,1,189,5.22501855239844,0.22206548309104057,-0.8600000000000014,186,2,1,0,0,0,0,0,0,0,0,1,holdout
NORMAL,AEGIS_V3.1,400019,1,182,4.687205347551353,0.20526284744010234,-0.7500000000000013,175,3,4,0,0,0,0,0,0,0,0,4,holdout
NORMAL,AEGIS_V3.1,400020,1,16,0.28124431987555254,0.24832001698452355,0.85,15,0,1,0,0,0,0,0,0,0,0,1,holdout
NORMAL,AEGIS_V3.1,400021,1,107,1.7176658664644613,0.22215884183556506,-6.661338147750939e-16,100,4,3,0,0,0,0,0,0,0,0,3,holdout
NORMAL,AEGIS_V3.1,400022,1,150,3.3215151176570563,0.24958959948234088,-0.4600000000000011,146,1,3,0,0,0,0,0,0,0,0,3,holdout
NORMAL,AEGIS_V3.1,400023,1,209,6.164841803825118,0.20999851235788627,-1.0000000000000013,200,8,1,0,0,0,0,0,0,0,0,1,holdout
NORMAL,AEGIS_V3.1,400024,1,156,3.6629783502944084,0.2362229425157317,-0.5400000000000011,154,2,0,0,0,0,0,0,0,0,0,0,holdout
NORMAL,AEGIS_V3.1,400025,1,179,4.588744832517802,0.22075423398704982,-0.7300000000000013,173,3,3,0,0,0,0,1,0,1,0,3,holdout
NORMAL,AEGIS_V3.1,400026,1,100,1.5434354262940402,0.22612989538784417,0.05999999999999939,94,3,3,0,0,0,0,0,0,0,0,3,holdout
NORMAL,AEGIS_V3.1,400027,1,171,4.140817025401104,0.22924078353644667,-0.6500000000000012,165,1,5,0,0,0,0,0,0,0,0,5,holdout
NORMAL,AEGIS_V3.1,400028,1,200,5.725684562892179,0.21452776067673837,-0.9500000000000015,195,2,3,0,0,0,0,1,0,1,0,3,holdout
NORMAL,AEGIS_V3.1,400029,1,106,1.7180797485086725,0.22704625026723044,-0.020000000000000684,102,1,3,0,0,0,0,0,0,0,0,3,holdout
NORMAL,AEGIS_V3.1,400030,1,137,2.842391151340979,0.23862294574499834,-0.34000000000000097,134,2,1,0,0,0,0,0,0,0,0,1,holdout
NORMAL,AEGIS_V3.1,400031,1,67,0.846616030129984,0.2373783588471133,0.35999999999999965,64,1,2,0,0,0,0,0,0,0,0,2,holdout
NORMAL,AEGIS_V3.1,400032,1,169,4.108245557577074,0.21908790562506855,-0.6500000000000012,165,1,3,0,0,0,0,1,0,1,0,3,holdout
NORMAL,AEGIS_V3.1,400033,1,109,1.8350420600383228,0.23961121551122638,-0.05000000000000071,105,2,2,0,0,0,0,0,0,0,0,2,holdout
NORMAL,AEGIS_V3.1,400034,1,165,3.993413395915326,0.24608611730199734,-0.6000000000000012,160,4,1,0,0,0,0,0,0,0,0,1,holdout
NORMAL,AEGIS_V3.1,400035,1,124,2.2713462245155513,0.24246314286586163,-0.17000000000000082,117,3,4,0,0,0,1,1,0,1,1,4,holdout
NORMAL,AEGIS_V3.1,400036,1,124,2.3317750286577428,0.24016840154933985,-0.20000000000000084,120,2,2,0,0,0,0,0,0,0,0,2,holdout
NORMAL,AEGIS_V3.1,400037,1,135,2.726973751495577,0.24924372161464006,-0.31000000000000094,131,1,3,0,0,0,0,0,0,0,0,3,holdout
NORMAL,AEGIS_V3.1,400038,1,159,3.6732168548149855,0.21719058608630842,-0.5500000000000012,155,2,2,0,0,0,0,0,0,0,0,2,holdout
NORMAL,AEGIS_V3.1,400039,1,97,1.4907077221968619,0.2452115884208769,0.0799999999999994,92,1,4,0,0,0,0,0,0,0,0,4,holdout
NORMAL,AEGIS_V3.1,400040,1,171,4.298676824650499,0.21431426787865274,-0.6900000000000013,169,2,0,0,0,0,0,0,0,0,0,0,holdout
NORMAL,AEGIS_V3.1,400041,1,127,2.4145019605448836,0.24442207246930972,-0.22000000000000086,122,2,3,0,0,0,0,0,0,0,0,3,holdout
NORMAL,AEGIS_V3.1,400042,1,200,5.6432579118436905,0.1998658173265884,-0.9500000000000015,195,1,4,0,0,0,0,0,0,0,0,4,holdout
NORMAL,AEGIS_V3.1,400043,1,152,3.372414812881238,0.21198298890851758,-0.4700000000000011,147,2,3,0,0,0,0,0,0,0,0,3,holdout
NORMAL,AEGIS_V3.1,400044,1,173,4.240444532662502,0.2442965734269137,-0.6700000000000013,167,1,5,0,0,0,0,0,0,0,0,5,holdout
NORMAL,AEGIS_V3.1,400045,1,143,2.9779589274784115,0.23601496835888858,-0.380000000000001,138,1,4,0,0,0,0,0,0,0,0,4,holdout
NORMAL,AEGIS_V3.1,400046,1,175,4.372593409361473,0.211915249682191,-0.6800000000000013,168,3,4,0,0,0,0,1,0,1,0,4,holdout
NORMAL,AEGIS_V3.1,400047,1,131,2.5316065908923133,0.22464099290018902,-0.2500000000000009,125,2,4,0,0,0,0,0,0,0,0,4,holdout
NORMAL,AEGIS_V3.1,400048,1,98,1.5751933283483348,0.24779092513480716,0.03999999999999937,96,1,1,0,0,0,0,0,0,0,0,1,holdout
NORMAL,AEGIS_V3.1,400049,1,178,4.432812535941883,0.21985042299497087,-0.6800000000000013,168,8,2,0,0,0,0,0,0,0,0,2,holdout
NORMAL,AEGIS_V3.1,400050,1,126,2.3651109503599903,0.24633090400690497,-0.21000000000000085,121,2,3,0,0,0,0,0,0,0,0,3,holdout
NORMAL,AEGIS_V3.1,400051,1,164,3.9953730298479337,0.24773299893522913,-0.6200000000000012,162,1,1,0,0,0,0,0,0,0,0,1,holdout
NORMAL,AEGIS_V3.1,400052,1,148,3.0996470222871384,0.24871381192546826,-0.400000000000001,140,2,6,0,0,0,0,0,0,0,0,6,holdout
NORMAL,AEGIS_V3.1,400053,1,177,4.396575049675857,0.22738292082934042,-0.6900000000000013,169,4,4,0,0,0,0,1,0,1,0,4,holdout
NORMAL,AEGIS_V3.1,400054,1,170,4.0417177555834165,0.24181069780601228,-0.6100000000000012,161,5,4,0,0,0,0,0,0,0,0,4,holdout
NORMAL,AEGIS_V3.1,400055,1,184,4.565441811417221,0.21642735836399093,-0.7300000000000013,173,4,7,0,0,0,0,1,0,1,0,7,holdout
NORMAL,AEGIS_V3.1,400056,1,160,3.7316187060731165,0.24788659776166186,-0.5500000000000012,155,2,3,0,0,0,0,0,0,0,0,3,holdout
NORMAL,AEGIS_V3.1,400057,1,99,1.5265005256059767,0.23927966289057676,0.04999999999999938,95,0,4,0,0,0,0,0,0,0,0,4,holdout
NORMAL,AEGIS_V3.1,400058,1,134,2.7433168052425354,0.24088623342548335,-0.31000000000000094,131,2,1,0,0,0,0,0,0,0,0,1,holdout
NORMAL,AEGIS_V3.1,400059,1,125,2.3133597095719476,0.22280958847356738,-0.20000000000000084,120,2,3,0,0,0,0,2,0,2,0,3,holdout
NORMAL,AEGIS_V3.1,400060,1,192,5.272868099993829,0.19850384829876466,-0.8800000000000014,188,1,3,0,0,0,0,0,0,0,0,3,holdout
NORMAL,AEGIS_V3.1,400061,1,175,4.522300087700291,0.23570253202715755,-0.7200000000000013,172,3,0,0,0,0,0,0,0,0,0,0,holdout
NORMAL,AEGIS_V3.1,400062,1,173,4.315341839444987,0.21543971883915683,-0.6800000000000013,168,3,2,0,0,0,0,0,0,0,0,2,holdout
NORMAL,AEGIS_V3.1,400063,1,33,0.39522669473016375,0.24822633130590072,0.6799999999999999,32,0,1,0,0,0,0,0,0,0,0,1,holdout
NORMAL,AEGIS_V3.1,400064,1,108,1.8281814754804604,0.22661609261956076,-0.05000000000000071,105,2,1,0,0,0,0,0,0,0,0,1,holdout
NORMAL,AEGIS_V3.1,400065,1,204,5.834601891601397,0.2059699454818141,-0.9700000000000015,197,5,2,0,0,0,0,0,0,0,0,2,holdout
NORMAL,AEGIS_V3.1,400066,1,160,3.833492130476282,0.2439229909138596,-0.5800000000000012,158,1,1,0,0,0,0,0,0,0,0,1,holdout
NORMAL,AEGIS_V3.1,400067,1,140,2.941005331755581,0.23778261391165828,-0.380000000000001,138,1,1,0,0,0,0,1,0,1,0,1,holdout
NORMAL,AEGIS_V3.1,400068,1,202,5.616033440757236,0.21987736345995634,-0.9400000000000015,194,1,7,0,0,0,0,0,0,0,0,7,holdout
NORMAL,AEGIS_V3.1,400069,1,149,3.2241384683708327,0.23165088690225408,-0.44000000000000106,144,3,2,0,0,0,0,0,0,0,0,2,holdout
NORMAL,AEGIS_V3.1,400070,1,172,4.150187902251528,0.2193325022807802,-0.6400000000000012,164,5,3,0,0,0,0,0,0,0,0,3,holdout
NORMAL,AEGIS_V3.1,400071,1,172,4.240017389898922,0.22508474076049473,-0.6800000000000013,168,0,4,0,0,0,0,0,0,0,0,4,holdout
NORMAL,AEGIS_V3.1,400072,1,178,4.551105000392132,0.2441862167018279,-0.7300000000000013,173,1,4,0,0,0,0,0,0,0,0,4,holdout
NORMAL,AEGIS_V3.1,400073,1,201,5.60670024959158,0.22132673978934084,-0.9200000000000015,192,5,4,0,0,0,0,0,0,0,0,4,holdout
NORMAL,AEGIS_V3.1,400074,1,183,4.85150659110356,0.2371200795393451,-0.7800000000000014,178,4,1,0,0,0,0,0,0,0,0,1,holdout
NORMAL,AEGIS_V3.1,400075,1,79,1.0610873835862131,0.23076272150609964,0.23999999999999955,76,0,3,0,0,0,0,0,0,0,0,3,holdout
NORMAL,AEGIS_V3.1,400076,1,156,3.6303273989458797,0.24954980485767814,-0.5400000000000011,154,0,2,0,0,0,0,0,0,0,0,2,holdout
NORMAL,AEGIS_V3.1,400077,1,191,5.154885175740649,0.24965505973894714,-0.8400000000000014,184,2,5,0,0,0,0,0,0,0,0,5,holdout
NORMAL,AEGIS_V3.1,400078,1,162,3.810527953855831,0.23910733529400402,-0.5700000000000012,157,2,3,0,0,0,0,0,0,0,0,3,holdout
NORMAL,AEGIS_V3.1,400079,1,167,4.093392754329405,0.2213635882178203,-0.6300000000000012,163,3,1,0,0,0,0,1,0,1,0,1,holdout
NORMAL,AEGIS_V3.1,400080,1,184,4.919154311831737,0.20319101667800366,-0.8200000000000014,182,0,2,0,0,0,0,0,0,0,0,2,holdout
NORMAL,AEGIS_V3.1,400081,1,102,1.597527057262454,0.23775997346413566,0.03999999999999937,96,2,4,0,0,0,0,0,0,0,0,4,holdout
NORMAL,AEGIS_V3.1,400082,1,132,2.6067472705340746,0.23444760036901105,-0.2800000000000009,128,2,2,0,0,0,0,0,0,0,0,2,holdout
NORMAL,AEGIS_V3.1,400083,1,191,5.2529637538454885,0.20199582576096653,-0.8700000000000014,187,1,3,0,0,0,0,0,0,0,0,3,holdout
NORMAL,AEGIS_V3.1,400084,1,180,4.530607120950437,0.2459078682806914,-0.7300000000000013,173,1,6,0,0,0,0,0,0,0,0,6,holdout
NORMAL,AEGIS_V3.1,400085,1,185,4.811876888681744,0.2259610162635644,-0.7800000000000014,178,3,4,0,0,0,0,0,0,0,0,4,holdout
NORMAL,AEGIS_V3.1,400086,1,109,1.8309756311075114,0.23533237245351965,-0.0400000000000007,104,2,3,0,0,0,0,0,0,0,0,3,holdout
NORMAL,AEGIS_V3.1,400087,1,156,3.5606685049297178,0.20755004116127992,-0.5200000000000011,152,2,2,0,0,0,0,0,0,0,0,2,holdout
NORMAL,AEGIS_V3.1,400088,1,142,3.076184732435645,0.23272182184462573,-0.41000000000000103,141,1,0,0,0,0,0,1,0,1,0,0,holdout
NORMAL,AEGIS_V3.1,400089,1,147,3.057046741815113,0.23320391289076373,-0.400000000000001,140,1,6,0,0,0,0,0,0,0,0,6,holdout
NORMAL,AEGIS_V3.1,400090,1,177,4.3570394254062705,0.24576165835480068,-0.6800000000000013,168,3,6,0,0,0,0,0,0,0,0,6,holdout
NORMAL,AEGIS_V3.1,400091,1,155,3.29791735383431,0.21164445022538453,-0.45000000000000107,145,6,4,0,0,0,0,0,0,0,0,4,holdout
NORMAL,AEGIS_V3.1,400092,1,101,1.5996036685407011,0.2331520760520077,0.01999999999999935,98,0,3,0,0,0,0,0,0,0,0,3,holdout
NORMAL,AEGIS_V3.1,400093,1,169,4.174274873887934,0.21012178914714405,-0.6600000000000013,166,2,1,0,0,0,0,1,0,1,0,1,holdout
NORMAL,AEGIS_V3.1,400094,1,168,4.042841267623038,0.24825622989146207,-0.6300000000000012,163,0,5,0,0,0,0,0,0,0,0,5,holdout
NORMAL,AEGIS_V3.1,400095,1,159,3.708710774326214,0.23555410107580796,-0.5600000000000012,156,0,3,0,0,0,0,0,0,0,0,3,holdout
NORMAL,AEGIS_V3.1,400096,1,107,1.8124532699276037,0.24700816292337582,-0.05000000000000071,105,1,1,0,0,0,0,0,0,0,0,1,holdout
NORMAL,AEGIS_V3.1,400097,1,59,0.7082613243150094,0.23465573523053126,0.4199999999999997,58,0,1,0,0,0,0,0,0,0,0,1,holdout
NORMAL,AEGIS_V3.1,400098,1,163,3.851195684539192,0.20785408527587856,-0.6000000000000012,160,1,2,0,0,0,0,0,0,0,0,2,holdout
NORMAL,AEGIS_V3.1,400099,1,67,0.8281899388637889,0.24935992258436962,0.36999999999999966,63,0,4,0,0,0,0,0,0,0,0,4,holdout
BIASED,AEGIS_V3.0,410000,0,300,3.77922640183983,8.19836104469674,-1.0429999999999937,0,2,0,298,0,0,300,300,0,0,0,0,holdout
BIASED,AEGIS_V3.0,410001,0,300,4.437066293446791,8.856301939146897,-1.0429999999999937,0,2,0,298,0,0,300,300,0,0,0,0,holdout
BIASED,AEGIS_V3.0,410002,0,300,0.9353771989563783,5.351882281429139,-1.0429999999999937,0,2,0,298,0,0,300,300,0,0,0,0,holdout
BIASED,AEGIS_V3.0,410003,0,300,1.2363180851411233,5.653843787346002,-1.0429999999999937,0,2,0,298,0,0,300,300,0,0,0,0,holdout
BIASED,AEGIS_V3.0,410004,0,300,6.23524594422391,10.654557658513264,-1.0429999999999937,0,2,0,298,0,0,300,300,0,0,0,0,holdout
BIASED,AEGIS_V3.0,410005,0,300,2.7655409553873223,7.184390419078252,-1.0429999999999937,0,2,0,298,0,0,300,300,0,0,0,0,holdout
BIASED,AEGIS_V3.0,410006,0,300,1.422841205714831,5.840518206882226,-1.0429999999999937,0,2,0,298,0,0,300,300,0,0,0,0,holdout
BIASED,AEGIS_V3.0,410007,0,300,6.545971650151475,10.96529545895124,-1.0429999999999937,0,2,0,298,0,0,300,300,0,0,0,0,holdout
BIASED,AEGIS_V3.0,410008,0,300,1.6599015389389364,6.078027233885818,-1.0429999999999937,0,2,0,298,0,0,300,300,0,0,0,0,holdout
BIASED,AEGIS_V3.0,410009,0,300,4.856723608035735,9.275971913410913,-1.0429999999999937,0,2,0,298,0,0,300,300,0,0,0,0,holdout
BIASED,AEGIS_V3.0,410010,0,300,4.536907178589833,8.956079516489643,-1.0429999999999937,0,2,0,298,0,0,300,300,0,0,0,0,holdout
BIASED,AEGIS_V3.0,410011,0,300,4.297256532265303,8.716464193447832,-1.0429999999999937,0,2,0,298,0,0,300,300,0,0,0,0,holdout
BIASED,AEGIS_V3.0,410012,0,300,1.9279035643523394,6.346238914964252,-1.0429999999999937,0,2,0,298,0,0,300,300,0,0,0,0,holdout
BIASED,AEGIS_V3.0,410013,0,300,4.756066795657544,9.175328446799778,-1.0429999999999937,0,2,0,298,0,0,300,300,0,0,0,0,holdout
BIASED,AEGIS_V3.0,410014,0,300,5.067488798488738,9.486756700104403,-1.0429999999999937,0,2,0,298,0,0,300,300,0,0,0,0,holdout
BIASED,AEGIS_V3.0,410015,0,300,3.2042656729227774,7.623326344448366,-1.0429999999999937,0,2,0,298,0,0,300,300,0,0,0,0,holdout
BIASED,AEGIS_V3.0,410016,0,300,4.563075155993177,8.98225460037524,-1.0429999999999937,0,2,0,298,0,0,300,300,0,0,0,0,holdout
BIASED,AEGIS_V3.0,410017,0,300,4.1672435208742735,8.58640597050495,-1.0429999999999937,0,2,0,298,0,0,300,300,0,0,0,0,holdout
BIASED,AEGIS_V3.0,410018,0,300,3.492708563170029,7.911818757127587,-1.0429999999999937,0,2,0,298,0,0,300,300,0,0,0,0,holdout
BIASED,AEGIS_V3.0,410019,0,300,0.4947526580288162,4.9048961281905425,-1.0429999999999937,0,2,0,298,0,0,300,300,0,0,0,0,holdout
BIASED,AEGIS_V3.0,410020,0,300,3.3437483183823526,7.762813830836287,-1.0429999999999937,0,2,0,298,0,0,300,300,0,0,0,0,holdout
BIASED,AEGIS_V3.0,410021,0,300,4.124673239785319,8.543833311534417,-1.0429999999999937,0,2,0,298,0,0,300,300,0,0,0,0,holdout
BIASED,AEGIS_V3.0,410022,0,300,1.8055074998670704,6.2237705806117996,-1.0429999999999937,0,2,0,298,0,0,300,300,0,0,0,0,holdout
BIASED,AEGIS_V3.0,410023,0,300,3.1849414455197422,7.603983760911139,-1.0429999999999937,0,2,0,298,0,0,300,300,0,0,0,0,holdout
BIASED,AEGIS_V3.0,410024,0,300,4.869931763349678,9.289186280319067,-1.0429999999999937,0,2,0,298,0,0,300,300,0,0,0,0,holdout
BIASED,AEGIS_V3.0,410025,0,300,4.505262110809,8.924470411888109,-1.0429999999999937,0,2,0,298,0,0,300,300,0,0,0,0,holdout
BIASED,AEGIS_V3.0,410026,0,300,4.669772739229327,9.089005813710239,-1.0429999999999937,0,2,0,298,0,0,300,300,0,0,0,0,holdout
BIASED,AEGIS_V3.0,410027,0,300,1.306103494056419,5.723689987696442,-1.0429999999999937,0,2,0,298,0,0,300,300,0,0,0,0,holdout
BIASED,AEGIS_V3.0,410028,0,300,1.816013386197464,6.234403598660676,-1.0429999999999937,0,2,0,298,0,0,300,300,0,0,0,0,holdout
BIASED,AEGIS_V3.0,410029,0,300,1.925483017337365,6.344017142844286,-1.0429999999999937,0,2,0,298,0,0,300,300,0,0,0,0,holdout
BIASED,AEGIS_V3.0,410030,0,300,1.0767200888667885,5.493708684225187,-1.0429999999999937,0,2,0,298,0,0,300,300,0,0,0,0,holdout
BIASED,AEGIS_V3.0,410031,0,300,4.242486898787176,8.661671349123264,-1.0429999999999937,0,2,0,298,0,0,300,300,0,0,0,0,holdout
BIASED,AEGIS_V3.0,410032,0,300,1.9465211466506285,6.365025446902091,-1.0429999999999937,0,2,0,298,0,0,300,300,0,0,0,0,holdout
BIASED,AEGIS_V3.0,410033,0,300,3.4922173673751846,7.911315737617731,-1.0429999999999937,0,2,0,298,0,0,300,300,0,0,0,0,holdout
BIASED,AEGIS_V3.0,410034,0,300,2.54242901527449,6.961248445223368,-1.0429999999999937,0,2,0,298,0,0,300,300,0,0,0,0,holdout
BIASED,AEGIS_V3.0,410035,0,300,4.771690395539882,9.190918091517876,-1.0429999999999937,0,2,0,298,0,0,300,300,0,0,0,0,holdout
BIASED,AEGIS_V3.0,410036,0,300,4.607383823936479,9.026592381013886,-1.0429999999999937,0,2,0,298,0,0,300,300,0,0,0,0,holdout
BIASED,AEGIS_V3.0,410037,0,300,4.710214719838152,9.129451653459187,-1.0429999999999937,0,2,0,298,0,0,300,300,0,0,0,0,holdout
BIASED,AEGIS_V3.0,410038,0,300,3.986781881912169,8.405902480107438,-1.0429999999999937,0,2,0,298,0,0,300,300,0,0,0,0,holdout
BIASED,AEGIS_V3.0,410039,0,300,4.761198904568409,9.180425967979192,-1.0429999999999937,0,2,0,298,0,0,300,300,0,0,0,0,holdout
BIASED,AEGIS_V3.0,410040,0,300,6.416627401802077,10.835920084425435,-1.0429999999999937,0,2,0,298,0,0,300,300,0,0,0,0,holdout
BIASED,AEGIS_V3.0,410041,0,300,2.24530012021462,6.663873620056988,-1.0429999999999937,0,2,0,298,0,0,300,300,0,0,0,0,holdout
BIASED,AEGIS_V3.0,410042,0,300,2.6937019988478075,7.112627330262875,-1.0429999999999937,0,2,0,298,0,0,300,300,0,0,0,0,holdout
BIASED,AEGIS_V3.0,410043,0,300,4.740207256522999,9.159423943826248,-1.0429999999999937,0,2,0,298,0,0,300,300,0,0,0,0,holdout
BIASED,AEGIS_V3.0,410044,0,300,2.0731500278525066,6.491674009207404,-1.0429999999999937,0,2,0,298,0,0,300,300,0,0,0,0,holdout
BIASED,AEGIS_V3.0,410045,0,300,3.605290942823767,8.024394690021198,-1.0429999999999937,0,2,0,298,0,0,300,300,0,0,0,0,holdout
BIASED,AEGIS_V3.0,410046,0,300,4.624292036294397,9.043500448200067,-1.0429999999999937,0,2,0,298,0,0,300,300,0,0,0,0,holdout
BIASED,AEGIS_V3.0,410047,0,300,4.496270700909268,8.915488828113633,-1.0429999999999937,0,2,0,298,0,0,300,300,0,0,0,0,holdout
BIASED,AEGIS_V3.0,410048,0,300,3.202320465747457,7.62136295553169,-1.0429999999999937,0,2,0,298,0,0,300,300,0,0,0,0,holdout
BIASED,AEGIS_V3.0,410049,0,300,4.579184059873475,8.998378450148293,-1.0429999999999937,0,2,0,298,0,0,300,300,0,0,0,0,holdout
BIASED,AEGIS_V3.0,410050,0,300,6.232875330057667,10.652190511264951,-1.0429999999999937,0,2,0,298,0,0,300,300,0,0,0,0,holdout
BIASED,AEGIS_V3.0,410051,0,300,4.214882618979197,8.63408918793096,-1.0429999999999937,0,2,0,298,0,0,300,300,0,0,0,0,holdout
BIASED,AEGIS_V3.0,410052,0,300,4.835387507754459,9.254595949912693,-1.0429999999999937,0,2,0,298,0,0,300,300,0,0,0,0,holdout
BIASED,AEGIS_V3.0,410053,0,300,5.593304078301299,10.012552893202201,-1.0429999999999937,0,2,0,298,0,0,300,300,0,0,0,0,holdout
BIASED,AEGIS_V3.0,410054,0,300,6.206412072522716,10.625712499610792,-1.0429999999999937,0,2,0,298,0,0,300,300,0,0,0,0,holdout
BIASED,AEGIS_V3.0,410055,0,300,4.871082995832286,9.290313890057377,-1.0429999999999937,0,2,0,298,0,0,300,300,0,0,0,0,holdout
BIASED,AEGIS_V3.0,410056,0,300,3.2434775863945964,7.662519774959743,-1.0429999999999937,0,2,0,298,0,0,300,300,0,0,0,0,holdout
BIASED,AEGIS_V3.0,410057,0,300,3.760307696925717,8.179421947238454,-1.0429999999999935,0,2,0,298,0,0,300,300,0,0,0,0,holdout
BIASED,AEGIS_V3.0,410058,0,300,4.9562026862650885,9.37542481144328,-1.0429999999999937,0,2,0,298,0,0,300,300,0,0,0,0,holdout
BIASED,AEGIS_V3.0,410059,0,300,4.009608311404559,8.42877599451302,-1.0429999999999937,0,2,0,298,0,0,300,300,0,0,0,0,holdout
BIASED,AEGIS_V3.0,410060,0,300,1.3852830611595113,5.803073735444988,-1.0429999999999937,0,2,0,298,0,0,300,300,0,0,0,0,holdout
BIASED,AEGIS_V3.0,410061,0,300,4.634546929371585,9.053768480434346,-1.0429999999999937,0,2,0,298,0,0,300,300,0,0,0,0,holdout
BIASED,AEGIS_V3.0,410062,0,300,4.6550332163759025,9.074234885990647,-1.0429999999999937,0,2,0,298,0,0,300,300,0,0,0,0,holdout
BIASED,AEGIS_V3.0,410063,0,300,4.348484491914784,8.767653995584114,-1.0429999999999937,0,2,0,298,0,0,300,300,0,0,0,0,holdout
BIASED,AEGIS_V3.0,410064,0,300,2.498896163198802,6.9177722665184405,-1.0429999999999937,0,2,0,298,0,0,300,300,0,0,0,0,holdout
BIASED,AEGIS_V3.0,410065,0,300,4.640462821384254,9.059709678118363,-1.0429999999999937,0,2,0,298,0,0,300,300,0,0,0,0,holdout
BIASED,AEGIS_V3.0,410066,0,300,2.0539278774662915,6.472291419737255,-1.0429999999999937,0,2,0,298,0,0,300,300,0,0,0,0,holdout
BIASED,AEGIS_V3.0,410067,0,300,3.9822787894703118,8.40142524428647,-1.0429999999999937,0,2,0,298,0,0,300,300,0,0,0,0,holdout
BIASED,AEGIS_V3.0,410068,0,300,1.3117977084875094,5.72913916461276,-1.0429999999999937,0,2,0,298,0,0,300,300,0,0,0,0,holdout
BIASED,AEGIS_V3.0,410069,0,300,2.315238777063799,6.7337342433007255,-1.0429999999999935,0,2,0,298,0,0,300,300,0,0,0,0,holdout
BIASED,AEGIS_V3.0,410070,0,300,2.207243343598764,6.625858441460585,-1.0429999999999937,0,2,0,298,0,0,300,300,0,0,0,0,holdout
BIASED,AEGIS_V3.0,410071,0,300,4.031992985610309,8.451115590543385,-1.0429999999999937,0,2,0,298,0,0,300,300,0,0,0,0,holdout
BIASED,AEGIS_V3.0,410072,0,300,2.797798301727229,7.21674840026383,-1.0429999999999937,0,2,0,298,0,0,300,300,0,0,0,0,holdout
BIASED,AEGIS_V3.0,410073,0,300,4.448762719167925,8.867975120447445,-1.0429999999999937,0,2,0,298,0,0,300,300,0,0,0,0,holdout
BIASED,AEGIS_V3.0,410074,0,300,3.4987705175654926,7.917833452089134,-1.0429999999999937,0,2,0,298,0,0,300,300,0,0,0,0,holdout
BIASED,AEGIS_V3.0,410075,0,300,1.2790549278835175,5.6967206612372205,-1.0429999999999937,0,2,0,298,0,0,300,300,0,0,0,0,holdout
BIASED,AEGIS_V3.0,410076,0,300,4.620497543640419,9.039715759459233,-1.0429999999999937,0,2,0,298,0,0,300,300,0,0,0,0,holdout
BIASED,AEGIS_V3.0,410077,0,300,1.2922743505616499,5.709888367893059,-1.0429999999999937,0,2,0,298,0,0,300,300,0,0,0,0,holdout
BIASED,AEGIS_V3.0,410078,0,300,3.3611484364993807,7.78019001677869,-1.0429999999999937,0,2,0,298,0,0,300,300,0,0,0,0,holdout
BIASED,AEGIS_V3.0,410079,0,300,4.460357621654366,8.879591129861833,-1.0429999999999937,0,2,0,298,0,0,300,300,0,0,0,0,holdout
BIASED,AEGIS_V3.0,410080,0,300,5.10746794779085,9.52666399889149,-1.0429999999999937,0,2,0,298,0,0,300,300,0,0,0,0,holdout
BIASED,AEGIS_V3.0,410081,0,300,4.275627311292356,8.694838029030326,-1.0429999999999937,0,2,0,298,0,0,300,300,0,0,0,0,holdout
BIASED,AEGIS_V3.0,410082,0,300,4.268918549892355,8.688098675512997,-1.0429999999999937,0,2,0,298,0,0,300,300,0,0,0,0,holdout
BIASED,AEGIS_V3.0,410083,0,300,3.8910551425379105,8.310181020331708,-1.0429999999999937,0,2,0,298,0,0,300,300,0,0,0,0,holdout
BIASED,AEGIS_V3.0,410084,0,300,4.775076892464486,9.194278680431642,-1.0429999999999937,0,2,0,298,0,0,300,300,0,0,0,0,holdout
BIASED,AEGIS_V3.0,410085,0,300,1.2123500427264717,5.629742243399717,-1.0429999999999937,0,2,0,298,0,0,300,300,0,0,0,0,holdout
BIASED,AEGIS_V3.0,410086,0,300,6.149187714463014,10.568497123748887,-1.0429999999999937,0,2,0,298,0,0,300,300,0,0,0,0,holdout
BIASED,AEGIS_V3.0,410087,0,300,5.376211289089649,9.795467169916442,-1.0429999999999937,0,2,0,298,0,0,300,300,0,0,0,0,holdout
BIASED,AEGIS_V3.0,410088,0,300,3.7543567318910824,8.173457272217709,-1.0429999999999937,0,2,0,298,0,0,300,300,0,0,0,0,holdout
BIASED,AEGIS_V3.0,410089,0,300,3.6761937694884494,8.095314747133077,-1.0429999999999937,0,2,0,298,0,0,300,300,0,0,0,0,holdout
BIASED,AEGIS_V3.0,410090,0,300,5.54347029658888,9.962748289683676,-1.0429999999999937,0,2,0,298,0,0,300,300,0,0,0,0,holdout
BIASED,AEGIS_V3.0,410091,0,300,3.3700824574290347,7.789189991644418,-1.0429999999999937,0,2,0,298,0,0,300,300,0,0,0,0,holdout
BIASED,AEGIS_V3.0,410092,0,300,3.498376847937007,7.917435893475248,-1.0429999999999937,0,2,0,298,0,0,300,300,0,0,0,0,holdout
BIASED,AEGIS_V3.0,410093,0,300,2.319609025117503,6.738326907215138,-1.0429999999999937,0,2,0,298,0,0,300,300,0,0,0,0,holdout
BIASED,AEGIS_V3.0,410094,0,300,4.693723677679452,9.112946504515069,-1.0429999999999937,0,2,0,298,0,0,300,300,0,0,0,0,holdout
BIASED,AEGIS_V3.0,410095,0,300,2.2834823712333603,6.702114714839664,-1.0429999999999937,0,2,0,298,0,0,300,300,0,0,0,0,holdout
BIASED,AEGIS_V3.0,410096,0,300,4.017813854955402,8.436965488069898,-1.0429999999999937,0,2,0,298,0,0,300,300,0,0,0,0,holdout
BIASED,AEGIS_V3.0,410097,0,300,5.4306900002477025,9.849971850020033,-1.0429999999999937,0,2,0,298,0,0,300,300,0,0,0,0,holdout
BIASED,AEGIS_V3.0,410098,0,300,4.326863655462421,8.746035878279839,-1.0429999999999937,0,2,0,298,0,0,300,300,0,0,0,0,holdout
BIASED,AEGIS_V3.0,410099,0,300,1.4455652131933854,5.863025872341182,-1.0429999999999937,0,2,0,298,0,0,300,300,0,0,0,0,holdout
BIASED,AEGIS_V3.1,410000,1,165,3.77922640183983,0.24318964047548378,-0.5200000000000011,152,7,6,0,0,0,0,165,0,159,0,6,holdout
BIASED,AEGIS_V3.1,410001,1,177,4.437066293446791,0.22370602296128894,-0.7000000000000013,170,3,4,0,0,0,0,177,0,173,0,4,holdout
BIASED,AEGIS_V3.1,410002,0,300,0.9353771989563783,0.29408918834526154,-2.4719999999999915,247,13,35,5,0,17,0,257,0,221,0,39,holdout
BIASED,AEGIS_V3.1,410003,1,88,1.2363180851411233,0.24396068471352747,0.1999999999999995,80,2,6,0,0,0,0,88,0,82,0,6,holdout
BIASED,AEGIS_V3.1,410004,1,217,6.23524594422391,0.20678315202906528,-0.9900000000000015,199,8,10,0,0,0,0,217,0,207,0,10,holdout
BIASED,AEGIS_V3.1,410005,1,141,2.7655409553873223,0.22851484861524887,-0.2900000000000009,129,6,6,0,0,0,0,141,0,135,0,6,holdout
BIASED,AEGIS_V3.1,410006,1,96,1.422841205714831,0.23462239390310757,0.10999999999999943,89,3,4,0,0,0,0,96,0,92,0,4,holdout
BIASED,AEGIS_V3.1,410007,1,223,6.545971650151475,0.2354720089954737,-1.0699999999999998,207,7,9,0,0,0,0,223,0,214,0,9,holdout
BIASED,AEGIS_V3.1,410008,1,114,1.6599015389389364,0.22863210386080157,0.04999999999999938,95,9,8,2,0,0,0,114,0,104,0,10,holdout
BIASED,AEGIS_V3.1,410009,1,186,4.856723608035735,0.2089939360709816,-0.8000000000000014,180,0,6,0,0,0,0,186,0,180,0,6,holdout
BIASED,AEGIS_V3.1,410010,1,186,4.536907178589833,0.24939751714793013,-0.6900000000000013,169,9,8,0,0,0,0,186,0,178,0,8,holdout
BIASED,AEGIS_V3.1,410011,1,179,4.297256532265303,0.2276663131025613,-0.6700000000000013,167,3,9,0,0,0,0,179,0,170,0,9,holdout
BIASED,AEGIS_V3.1,410012,1,113,1.9279035643523394,0.2358625441796371,-0.05000000000000071,105,1,7,0,0,0,1,112,0,106,1,7,holdout
BIASED,AEGIS_V3.1,410013,1,184,4.756066795657544,0.2232427888768404,-0.7600000000000013,176,4,4,0,0,0,0,184,0,180,0,4,holdout
BIASED,AEGIS_V3.1,410014,1,191,5.067488798488738,0.24936581990945272,-0.8000000000000014,180,6,5,0,0,0,0,191,0,186,0,5,holdout
BIASED,AEGIS_V3.1,410015,1,153,3.2042656729227774,0.2206306332149045,-0.43000000000000105,143,4,6,0,0,0,0,153,0,147,0,6,holdout
BIASED,AEGIS_V3.1,410016,1,189,4.563075155993177,0.24563566307342216,-0.6700000000000013,167,11,10,1,0,0,0,189,0,178,0,11,holdout
BIASED,AEGIS_V3.1,410017,1,177,4.1672435208742735,0.2075831191471931,-0.6300000000000012,163,3,11,0,0,0,0,177,0,166,0,11,holdout
BIASED,AEGIS_V3.1,410018,1,158,3.492708563170029,0.22857148556624216,-0.5000000000000011,150,2,6,0,0,0,0,158,0,152,0,6,holdout
BIASED,AEGIS_V3.1,410019,1,46,0.4947526580288162,0.24742868146898056,0.6099999999999999,39,1,6,0,0,0,0,46,0,40,0,6,holdout
BIASED,AEGIS_V3.1,410020,1,157,3.3437483183823526,0.2211252719477231,-0.44000000000000106,144,7,6,0,0,0,0,157,0,151,0,6,holdout
BIASED,AEGIS_V3.1,410021,1,172,4.124673239785319,0.22619058679412068,-0.6400000000000012,164,3,5,0,0,0,0,172,0,167,0,5,holdout
BIASED,AEGIS_V3.1,410022,1,111,1.8055074998670704,0.2392073430456425,-0.020000000000000684,102,3,6,0,0,0,0,111,0,105,0,6,holdout
BIASED,AEGIS_V3.1,410023,1,153,3.1849414455197422,0.21056106252185855,-0.43000000000000105,143,1,9,0,0,0,0,153,0,144,0,9,holdout
BIASED,AEGIS_V3.1,410024,1,189,4.869931763349678,0.2496551515338182,-0.7800000000000014,178,3,8,0,0,0,0,189,0,181,0,8,holdout
BIASED,AEGIS_V3.1,410025,1,178,4.505262110809,0.2294499785715813,-0.7200000000000013,172,2,4,0,0,0,0,178,0,174,0,4,holdout
BIASED,AEGIS_V3.1,410026,1,185,4.669772739229327,0.24352192013368956,-0.7500000000000013,175,2,8,0,0,0,1,184,0,177,1,8,holdout
BIASED,AEGIS_V3.1,410027,1,94,1.306103494056419,0.23737400808613537,0.14999999999999947,85,3,6,0,0,0,0,94,0,88,0,6,holdout
BIASED,AEGIS_V3.1,410028,1,108,1.816013386197464,0.24612119701203655,-0.030000000000000693,103,3,2,0,0,0,0,108,0,106,0,2,holdout
BIASED,AEGIS_V3.1,410029,1,114,1.925483017337365,0.24822799071854412,-0.0400000000000007,104,4,6,0,0,0,0,114,0,108,0,6,holdout
BIASED,AEGIS_V3.1,410030,1,80,1.0767200888667885,0.2450660669362847,0.24999999999999956,75,2,3,0,0,0,0,80,0,77,0,3,holdout
BIASED,AEGIS_V3.1,410031,1,176,4.242486898787176,0.20421153683567703,-0.6500000000000012,165,5,6,0,0,0,0,176,0,170,0,6,holdout
BIASED,AEGIS_V3.1,410032,1,115,1.9465211466506285,0.24257555903109232,-0.07000000000000073,107,3,5,0,0,0,0,115,0,110,0,5,holdout
BIASED,AEGIS_V3.1,410033,1,162,3.4922173673751846,0.24744731261700434,-0.4600000000000011,146,9,7,0,0,0,0,162,0,155,0,7,holdout
BIASED,AEGIS_V3.1,410034,1,135,2.54242901527449,0.22042137318272126,-0.24000000000000088,124,5,6,0,0,0,0,135,0,129,0,6,holdout
BIASED,AEGIS_V3.1,410035,1,190,4.771690395539882,0.21689930814372466,-0.7500000000000013,175,3,12,0,0,0,0,190,0,178,0,12,holdout
BIASED,AEGIS_V3.1,410036,1,181,4.607383823936479,0.20841258906051566,-0.7100000000000013,171,6,4,0,0,0,0,181,0,177,0,4,holdout
BIASED,AEGIS_V3.1,410037,0,8,4.710214719838152,4.7023668796455595,-0.041,4,1,1,3,0,0,0,9,1,6,0,3,holdout
BIASED,AEGIS_V3.1,410038,1,167,3.986781881912169,0.2453865595687792,-0.5900000000000012,159,3,5,0,0,0,0,167,0,162,0,5,holdout
BIASED,AEGIS_V3.1,410039,1,188,4.761198904568409,0.2235566646271389,-0.7400000000000013,174,7,7,0,0,0,1,187,0,181,1,7,holdout
BIASED,AEGIS_V3.1,410040,1,214,6.416627401802077,0.2260815629437974,-1.0500000000000003,205,7,2,0,0,0,0,214,0,212,0,2,holdout
BIASED,AEGIS_V3.1,410041,1,125,2.24530012021462,0.24960836458802227,-0.1400000000000008,114,5,6,0,0,0,0,125,0,119,0,6,holdout
BIASED,AEGIS_V3.1,410042,1,138,2.6937019988478075,0.225532036490669,-0.2900000000000009,129,3,6,0,0,0,0,138,0,132,0,6,holdout
BIASED,AEGIS_V3.1,410043,1,189,4.740207256522999,0.2445708468170378,-0.7300000000000013,173,7,8,1,0,0,0,189,0,180,0,9,holdout
BIASED,AEGIS_V3.1,410044,1,120,2.0731500278525066,0.22592996090314105,-0.12000000000000077,112,3,5,0,0,0,0,120,0,115,0,5,holdout
BIASED,AEGIS_V3.1,410045,1,163,3.605290942823767,0.21610592866900427,-0.5100000000000011,151,4,7,1,0,0,0,163,0,156,0,7,holdout
BIASED,AEGIS_V3.1,410046,1,186,4.624292036294397,0.22491376677304875,-0.7100000000000013,171,7,8,0,0,0,0,186,0,178,0,8,holdout
BIASED,AEGIS_V3.1,410047,1,174,4.496270700909268,0.21489498403252325,-0.7300000000000013,173,1,0,0,0,0,0,174,0,174,0,0,holdout
BIASED,AEGIS_V3.1,410048,1,157,3.202320465747457,0.23584915872297357,-0.380000000000001,138,10,9,0,0,0,0,157,0,148,0,9,holdout
BIASED,AEGIS_V3.1,410049,1,182,4.579184059873475,0.2387418704245508,-0.7400000000000013,174,3,5,0,0,0,0,182,0,177,0,5,holdout
BIASED,AEGIS_V3.1,410050,1,212,6.232875330057667,0.2110898012359585,-1.0300000000000007,203,5,4,0,0,0,0,212,0,208,0,4,holdout
BIASED,AEGIS_V3.1,410051,1,182,4.214882618979197,0.22780674725878783,-0.6100000000000012,161,4,17,0,0,0,1,181,0,165,1,17,holdout
BIASED,AEGIS_V3.1,410052,1,188,4.835387507754459,0.22874542575022522,-0.7400000000000013,174,7,7,0,0,0,0,188,0,181,0,7,holdout
BIASED,AEGIS_V3.1,410053,1,205,5.593304078301299,0.22471107997850462,-0.8700000000000014,187,10,8,0,0,0,0,205,0,197,0,8,holdout
BIASED,AEGIS_V3.1,410054,1,212,6.206412072522716,0.19765449658835982,-1.0000000000000013,200,8,4,0,0,0,0,212,0,208,0,4,holdout
BIASED,AEGIS_V3.1,410055,1,189,4.871082995832286,0.24415578982105451,-0.7700000000000014,177,7,5,0,0,0,0,189,0,184,0,5,holdout
BIASED,AEGIS_V3.1,410056,1,153,3.2434775863945964,0.22055837492632843,-0.41000000000000103,141,7,5,0,0,0,0,153,0,148,0,5,holdout
BIASED,AEGIS_V3.1,410057,1,167,3.760307696925717,0.22511267923006306,-0.5600000000000012,156,3,8,0,0,0,0,167,0,159,0,8,holdout
BIASED,AEGIS_V3.1,410058,1,196,4.9562026862650885,0.21937594606826502,-0.7800000000000014,178,7,11,0,0,0,0,196,0,185,0,11,holdout
BIASED,AEGIS_V3.1,410059,1,168,4.009608311404559,0.2387691666630678,-0.5800000000000012,158,5,5,0,0,0,0,168,0,163,0,5,holdout
BIASED,AEGIS_V3.1,410060,1,99,1.3852830611595113,0.24134289085473482,0.16999999999999948,83,5,11,0,0,0,0,99,0,88,0,11,holdout
BIASED,AEGIS_V3.1,410061,1,188,4.634546929371585,0.24547620870665562,-0.7200000000000013,172,7,9,0,0,0,0,188,0,179,0,9,holdout
BIASED,AEGIS_V3.1,410062,1,184,4.6550332163759025,0.20271953108827942,-0.7400000000000013,174,3,7,0,0,0,0,184,0,177,0,7,holdout
BIASED,AEGIS_V3.1,410063,1,179,4.348484491914784,0.24596522989609687,-0.6700000000000013,167,1,10,1,0,0,0,179,0,169,0,10,holdout
BIASED,AEGIS_V3.1,410064,1,134,2.498896163198802,0.23087557643594495,-0.22000000000000086,122,5,7,0,0,0,0,134,0,127,0,7,holdout
BIASED,AEGIS_V3.1,410065,1,184,4.640462821384254,0.20478995947178208,-0.7300000000000013,173,6,5,0,0,0,0,184,0,179,0,5,holdout
BIASED,AEGIS_V3.1,410066,1,122,2.0539278774662915,0.23757408085063975,-0.10100000000000064,110,5,5,2,0,0,0,122,0,115,0,7,holdout
BIASED,AEGIS_V3.1,410067,1,171,3.9822787894703118,0.23400779346807207,-0.5500000000000012,155,10,6,0,0,0,0,171,0,165,0,6,holdout
BIASED,AEGIS_V3.1,410068,1,94,1.3117977084875094,0.23409581981812028,0.16999999999999948,83,4,7,0,0,0,0,94,0,87,0,7,holdout
BIASED,AEGIS_V3.1,410069,1,128,2.315238777063799,0.22179739612076668,-0.17000000000000082,117,6,5,0,0,0,0,128,0,123,0,5,holdout
BIASED,AEGIS_V3.1,410070,1,124,2.207243343598764,0.24471469431254364,-0.1500000000000008,115,1,8,0,0,0,0,124,0,116,0,8,holdout
BIASED,AEGIS_V3.1,410071,1,174,4.031992985610309,0.22804191747196265,-0.5800000000000012,158,7,9,0,0,0,1,173,0,165,1,9,holdout
BIASED,AEGIS_V3.1,410072,1,143,2.797798301727229,0.22601751008886295,-0.30000000000000093,130,5,8,0,0,0,0,143,0,135,0,8,holdout
BIASED,AEGIS_V3.1,410073,1,179,4.448762719167925,0.20212064607456096,-0.6900000000000013,169,5,5,0,0,0,0,179,0,174,0,5,holdout
BIASED,AEGIS_V3.1,410074,1,161,3.4987705175654926,0.24223276233757657,-0.4700000000000011,147,4,10,0,0,0,0,161,0,151,0,10,holdout
BIASED,AEGIS_V3.1,410075,1,91,1.2790549278835175,0.24052407907026638,0.1799999999999995,82,2,7,0,0,0,0,91,0,84,0,7,holdout
BIASED,AEGIS_V3.1,410076,1,182,4.620497543640419,0.21300097954968217,-0.7200000000000013,172,5,5,0,0,0,0,182,0,177,0,5,holdout
BIASED,AEGIS_V3.1,410077,1,90,1.2922743505616499,0.23552152434097937,0.15999999999999948,84,1,5,0,0,0,0,90,0,85,0,5,holdout
BIASED,AEGIS_V3.1,410078,1,156,3.3611484364993807,0.21222341345445656,-0.46100000000000096,146,3,5,2,0,0,0,156,0,150,0,6,holdout
BIASED,AEGIS_V3.1,410079,1,182,4.460357621654366,0.22590325376323803,-0.6810000000000012,168,5,7,2,0,0,0,182,0,173,0,9,holdout
BIASED,AEGIS_V3.1,410080,1,194,5.10746794779085,0.21000312048058584,-0.8200000000000014,182,9,3,0,0,0,0,194,0,191,0,3,holdout
BIASED,AEGIS_V3.1,410081,1,173,4.275627311292356,0.23524704677003574,-0.6500000000000012,165,2,6,0,0,0,0,173,0,167,0,6,holdout
BIASED,AEGIS_V3.1,410082,1,178,4.268918549892355,0.23237432143361123,-0.6300000000000012,163,6,8,1,0,0,0,178,0,169,0,9,holdout
BIASED,AEGIS_V3.1,410083,1,168,3.8910551425379105,0.24283527916178127,-0.5300000000000011,153,10,5,0,0,0,0,168,0,163,0,5,holdout
BIASED,AEGIS_V3.1,410084,1,189,4.775076892464486,0.21742729458159984,-0.7500000000000013,175,6,8,0,0,0,0,189,0,181,0,8,holdout
BIASED,AEGIS_V3.1,410085,1,88,1.2123500427264717,0.23788927579668256,0.21999999999999953,78,3,7,0,0,0,0,88,0,81,0,7,holdout
BIASED,AEGIS_V3.1,410086,1,216,6.149187714463014,0.19755112469304137,-0.9900000000000015,199,10,7,0,0,0,1,215,0,209,1,7,holdout
BIASED,AEGIS_V3.1,410087,1,200,5.376211289089649,0.20253221330283133,-0.8500000000000014,185,7,8,0,0,0,1,199,0,192,1,8,holdout
BIASED,AEGIS_V3.1,410088,1,165,3.7543567318910824,0.2162230536437225,-0.5400000000000011,154,5,6,0,0,0,0,165,0,159,0,6,holdout
BIASED,AEGIS_V3.1,410089,1,162,3.6761937694884494,0.20992899675281984,-0.5400000000000011,154,2,6,0,0,0,0,162,0,156,0,6,holdout
BIASED,AEGIS_V3.1,410090,1,202,5.54347029658888,0.24193117816648535,-0.9000000000000015,190,6,6,0,0,0,0,202,0,196,0,6,holdout
BIASED,AEGIS_V3.1,410091,1,156,3.3700824574290347,0.22117195741165813,-0.45000000000000107,145,5,6,0,0,0,0,156,0,150,0,6,holdout
BIASED,AEGIS_V3.1,410092,1,159,3.498376847937007,0.21902694991260688,-0.4700000000000011,147,3,9,0,0,0,0,159,0,150,0,9,holdout
BIASED,AEGIS_V3.1,410093,1,128,2.319609025117503,0.23459963276154694,-0.1600000000000008,116,9,2,1,0,0,0,128,0,126,0,2,holdout
BIASED,AEGIS_V3.1,410094,1,185,4.693723677679452,0.21194432844278097,-0.7500000000000013,175,4,6,0,0,0,0,185,0,179,0,6,holdout
BIASED,AEGIS_V3.1,410095,1,127,2.2834823712333603,0.24658994959064268,-0.18000000000000083,118,2,7,0,0,0,0,127,0,120,0,7,holdout
BIASED,AEGIS_V3.1,410096,1,169,4.017813854955402,0.2209537053326163,-0.5700000000000012,157,8,4,0,0,0,0,169,0,165,0,4,holdout
BIASED,AEGIS_V3.1,410097,1,200,5.4306900002477025,0.22869785715434174,-0.8900000000000015,189,4,7,0,0,0,0,200,0,193,0,7,holdout
BIASED,AEGIS_V3.1,410098,1,177,4.326863655462421,0.23151863506660267,-0.6900000000000013,169,3,5,0,0,0,0,177,0,172,0,5,holdout
BIASED,AEGIS_V3.1,410099,1,97,1.4455652131933854,0.24089309276220772,0.10999999999999943,89,4,4,0,0,0,0,97,0,93,0,4,holdout
HEAVY_TAIL,AEGIS_V3.0,420000,1,56,0.6197229754954934,0.24461824142853508,0.4999999999999998,50,2,4,0,1,0,2,2,0,0,0,0,holdout
HEAVY_TAIL,AEGIS_V3.0,420001,1,85,0.9268779573894236,0.24633411776798128,0.40649999999999964,59,5,20,1,0,0,3,3,0,0,0,0,holdout
HEAVY_TAIL,AEGIS_V3.0,420002,1,163,3.321769258036136,0.21291667594011063,-0.34000000000000097,134,9,20,0,0,0,5,5,0,0,0,0,holdout
HEAVY_TAIL,AEGIS_V3.0,420003,1,1,0.19706409438914127,0.19706409438914127,0.99,1,0,0,0,0,0,0,0,0,0,0,0,holdout
HEAVY_TAIL,AEGIS_V3.0,420004,1,148,2.5710293627552603,0.23065095156276785,-0.1570000000000007,115,4,27,2,0,0,7,7,0,0,0,0,holdout
HEAVY_TAIL,AEGIS_V3.0,420005,1,176,4.018000010866081,0.2131582382961418,-0.4900000000000011,149,8,19,0,0,0,8,8,0,0,0,0,holdout
HEAVY_TAIL,AEGIS_V3.0,420006,1,183,4.148370796117009,0.22372241806091595,-0.5000000000000011,150,5,28,0,0,0,7,7,0,0,0,0,holdout
HEAVY_TAIL,AEGIS_V3.0,420007,1,239,6.567772144214024,0.1984874953795786,-0.9005000000000014,189,16,31,3,0,0,14,14,0,0,0,0,holdout
HEAVY_TAIL,AEGIS_V3.0,420008,1,199,4.5474882323136,0.20687832313951274,-0.5700000000000012,157,11,31,0,0,0,10,10,0,0,0,0,holdout
HEAVY_TAIL,AEGIS_V3.0,420009,1,146,2.5945358863863,0.22702241748240004,-0.13000000000000078,113,6,27,0,0,0,7,7,0,0,0,0,holdout
HEAVY_TAIL,AEGIS_V3.0,420010,1,80,0.9014674923407249,0.2415103049430395,0.3864999999999996,61,5,13,1,0,0,5,5,0,0,0,0,holdout
HEAVY_TAIL,AEGIS_V3.0,420011,1,182,4.000214841521377,0.21055646836053069,-0.46350000000000113,146,4,31,1,0,0,6,6,0,0,0,0,holdout
HEAVY_TAIL,AEGIS_V3.0,420012,1,174,3.4445567135451434,0.23152616116792935,-0.3675000000000008,135,11,23,5,0,0,12,12,0,0,0,0,holdout
HEAVY_TAIL,AEGIS_V3.0,420013,1,67,0.7158731179368535,0.23766682174157278,0.47999999999999976,52,6,9,0,0,0,2,2,0,0,0,0,holdout
HEAVY_TAIL,AEGIS_V3.0,420014,1,156,3.1146673711886597,0.2219571499838753,-0.2900000000000009,129,5,22,0,0,0,7,7,0,0,0,0,holdout
HEAVY_TAIL,AEGIS_V3.0,420015,1,188,4.337318114740755,0.23586494291347174,-0.49050000000000105,148,7,30,3,0,0,8,8,0,0,0,0,holdout
HEAVY_TAIL,AEGIS_V3.0,420016,1,114,1.5924268509396733,0.23854609454613881,0.10949999999999949,88,1,22,3,1,0,4,4,0,0,0,0,holdout
HEAVY_TAIL,AEGIS_V3.0,420017,1,89,1.214687288604936,0.23924286904176492,0.25999999999999956,74,7,8,0,0,0,6,6,0,0,0,0,holdout
HEAVY_TAIL,AEGIS_V3.0,420018,1,188,3.910573309607823,0.21527601301102298,-0.43000000000000105,143,12,33,0,0,0,14,14,0,0,0,0,holdout
HEAVY_TAIL,AEGIS_V3.0,420019,1,177,4.018118929702572,0.22900230833824975,-0.4600000000000011,146,10,21,0,0,0,12,12,0,0,0,0,holdout
HEAVY_TAIL,AEGIS_V3.0,420020,1,200,4.6782926455709335,0.23504344752857662,-0.5670000000000013,156,12,30,2,1,0,12,12,0,0,0,0,holdout
HEAVY_TAIL,AEGIS_V3.0,420021,1,89,1.0937230210978497,0.23270998721463404,0.28949999999999965,70,4,12,3,0,0,5,5,0,0,0,0,holdout
HEAVY_TAIL,AEGIS_V3.0,420022,1,186,4.035933576029087,0.23927941348586654,-0.47350000000000114,147,7,31,1,1,0,9,9,0,0,0,0,holdout
HEAVY_TAIL,AEGIS_V3.0,420023,1,105,1.5255811072547985,0.2372226654387427,0.1364999999999995,86,6,12,1,1,0,7,7,0,0,0,0,holdout
HEAVY_TAIL,AEGIS_V3.0,420024,1,150,2.6531903811828577,0.2438212497300734,-0.16350000000000087,116,17,16,1,0,0,13,13,0,0,0,0,holdout
HEAVY_TAIL,AEGIS_V3.0,420025,1,162,3.2202487004432463,0.24209010937965456,-0.30700000000000083,130,4,26,2,0,0,5,5,0,0,0,0,holdout
HEAVY_TAIL,AEGIS_V3.0,420026,1,180,4.004434957628289,0.21430548230899826,-0.44000000000000106,144,9,27,0,0,0,8,8,0,0,0,0,holdout
HEAVY_TAIL,AEGIS_V3.0,420027,1,235,6.333135874173125,0.1979678700557824,-0.8605000000000016,185,12,35,3,1,0,18,18,0,0,0,0,holdout
HEAVY_TAIL,AEGIS_V3.0,420028,1,122,1.865802538145073,0.24479454870920153,0.08649999999999936,91,4,26,1,0,0,6,6,0,0,0,0,holdout
HEAVY_TAIL,AEGIS_V3.0,420029,1,100,1.234388115537767,0.23784560960736645,0.2564999999999995,74,6,19,1,0,0,9,9,0,0,0,0,holdout
HEAVY_TAIL,AEGIS_V3.0,420030,1,134,1.9859167744944892,0.2393569012422832,0.0489999999999996,93,7,28,6,0,0,14,14,0,0,0,0,holdout
HEAVY_TAIL,AEGIS_V3.0,420031,1,166,3.5320778123254595,0.245719506735303,-0.41000000000000103,141,11,14,0,0,0,10,10,0,0,0,0,holdout
HEAVY_TAIL,AEGIS_V3.0,420032,1,189,4.513197628069356,0.20663809820290857,-0.5700000000000012,157,13,19,0,0,0,11,11,0,0,0,0,holdout
HEAVY_TAIL,AEGIS_V3.0,420033,1,226,6.457918242540939,0.22558921135135443,-0.9100000000000015,191,8,27,0,0,0,8,8,0,0,0,0,holdout
HEAVY_TAIL,AEGIS_V3.0,420034,1,73,0.8271448627835087,0.23671855215438936,0.4399999999999997,56,4,13,0,1,0,5,5,0,0,0,0,holdout
HEAVY_TAIL,AEGIS_V3.0,420035,1,200,4.42394937040759,0.2119665995539328,-0.5835000000000012,158,12,29,1,0,0,10,10,0,0,0,0,holdout
HEAVY_TAIL,AEGIS_V3.0,420036,1,88,1.1207759564005368,0.24572810780249058,0.2699999999999996,73,4,11,0,1,0,4,4,0,0,0,0,holdout
HEAVY_TAIL,AEGIS_V3.0,420037,1,203,4.729415931053375,0.2275827351660304,-0.6270000000000011,162,7,32,2,0,0,9,9,0,0,0,0,holdout
HEAVY_TAIL,AEGIS_V3.0,420038,1,209,5.349701195182179,0.22057856199261155,-0.7370000000000014,173,7,27,2,0,0,9,9,0,0,0,0,holdout
HEAVY_TAIL,AEGIS_V3.0,420039,1,159,3.0888912134476048,0.21957404954746745,-0.30000000000000093,130,7,22,0,0,0,6,6,0,0,0,0,holdout
HEAVY_TAIL,AEGIS_V3.0,420040,1,162,2.92193995287005,0.2254697194359392,-0.19700000000000073,119,8,33,2,0,0,10,10,0,0,0,0,holdout
HEAVY_TAIL,AEGIS_V3.0,420041,1,243,6.637878573158955,0.20674633504584772,-0.8770000000000013,187,15,39,2,0,0,15,15,0,0,0,0,holdout
HEAVY_TAIL,AEGIS_V3.0,420042,1,159,2.9093814889583074,0.24291002652351912,-0.24350000000000072,124,13,21,1,1,0,12,12,0,0,0,0,holdout
HEAVY_TAIL,AEGIS_V3.0,420043,1,116,1.6891839808861808,0.24037868099451937,0.09999999999999942,90,7,19,0,0,0,4,4,0,0,0,0,holdout
HEAVY_TAIL,AEGIS_V3.0,420044,1,217,5.315621181270085,0.20819235197283542,-0.7070000000000012,170,12,33,2,1,0,15,15,0,0,0,0,holdout
HEAVY_TAIL,AEGIS_V3.0,420045,1,234,6.1501933429307325,0.2187413087710068,-0.8470000000000013,184,14,34,2,0,0,15,15,0,0,0,0,holdout
HEAVY_TAIL,AEGIS_V3.0,420046,1,148,2.737607843607569,0.2334657189452109,-0.20000000000000084,120,10,18,0,0,0,11,11,0,0,0,0,holdout
HEAVY_TAIL,AEGIS_V3.0,420047,1,206,4.859160225304989,0.24059706386529783,-0.5770000000000011,157,12,35,2,0,0,11,11,0,0,0,0,holdout
HEAVY_TAIL,AEGIS_V3.0,420048,1,155,3.0945440106348068,0.2182328888718457,-0.31000000000000094,131,7,17,0,1,0,4,4,0,0,0,0,holdout
HEAVY_TAIL,AEGIS_V3.0,420049,1,88,1.1244510879642151,0.2397149960556398,0.25999999999999956,74,3,11,0,0,0,2,2,0,0,0,0,holdout
HEAVY_TAIL,AEGIS_V3.0,420050,1,163,3.2978847523484585,0.21560616919969122,-0.360000000000001,136,3,24,0,0,0,5,5,0,0,0,0,holdout
HEAVY_TAIL,AEGIS_V3.0,420051,1,148,2.747697879719851,0.2234974778987002,-0.23000000000000087,123,6,19,0,0,0,6,6,0,0,0,0,holdout
HEAVY_TAIL,AEGIS_V3.0,420052,1,130,2.099724696891109,0.22801484299569288,0.022999999999999465,97,9,22,2,0,0,8,8,0,0,0,0,holdout
HEAVY_TAIL,AEGIS_V3.0,420053,1,136,2.3104065200160075,0.23705736730912236,-0.07350000000000079,107,5,23,1,0,0,5,5,0,0,0,0,holdout
HEAVY_TAIL,AEGIS_V3.0,420054,1,206,5.05110949341381,0.22613122513519338,-0.6270000000000013,162,7,35,2,0,0,10,10,0,0,0,0,holdout
HEAVY_TAIL,AEGIS_V3.0,420055,1,149,2.7719826697972123,0.24614461189148748,-0.1770000000000007,117,7,23,2,0,0,10,10,0,0,0,0,holdout
HEAVY_TAIL,AEGIS_V3.0,420056,1,186,4.030732646640676,0.23985476724508983,-0.48350000000000115,148,13,24,1,0,0,10,10,0,0,0,0,holdout
HEAVY_TAIL,AEGIS_V3.0,420057,1,130,2.172547991126759,0.2324566991175664,-0.09000000000000075,109,4,17,0,0,0,6,6,0,0,0,0,holdout
HEAVY_TAIL,AEGIS_V3.0,420058,1,198,4.714447298950063,0.23928696020715867,-0.6000000000000012,160,13,25,0,0,0,13,13,0,0,0,0,holdout
HEAVY_TAIL,AEGIS_V3.0,420059,1,165,3.181250589521433,0.22384617662328302,-0.29350000000000076,129,13,22,1,0,0,12,12,0,0,0,0,holdout
HEAVY_TAIL,AEGIS_V3.0,420060,1,93,1.1831832866371104,0.22936322682553759,0.23999999999999955,76,3,14,0,0,0,3,3,0,0,0,0,holdout
HEAVY_TAIL,AEGIS_V3.0,420061,1,158,2.757575594688814,0.2232892385080153,-0.15750000000000064,114,10,29,5,0,0,12,12,0,0,0,0,holdout
HEAVY_TAIL,AEGIS_V3.0,420062,1,213,5.210190817717028,0.22802717082368903,-0.6335000000000013,163,13,36,1,0,0,15,15,0,0,0,0,holdout
HEAVY_TAIL,AEGIS_V3.0,420063,1,219,5.516371489162929,0.20248652378670373,-0.7770000000000015,177,8,32,2,0,0,8,8,0,0,0,0,holdout
HEAVY_TAIL,AEGIS_V3.0,420064,1,170,3.4812505655563757,0.23722982968788697,-0.323500000000001,132,10,27,1,0,0,9,9,0,0,0,0,holdout
HEAVY_TAIL,AEGIS_V3.0,420065,1,139,2.192539861642716,0.2391237608396677,-0.007500000000000506,99,10,25,5,0,0,11,11,0,0,0,0,holdout
HEAVY_TAIL,AEGIS_V3.0,420066,1,212,5.558141852342688,0.24942689711074417,-0.7900000000000014,179,7,26,0,0,0,11,11,0,0,0,0,holdout
HEAVY_TAIL,AEGIS_V3.0,420067,1,209,5.570865446576029,0.23933896131578863,-0.7535000000000014,175,10,23,1,0,0,11,11,0,0,0,0,holdout
HEAVY_TAIL,AEGIS_V3.0,420068,1,198,4.5191027890635285,0.20614783980750537,-0.5805000000000009,157,10,28,3,0,0,11,11,0,0,0,0,holdout
HEAVY_TAIL,AEGIS_V3.0,420069,1,150,2.790850033344876,0.2343900214154874,-0.21700000000000075,121,5,22,2,0,0,8,8,0,0,0,0,holdout
HEAVY_TAIL,AEGIS_V3.0,420070,1,150,3.1153562730611593,0.23010018403652188,-0.31000000000000094,131,4,15,0,0,0,7,7,0,0,0,0,holdout
HEAVY_TAIL,AEGIS_V3.0,420071,1,208,5.090678070035276,0.20837710953010247,-0.6235000000000013,162,14,31,1,0,0,15,15,0,0,0,0,holdout
HEAVY_TAIL,AEGIS_V3.0,420072,1,194,4.501762846361405,0.24518913410245222,-0.5570000000000013,155,8,29,2,0,0,12,12,0,0,0,0,holdout
HEAVY_TAIL,AEGIS_V3.0,420073,1,134,2.1813667051223073,0.23090801696305085,-0.04050000000000065,103,5,23,3,0,0,4,4,0,0,0,0,holdout
HEAVY_TAIL,AEGIS_V3.0,420074,1,153,2.7682109966030035,0.22183316245115767,-0.23000000000000087,123,9,21,0,0,0,6,6,0,0,0,0,holdout
HEAVY_TAIL,AEGIS_V3.0,420075,1,199,4.700535089413458,0.20707044868992863,-0.6100000000000012,161,13,25,0,0,0,8,8,0,0,0,0,holdout
HEAVY_TAIL,AEGIS_V3.0,420076,1,203,5.070579342814079,0.21475253151268517,-0.6735000000000011,167,10,25,1,0,0,11,11,0,0,0,0,holdout
HEAVY_TAIL,AEGIS_V3.0,420077,1,168,3.660284099407471,0.2361013745477738,-0.42000000000000104,142,8,18,0,0,0,9,9,0,0,0,0,holdout
HEAVY_TAIL,AEGIS_V3.0,420078,1,132,2.094450180001157,0.22255971404586788,-0.013500000000000512,101,6,24,1,1,0,11,11,0,0,0,0,holdout
HEAVY_TAIL,AEGIS_V3.0,420079,1,169,3.5181194162875356,0.22337093933598773,-0.390000000000001,139,7,23,0,0,0,6,6,0,0,0,0,holdout
HEAVY_TAIL,AEGIS_V3.0,420080,1,79,0.8983708233569834,0.24369010682809414,0.36299999999999966,63,2,12,2,0,0,2,2,0,0,0,0,holdout
HEAVY_TAIL,AEGIS_V3.0,420081,1,213,5.0849452654569385,0.2120726250509795,-0.6670000000000011,166,17,28,2,0,0,13,13,0,0,0,0,holdout
HEAVY_TAIL,AEGIS_V3.0,420082,1,157,2.8251903171235964,0.23355328530599806,-0.23050000000000082,122,9,23,3,0,0,10,10,0,0,0,0,holdout
HEAVY_TAIL,AEGIS_V3.0,420083,1,36,0.3978981076491831,0.24889396718340148,0.7064999999999999,29,1,5,1,1,0,1,1,0,0,0,0,holdout
HEAVY_TAIL,AEGIS_V3.0,420084,1,127,2.1849329471317214,0.24416103987006552,-0.07000000000000073,107,6,14,0,0,0,6,6,0,0,0,0,holdout
HEAVY_TAIL,AEGIS_V3.0,420085,1,189,4.4107064077189175,0.21201828765104083,-0.5500000000000012,155,12,22,0,0,0,12,12,0,0,0,0,holdout
HEAVY_TAIL,AEGIS_V3.0,420086,1,226,5.855968272024447,0.2391731731893404,-0.7605000000000013,175,8,40,3,0,0,15,15,0,0,0,0,holdout
HEAVY_TAIL,AEGIS_V3.0,420087,1,192,4.404199124494893,0.21490000981775023,-0.5635000000000012,156,9,26,1,0,0,7,7,0,0,0,0,holdout
HEAVY_TAIL,AEGIS_V3.0,420088,1,134,2.3308392434773353,0.2241096721642947,-0.09350000000000058,109,4,20,1,0,0,7,7,0,0,0,0,holdout
HEAVY_TAIL,AEGIS_V3.0,420089,1,203,4.75464291963363,0.20353419232530523,-0.6600000000000013,166,5,32,0,0,0,6,6,0,0,0,0,holdout
HEAVY_TAIL,AEGIS_V3.0,420090,1,213,5.201845520623166,0.2412205158868485,-0.6805000000000012,167,12,31,3,0,0,18,18,0,0,0,0,holdout
HEAVY_TAIL,AEGIS_V3.0,420091,1,157,2.7169901877427898,0.2210777801469113,-0.20450000000000057,118,7,25,7,0,0,11,11,0,0,0,0,holdout
HEAVY_TAIL,AEGIS_V3.0,420092,1,237,6.680905707080294,0.22669765875460027,-0.8775000000000017,186,13,33,5,0,0,15,15,0,0,0,0,holdout
HEAVY_TAIL,AEGIS_V3.0,420093,1,229,6.066284719438271,0.23946587507938805,-0.7935000000000014,179,8,41,1,0,0,12,12,0,0,0,0,holdout
HEAVY_TAIL,AEGIS_V3.0,420094,1,103,1.5678877958165487,0.23303778716161153,0.08649999999999947,91,1,10,1,0,0,3,3,0,0,0,0,holdout
HEAVY_TAIL,AEGIS_V3.0,420095,1,111,1.4992454296487312,0.2480173874996899,0.15299999999999947,84,6,19,2,0,0,5,5,0,0,0,0,holdout
HEAVY_TAIL,AEGIS_V3.0,420096,1,188,4.057576243973249,0.23790321200466905,-0.4600000000000011,146,12,30,0,0,0,15,15,0,0,0,0,holdout
HEAVY_TAIL,AEGIS_V3.0,420097,1,145,2.440886220649063,0.2286351363198731,-0.09000000000000075,109,7,29,0,1,0,11,11,0,0,0,0,holdout
HEAVY_TAIL,AEGIS_V3.0,420098,1,216,4.965274900205936,0.23755558299307356,-0.6410000000000013,162,14,34,6,0,0,15,15,0,0,0,0,holdout
HEAVY_TAIL,AEGIS_V3.0,420099,1,169,3.4385580744339928,0.23714682367950388,-0.38050000000000095,137,3,26,3,0,0,7,7,0,0,0,0,holdout
HEAVY_TAIL,AEGIS_V3.1,420000,1,53,0.6197229754954934,0.24224046571379698,0.4999999999999998,50,2,1,0,0,0,0,1,0,1,0,1,holdout
HEAVY_TAIL,AEGIS_V3.1,420001,1,74,0.9268779573894236,0.24923280867651254,0.33999999999999964,66,3,5,0,0,0,0,5,0,5,0,5,holdout
HEAVY_TAIL,AEGIS_V3.1,420002,1,156,3.321769258036136,0.23143527537361322,-0.43000000000000105,143,8,5,0,0,0,0,3,0,3,0,5,holdout
HEAVY_TAIL,AEGIS_V3.1,420003,1,1,0.19706409438914127,0.19706409438914127,0.99,1,0,0,0,0,0,0,0,0,0,0,0,holdout
HEAVY_TAIL,AEGIS_V3.1,420004,1,135,2.5710293627552603,0.22295446015274484,-0.2500000000000009,125,5,5,0,0,0,0,8,0,8,0,5,holdout
HEAVY_TAIL,AEGIS_V3.1,420005,1,167,4.018000010866081,0.22517356438868816,-0.5900000000000012,159,4,4,0,0,0,0,2,0,2,0,4,holdout
HEAVY_TAIL,AEGIS_V3.1,420006,1,170,4.148370796117009,0.22234721499237065,-0.6200000000000012,162,7,1,0,0,0,0,6,0,6,0,1,holdout
HEAVY_TAIL,AEGIS_V3.1,420007,1,221,6.567772144214024,0.2248938421869914,-1.0699999999999998,207,9,5,0,0,0,0,14,0,13,0,5,holdout
HEAVY_TAIL,AEGIS_V3.1,420008,1,184,4.5474882323136,0.24293114682068753,-0.6700000000000013,167,13,4,0,0,0,0,10,0,10,0,4,holdout
HEAVY_TAIL,AEGIS_V3.1,420009,1,133,2.5945358863863,0.24748595527225933,-0.2500000000000009,125,5,3,0,0,0,0,7,0,7,0,3,holdout
HEAVY_TAIL,AEGIS_V3.1,420010,1,70,0.9014674923407249,0.24933791070048683,0.33999999999999964,66,3,1,0,0,0,0,3,0,3,0,1,holdout
HEAVY_TAIL,AEGIS_V3.1,420011,1,172,4.000214841521377,0.2319614373655382,-0.5800000000000012,158,8,6,0,0,0,0,6,0,5,0,6,holdout
HEAVY_TAIL,AEGIS_V3.1,420012,1,155,3.4445567135451434,0.22844141484868047,-0.4800000000000011,148,5,2,0,0,0,0,13,0,13,0,2,holdout
HEAVY_TAIL,AEGIS_V3.1,420013,1,62,0.7158731179368535,0.24582435434260172,0.45999999999999974,54,4,4,0,0,0,0,2,0,2,0,4,holdout
HEAVY_TAIL,AEGIS_V3.1,420014,1,146,3.1146673711886597,0.23430524440860628,-0.380000000000001,138,3,4,1,0,0,1,6,0,4,1,4,holdout
HEAVY_TAIL,AEGIS_V3.1,420015,1,182,4.337318114740755,0.2397589211520459,-0.6400000000000012,164,9,9,0,0,0,0,3,0,3,0,9,holdout
HEAVY_TAIL,AEGIS_V3.1,420016,1,104,1.5924268509396733,0.22828020537964377,0.03999999999999937,96,5,3,0,0,0,0,4,0,4,0,3,holdout
HEAVY_TAIL,AEGIS_V3.1,420017,1,87,1.214687288604936,0.23536158258490514,0.22999999999999954,77,6,4,0,0,0,0,0,0,0,0,4,holdout
HEAVY_TAIL,AEGIS_V3.1,420018,1,168,3.910573309607823,0.24380387626986666,-0.5800000000000012,158,4,6,0,0,0,1,6,0,6,1,6,holdout
HEAVY_TAIL,AEGIS_V3.1,420019,1,170,4.018118929702572,0.2306306457309503,-0.5900000000000012,159,7,4,0,0,0,0,5,0,5,0,4,holdout
HEAVY_TAIL,AEGIS_V3.1,420020,1,183,4.6782926455709335,0.21784178163596626,-0.7300000000000013,173,5,5,0,0,0,0,12,0,12,0,5,holdout
HEAVY_TAIL,AEGIS_V3.1,420021,1,83,1.0937230210978497,0.23947852560583852,0.25999999999999956,74,3,6,0,0,0,0,5,0,3,0,6,holdout
HEAVY_TAIL,AEGIS_V3.1,420022,1,174,4.035933576029087,0.2396088276245874,-0.5600000000000012,156,10,8,0,0,0,0,10,0,9,0,8,holdout
HEAVY_TAIL,AEGIS_V3.1,420023,1,100,1.5255811072547985,0.2374222808177128,0.04999999999999938,95,1,4,0,0,0,0,10,0,10,0,4,holdout
HEAVY_TAIL,AEGIS_V3.1,420024,1,138,2.6531903811828577,0.2278886771715508,-0.2700000000000009,127,6,5,0,0,0,0,8,0,8,0,5,holdout
HEAVY_TAIL,AEGIS_V3.1,420025,1,153,3.2202487004432463,0.23773728263570015,-0.42000000000000104,142,5,6,0,0,0,0,4,0,4,0,6,holdout
HEAVY_TAIL,AEGIS_V3.1,420026,1,169,4.004434957628289,0.22634440172008458,-0.6000000000000012,160,5,4,0,0,0,0,10,0,10,0,4,holdout
HEAVY_TAIL,AEGIS_V3.1,420027,1,209,6.333135874173125,0.23162698386297234,-1.06,206,2,1,0,0,0,0,11,0,11,0,1,holdout
HEAVY_TAIL,AEGIS_V3.1,420028,1,113,1.865802538145073,0.2316249826335482,-0.0400000000000007,104,5,4,0,0,0,0,5,0,5,0,4,holdout
HEAVY_TAIL,AEGIS_V3.1,420029,1,95,1.234388115537767,0.24206264928874185,0.21999999999999953,78,7,10,0,0,0,1,9,0,7,1,10,holdout
HEAVY_TAIL,AEGIS_V3.1,420030,1,115,1.9859167744944892,0.24097365473325322,-0.07000000000000073,107,7,1,0,0,0,0,10,0,10,0,1,holdout
HEAVY_TAIL,AEGIS_V3.1,420031,1,157,3.5320778123254595,0.22082095067712382,-0.5000000000000011,150,5,2,0,0,0,0,4,0,4,0,2,holdout
HEAVY_TAIL,AEGIS_V3.1,420032,1,183,4.513197628069356,0.21665816159222398,-0.6900000000000013,169,9,5,0,0,0,0,6,0,6,0,5,holdout
HEAVY_TAIL,AEGIS_V3.1,420033,1,217,6.457918242540939,0.19918525007890137,-1.0500000000000003,205,9,3,0,0,0,0,8,0,8,0,3,holdout
HEAVY_TAIL,AEGIS_V3.1,420034,1,68,0.8271448627835087,0.24682285704734983,0.3899999999999997,61,4,3,0,0,0,0,4,0,4,0,3,holdout
HEAVY_TAIL,AEGIS_V3.1,420035,1,181,4.42394937040759,0.2490679716731214,-0.6900000000000013,169,9,2,1,0,0,0,7,0,6,0,2,holdout
HEAVY_TAIL,AEGIS_V3.1,420036,1,82,1.1207759564005368,0.2348094695764135,0.21999999999999953,78,1,3,0,0,0,0,5,0,5,0,3,holdout
HEAVY_TAIL,AEGIS_V3.1,420037,1,187,4.729415931053375,0.20696640577954178,-0.7600000000000013,176,5,6,0,0,0,0,8,0,8,0,6,holdout
HEAVY_TAIL,AEGIS_V3.1,420038,1,193,5.349701195182179,0.24111857646348955,-0.8800000000000014,188,2,3,0,0,0,0,7,0,7,0,3,holdout
HEAVY_TAIL,AEGIS_V3.1,420039,1,147,3.0888912134476048,0.24001221478667034,-0.380000000000001,138,4,5,0,0,0,0,3,0,2,0,5,holdout
HEAVY_TAIL,AEGIS_V3.1,420040,1,145,2.92193995287005,0.23294774715082048,-0.34000000000000097,134,2,9,0,0,0,0,9,0,8,0,9,holdout
HEAVY_TAIL,AEGIS_V3.1,420041,1,223,6.637878573158955,0.1919314822232996,-1.0899999999999994,209,7,6,1,0,0,0,14,0,14,0,7,holdout
HEAVY_TAIL,AEGIS_V3.1,420042,1,144,2.9093814889583074,0.22758720416759196,-0.33000000000000096,133,6,5,0,0,0,0,8,0,7,0,5,holdout
HEAVY_TAIL,AEGIS_V3.1,420043,1,115,1.6891839808861808,0.22994904596374244,0.01999999999999935,98,6,11,0,0,0,0,5,0,5,0,11,holdout
HEAVY_TAIL,AEGIS_V3.1,420044,1,196,5.315621181270085,0.2305124879402655,-0.8400000000000014,184,11,1,0,0,0,0,15,0,15,0,1,holdout
HEAVY_TAIL,AEGIS_V3.1,420045,1,216,6.1501933429307325,0.24300642319474847,-0.9800000000000015,198,8,9,1,0,0,0,13,0,13,0,9,holdout
HEAVY_TAIL,AEGIS_V3.1,420046,1,136,2.737607843607569,0.24969744190701224,-0.31000000000000094,131,1,4,0,0,0,0,6,0,6,0,4,holdout
HEAVY_TAIL,AEGIS_V3.1,420047,1,190,4.859160225304989,0.21750604900233278,-0.7600000000000013,176,10,4,0,0,0,0,5,0,5,0,4,holdout
HEAVY_TAIL,AEGIS_V3.1,420048,1,148,3.0945440106348068,0.2473934563561692,-0.400000000000001,140,7,1,0,0,0,0,2,0,2,0,1,holdout
HEAVY_TAIL,AEGIS_V3.1,420049,1,81,1.1244510879642151,0.23227528596324143,0.2099999999999994,79,2,0,0,0,0,0,2,0,2,0,0,holdout
HEAVY_TAIL,AEGIS_V3.1,420050,1,156,3.2978847523484585,0.23892620363064604,-0.41000000000000103,141,8,7,0,0,0,0,8,0,7,0,7,holdout
HEAVY_TAIL,AEGIS_V3.1,420051,1,138,2.747697879719851,0.21356701329438035,-0.31000000000000094,131,3,4,0,0,0,0,4,0,4,0,4,holdout
HEAVY_TAIL,AEGIS_V3.1,420052,1,124,2.099724696891109,0.23560332944684334,-0.08000000000000074,108,8,8,0,0,0,0,6,0,6,0,8,holdout
HEAVY_TAIL,AEGIS_V3.1,420053,1,127,2.3104065200160075,0.23833897032632148,-0.18000000000000083,118,6,3,0,0,0,0,5,0,5,0,3,holdout
HEAVY_TAIL,AEGIS_V3.1,420054,1,190,5.05110949341381,0.21638286574911933,-0.8000000000000014,180,6,4,0,0,0,0,11,0,11,0,4,holdout
HEAVY_TAIL,AEGIS_V3.1,420055,1,138,2.7719826697972123,0.24212166055888562,-0.31000000000000094,131,4,3,0,0,0,0,12,0,11,0,3,holdout
HEAVY_TAIL,AEGIS_V3.1,420056,1,172,4.030732646640676,0.23991562530331859,-0.6000000000000012,160,6,5,1,0,0,0,6,0,6,0,5,holdout
HEAVY_TAIL,AEGIS_V3.1,420057,1,123,2.172547991126759,0.2331429986078876,-0.12000000000000077,112,9,2,0,0,0,0,8,0,8,0,2,holdout
HEAVY_TAIL,AEGIS_V3.1,420058,1,185,4.714447298950063,0.24665919299911773,-0.7400000000000013,174,6,5,0,0,0,1,12,0,12,1,5,holdout
HEAVY_TAIL,AEGIS_V3.1,420059,1,153,3.181250589521433,0.22401569455202788,-0.390000000000001,139,9,5,0,0,0,0,8,0,7,0,5,holdout
HEAVY_TAIL,AEGIS_V3.1,420060,1,87,1.1831832866371104,0.2498593973503685,0.20999999999999952,79,3,5,0,0,0,0,3,0,2,0,5,holdout
HEAVY_TAIL,AEGIS_V3.1,420061,1,136,2.757575594688814,0.23321823622123158,-0.30000000000000093,130,6,0,0,0,0,0,6,0,6,0,0,holdout
HEAVY_TAIL,AEGIS_V3.1,420062,1,195,5.210190817717028,0.23926627862473035,-0.8400000000000014,184,5,6,0,0,0,0,12,0,12,0,6,holdout
HEAVY_TAIL,AEGIS_V3.1,420063,1,199,5.516371489162929,0.19972067327194193,-0.9000000000000015,190,8,1,0,0,0,0,6,0,6,0,1,holdout
HEAVY_TAIL,AEGIS_V3.1,420064,1,156,3.4812505655563757,0.24980077460523176,-0.4800000000000011,148,5,3,0,0,0,0,8,0,7,0,3,holdout
HEAVY_TAIL,AEGIS_V3.1,420065,1,125,2.192539861642716,0.2361099610305169,-0.1400000000000008,114,6,5,0,0,0,1,9,0,9,1,5,holdout
HEAVY_TAIL,AEGIS_V3.1,420066,1,199,5.558141852342688,0.22190216736422755,-0.9000000000000015,190,4,5,0,0,0,0,8,0,8,0,5,holdout
HEAVY_TAIL,AEGIS_V3.1,420067,1,200,5.570865446576029,0.2041106381340419,-0.8700000000000014,187,12,1,0,0,0,0,6,0,6,0,1,holdout
HEAVY_TAIL,AEGIS_V3.1,420068,1,180,4.5191027890635285,0.22657926039988358,-0.7100000000000013,171,6,3,0,0,0,0,7,0,7,0,3,holdout
HEAVY_TAIL,AEGIS_V3.1,420069,1,138,2.790850033344876,0.23783367399974767,-0.33000000000000096,133,2,3,0,0,0,1,6,0,6,1,3,holdout
HEAVY_TAIL,AEGIS_V3.1,420070,1,150,3.1153562730611593,0.2191536453852542,-0.370000000000001,137,7,6,0,0,0,1,4,0,4,1,6,holdout
HEAVY_TAIL,AEGIS_V3.1,420071,1,191,5.090678070035276,0.20549329731744626,-0.8200000000000014,182,5,4,0,0,0,0,11,0,10,0,4,holdout
HEAVY_TAIL,AEGIS_V3.1,420072,1,184,4.501762846361405,0.24877785472980102,-0.7100000000000013,171,7,5,1,0,0,0,9,0,8,0,6,holdout
HEAVY_TAIL,AEGIS_V3.1,420073,1,121,2.1813667051223073,0.2255003003347203,-0.1500000000000008,115,5,1,0,0,0,0,3,0,2,0,1,holdout
HEAVY_TAIL,AEGIS_V3.1,420074,1,139,2.7682109966030035,0.23422795918590594,-0.32000000000000095,132,5,2,0,0,0,0,4,0,4,0,2,holdout
HEAVY_TAIL,AEGIS_V3.1,420075,1,191,4.700535089413458,0.24579919830209745,-0.7200000000000013,172,9,10,0,0,0,0,6,0,6,0,10,holdout
HEAVY_TAIL,AEGIS_V3.1,420076,1,189,5.070579342814079,0.21172903460482023,-0.8200000000000014,182,2,5,0,0,0,0,9,0,9,0,5,holdout
HEAVY_TAIL,AEGIS_V3.1,420077,1,157,3.660284099407471,0.24140279713717017,-0.5000000000000011,150,6,1,0,0,0,0,9,0,9,0,1,holdout
HEAVY_TAIL,AEGIS_V3.1,420078,1,119,2.094450180001157,0.2297773977193246,-0.13000000000000078,113,2,4,0,0,0,0,12,0,12,0,4,holdout
HEAVY_TAIL,AEGIS_V3.1,420079,1,156,3.5181194162875356,0.2384430005259248,-0.5100000000000011,151,1,4,0,0,0,0,3,0,2,0,4,holdout
HEAVY_TAIL,AEGIS_V3.1,420080,1,72,0.8983708233569834,0.2317705394887605,0.3299999999999996,67,3,2,0,0,0,0,1,0,1,0,2,holdout
HEAVY_TAIL,AEGIS_V3.1,420081,1,194,5.0849452654569385,0.23643985135525097,-0.8100000000000014,181,7,6,0,0,0,0,12,0,11,0,6,holdout
HEAVY_TAIL,AEGIS_V3.1,420082,1,142,2.8251903171235964,0.23441258444869817,-0.32000000000000095,132,7,3,0,0,0,0,7,0,7,0,3,holdout
HEAVY_TAIL,AEGIS_V3.1,420083,1,35,0.3978981076491831,0.24815561928265778,0.69,31,1,3,0,0,0,0,1,0,1,0,3,holdout
HEAVY_TAIL,AEGIS_V3.1,420084,1,125,2.1849329471317214,0.23955518207214394,-0.13000000000000078,113,5,7,0,0,0,1,6,0,4,1,7,holdout
HEAVY_TAIL,AEGIS_V3.1,420085,1,177,4.4107064077189175,0.21457438065858483,-0.6800000000000013,168,7,2,0,0,0,0,5,0,5,0,2,holdout
HEAVY_TAIL,AEGIS_V3.1,420086,1,205,5.855968272024447,0.2291602348152969,-0.9500000000000015,195,6,4,0,0,0,0,12,0,11,0,4,holdout
HEAVY_TAIL,AEGIS_V3.1,420087,1,178,4.404199124494893,0.22357695540658404,-0.6800000000000013,168,8,2,0,0,0,0,4,0,4,0,2,holdout
HEAVY_TAIL,AEGIS_V3.1,420088,1,129,2.3308392434773353,0.23984797091326257,-0.18000000000000083,118,2,8,1,0,0,1,6,0,6,1,9,holdout
HEAVY_TAIL,AEGIS_V3.1,420089,1,190,4.75464291963363,0.20941743462065776,-0.7400000000000013,174,9,7,0,0,0,0,10,0,10,0,7,holdout
HEAVY_TAIL,AEGIS_V3.1,420090,1,198,5.201845520623166,0.2039563533231572,-0.8000000000000014,180,13,5,0,0,0,0,10,0,10,0,5,holdout
HEAVY_TAIL,AEGIS_V3.1,420091,1,139,2.7169901877427898,0.241673377541339,-0.2800000000000009,128,6,5,0,0,0,0,13,0,13,0,5,holdout
HEAVY_TAIL,AEGIS_V3.1,420092,1,223,6.680905707080294,0.2158695862592615,-1.0799999999999996,208,10,5,0,0,0,0,14,0,13,0,5,holdout
HEAVY_TAIL,AEGIS_V3.1,420093,1,209,6.066284719438271,0.24592496091344013,-0.9500000000000015,195,10,4,0,0,0,0,12,0,10,0,4,holdout
HEAVY_TAIL,AEGIS_V3.1,420094,1,99,1.5678877958165487,0.247120962301795,0.05999999999999939,94,3,2,0,0,0,0,2,0,2,0,2,holdout
HEAVY_TAIL,AEGIS_V3.1,420095,1,99,1.4992454296487312,0.24067201335827362,0.0799999999999994,92,3,4,0,0,0,0,4,0,4,0,4,holdout
HEAVY_TAIL,AEGIS_V3.1,420096,1,170,4.057576243973249,0.22493171328861206,-0.6300000000000012,163,3,4,0,0,0,0,12,0,12,0,4,holdout
HEAVY_TAIL,AEGIS_V3.1,420097,1,131,2.440886220649063,0.23444421939351115,-0.20000000000000084,120,9,2,0,0,0,0,8,0,7,0,2,holdout
HEAVY_TAIL,AEGIS_V3.1,420098,1,188,4.965274900205936,0.22839197830038593,-0.7800000000000014,178,6,4,0,0,0,0,8,0,8,0,4,holdout
HEAVY_TAIL,AEGIS_V3.1,420099,1,160,3.4385580744339928,0.24097790053874815,-0.4700000000000011,147,4,9,0,0,0,0,8,0,6,0,9,holdout
DROPOUT,AEGIS_V3.0,430000,1,185,4.0846978720514056,0.24734502240650155,-0.4410000000000007,142,37,0,6,0,0,0,41,0,0,0,0,holdout
DROPOUT,AEGIS_V3.0,430001,1,124,1.9362800342715638,0.24789047216692697,0.05299999999999949,94,28,0,2,0,0,0,30,0,0,0,0,holdout
DROPOUT,AEGIS_V3.0,430002,1,173,3.3698178166688946,0.21550697956000378,-0.2770000000000008,127,44,0,2,0,0,0,42,0,0,0,0,holdout
DROPOUT,AEGIS_V3.0,430003,1,189,4.009451049570725,0.23306624652467187,-0.4505000000000008,144,42,0,3,0,0,0,44,0,0,0,0,holdout
DROPOUT,AEGIS_V3.0,430004,1,212,5.148414934492122,0.20545060953033725,-0.6400000000000012,164,48,0,0,0,0,0,45,0,0,0,0,holdout
DROPOUT,AEGIS_V3.0,430005,1,157,3.037937109492405,0.2481187133068789,-0.23000000000000087,123,34,0,0,0,0,0,33,0,0,0,0,holdout
DROPOUT,AEGIS_V3.0,430006,1,143,2.2266718552252054,0.2407999231686678,-0.04750000000000054,103,35,0,5,0,0,0,35,0,0,0,0,holdout
DROPOUT,AEGIS_V3.0,430007,1,173,3.326683999093336,0.237887195321302,-0.2870000000000008,128,43,0,2,0,0,0,42,0,0,0,0,holdout
DROPOUT,AEGIS_V3.0,430008,1,206,4.225235610223816,0.2412331636067167,-0.4675000000000009,145,56,0,5,0,0,0,56,0,0,0,0,holdout
DROPOUT,AEGIS_V3.0,430009,1,220,4.943364736565158,0.2206588766889332,-0.6145000000000014,159,54,0,7,0,0,0,54,0,0,0,0,holdout
DROPOUT,AEGIS_V3.0,430010,1,222,5.23008311947125,0.20474135043445177,-0.6610000000000011,164,52,0,6,0,0,0,56,0,0,0,0,holdout
DROPOUT,AEGIS_V3.0,430011,1,205,4.6700265171365825,0.23863115043075633,-0.564000000000001,155,46,0,4,0,0,0,45,0,0,0,0,holdout
DROPOUT,AEGIS_V3.0,430012,1,220,5.442275898541089,0.24770774260272996,-0.6610000000000014,164,50,0,6,0,0,0,53,0,0,0,0,holdout
DROPOUT,AEGIS_V3.0,430013,1,150,2.4544872120768604,0.22983354730257963,-0.057000000000000606,105,43,0,2,0,0,0,45,0,0,0,0,holdout
DROPOUT,AEGIS_V3.0,430014,1,214,4.495673936613787,0.20874322555801453,-0.5275000000000012,151,58,0,5,0,0,0,60,0,0,0,0,holdout
DROPOUT,AEGIS_V3.0,430015,1,215,5.163412082158645,0.21122211244626632,-0.6405000000000012,163,48,1,3,0,0,1,50,0,0,0,0,holdout
DROPOUT,AEGIS_V3.0,430016,1,161,3.2088049754988135,0.22468329427349867,-0.2800000000000009,128,33,0,0,0,0,0,29,0,0,0,0,holdout
DROPOUT,AEGIS_V3.0,430017,1,191,4.1962647924041985,0.2137773079621481,-0.5235000000000012,152,38,0,1,0,0,0,39,0,0,0,0,holdout
DROPOUT,AEGIS_V3.0,430018,1,175,3.283746134261847,0.24900653170302733,-0.30400000000000094,129,42,0,4,0,0,0,43,0,0,0,0,holdout
DROPOUT,AEGIS_V3.0,430019,1,57,0.5441592609090917,0.24190099974589724,0.6164999999999998,38,18,0,1,0,0,0,18,0,0,0,0,holdout
DROPOUT,AEGIS_V3.0,430020,1,208,4.614410012113722,0.21776199516081896,-0.5035000000000012,150,57,0,1,0,0,0,53,0,0,0,0,holdout
DROPOUT,AEGIS_V3.0,430021,1,221,5.381199974175502,0.24136209134413247,-0.6305000000000012,162,56,0,3,0,0,0,52,0,0,0,0,holdout
DROPOUT,AEGIS_V3.0,430022,1,84,0.9726061246231265,0.24273215787220265,0.36299999999999966,63,19,0,2,0,0,0,19,0,0,0,0,holdout
DROPOUT,AEGIS_V3.0,430023,1,201,4.799999462903977,0.24221238594395894,-0.5200000000000011,152,49,0,0,0,0,0,45,0,0,0,0,holdout
DROPOUT,AEGIS_V3.0,430024,1,174,3.7621577760215104,0.22233488346115235,-0.40050000000000097,139,32,0,3,0,0,0,35,0,0,0,0,holdout
DROPOUT,AEGIS_V3.0,430025,1,182,3.575511070040966,0.22433143163636438,-0.33000000000000096,133,49,0,0,0,0,0,45,0,0,0,0,holdout
DROPOUT,AEGIS_V3.0,430026,1,154,2.874532845500571,0.21664067848727592,-0.21700000000000097,121,31,0,2,0,0,0,32,0,0,0,0,holdout
DROPOUT,AEGIS_V3.0,430027,1,182,3.873593422323298,0.2129617282023849,-0.4035000000000011,140,41,0,1,0,0,0,38,0,0,0,0,holdout
DROPOUT,AEGIS_V3.0,430028,1,151,2.586058562116732,0.23298963100776166,-0.0640000000000005,105,42,0,4,0,0,1,45,0,0,0,0,holdout
DROPOUT,AEGIS_V3.0,430029,1,181,3.7136795549651396,0.22156818632913147,-0.3940000000000008,138,39,0,4,0,0,0,40,0,0,0,0,holdout
DROPOUT,AEGIS_V3.0,430030,1,131,1.9749621281266665,0.2499703680376109,0.08649999999999947,91,39,0,1,0,0,0,38,0,0,0,0,holdout
DROPOUT,AEGIS_V3.0,430031,1,156,2.807211227999495,0.22099107280529906,-0.2035000000000009,120,35,0,1,0,0,0,32,0,0,0,0,holdout
DROPOUT,AEGIS_V3.0,430032,1,204,4.304237777476191,0.24705939045272896,-0.49350000000000116,149,54,0,1,0,0,0,50,0,0,0,0,holdout
DROPOUT,AEGIS_V3.0,430033,1,183,3.872043689242036,0.2404345069262758,-0.41000000000000103,141,42,0,0,0,0,0,39,0,0,0,0,holdout
DROPOUT,AEGIS_V3.0,430034,1,137,2.3884577605984525,0.24430236632883115,-0.08000000000000074,108,29,0,0,0,0,0,29,0,0,0,0,holdout
DROPOUT,AEGIS_V3.0,430035,1,163,2.7770757347265422,0.24455856854261743,-0.17750000000000066,116,42,0,5,0,0,0,45,0,0,0,0,holdout
DROPOUT,AEGIS_V3.0,430036,1,220,5.209152463762178,0.24944255386812716,-0.6035000000000013,160,59,0,1,0,0,0,56,0,0,0,0,holdout
DROPOUT,AEGIS_V3.0,430037,1,62,0.6869761792316731,0.24776121045756896,0.5199999999999998,48,14,0,0,0,0,0,10,0,0,0,0,holdout
DROPOUT,AEGIS_V3.0,430038,1,133,2.270609886158296,0.22702261384199945,-0.07400000000000051,106,23,0,4,0,0,0,21,0,0,0,0,holdout
DROPOUT,AEGIS_V3.0,430039,1,196,4.319063625171717,0.22109423109423207,-0.400000000000001,140,56,0,0,0,0,0,52,0,0,0,0,holdout
DROPOUT,AEGIS_V3.0,430040,1,208,4.897326556517834,0.21994216476457995,-0.6045000000000011,158,43,0,7,0,0,0,46,0,0,0,0,holdout
DROPOUT,AEGIS_V3.0,430041,1,98,1.188028673401318,0.23565994579579994,0.2664999999999995,73,24,0,1,0,0,0,23,0,0,0,0,holdout
DROPOUT,AEGIS_V3.0,430042,1,123,1.8167130981929713,0.24203110443576206,0.08999999999999941,91,31,1,0,0,0,1,32,0,0,0,0,holdout
DROPOUT,AEGIS_V3.0,430043,1,221,5.358159691917621,0.23133858604834007,-0.6640000000000013,165,52,0,4,0,0,0,53,0,0,0,0,holdout
DROPOUT,AEGIS_V3.0,430044,1,208,4.802059509328162,0.21366653557935442,-0.5305000000000011,152,53,0,3,0,0,0,54,0,0,0,0,holdout
DROPOUT,AEGIS_V3.0,430045,1,93,1.082782371829206,0.24610635543061368,0.3424999999999998,64,24,0,5,0,0,0,29,0,0,0,0,holdout
DROPOUT,AEGIS_V3.0,430046,1,185,3.815857188153726,0.2262099945776304,-0.37350000000000083,137,47,0,1,0,0,0,46,0,0,0,0,holdout
DROPOUT,AEGIS_V3.0,430047,1,178,3.539238518368768,0.24122306088781312,-0.293500000000001,129,48,0,1,0,0,0,49,0,0,0,0,holdout
DROPOUT,AEGIS_V3.0,430048,1,184,3.5965198445644266,0.24804008458194007,-0.34700000000000086,134,48,0,2,0,0,0,45,0,0,0,0,holdout
DROPOUT,AEGIS_V3.0,430049,1,217,5.246177557102938,0.23930308836588013,-0.6405000000000012,163,51,0,3,0,0,0,53,0,0,0,0,holdout
DROPOUT,AEGIS_V3.0,430050,1,174,3.39938171087274,0.24810457816853823,-0.303500000000001,130,43,0,1,0,0,0,38,0,0,0,0,holdout
DROPOUT,AEGIS_V3.0,430051,1,198,3.8589520653887925,0.21560749162558251,-0.398000000000001,137,53,0,8,0,0,0,60,0,0,0,0,holdout
DROPOUT,AEGIS_V3.0,430052,1,92,1.0865721506263697,0.24290528344743842,0.2959999999999996,69,19,0,4,0,0,0,22,0,0,0,0,holdout
DROPOUT,AEGIS_V3.0,430053,1,188,4.157947284398545,0.24433639829360776,-0.5105000000000011,150,35,0,3,0,0,0,38,0,0,0,0,holdout
DROPOUT,AEGIS_V3.0,430054,1,124,1.8352308566084332,0.24351799271690566,0.08649999999999936,91,32,0,1,0,0,0,31,0,0,0,0,holdout
DROPOUT,AEGIS_V3.0,430055,1,66,0.7574441005525687,0.24403410466869715,0.46999999999999975,53,13,0,0,0,0,0,11,0,0,0,0,holdout
DROPOUT,AEGIS_V3.0,430056,1,145,2.5498587701218858,0.22180402441993324,-0.13700000000000068,113,30,0,2,0,0,0,31,0,0,0,0,holdout
DROPOUT,AEGIS_V3.0,430057,1,119,1.5763703237362412,0.2369713632130833,0.1829999999999995,81,36,0,2,0,0,0,37,0,0,0,0,holdout
DROPOUT,AEGIS_V3.0,430058,1,208,4.3975048462272355,0.21998187980491343,-0.41400000000000103,140,64,0,4,0,0,0,64,0,0,0,0,holdout
DROPOUT,AEGIS_V3.0,430059,1,172,3.210066147320419,0.23851980242388965,-0.3005000000000009,129,40,0,3,0,0,0,40,0,0,0,0,holdout
DROPOUT,AEGIS_V3.0,430060,1,66,0.7251537744422912,0.23809525850980037,0.48999999999999977,51,15,0,0,0,0,0,15,0,0,0,0,holdout
DROPOUT,AEGIS_V3.0,430061,1,135,1.9559821197951104,0.22483982481030668,0.03949999999999931,95,37,0,3,0,0,0,35,0,0,0,0,holdout
DROPOUT,AEGIS_V3.0,430062,1,214,4.972317465336833,0.21910911295800245,-0.6775000000000011,166,43,0,5,0,0,0,46,0,0,0,0,holdout
DROPOUT,AEGIS_V3.0,430063,1,172,2.9749424968375924,0.21984494191350912,-0.24100000000000077,122,44,0,6,0,0,0,47,0,0,0,0,holdout
DROPOUT,AEGIS_V3.0,430064,1,191,4.155478310799274,0.23442699882194917,-0.4035000000000011,140,50,0,1,0,0,0,50,0,0,0,0,holdout
DROPOUT,AEGIS_V3.0,430065,1,142,2.2038108763791504,0.23499024921876493,-0.03750000000000053,102,35,0,5,0,0,0,39,0,0,0,0,holdout
DROPOUT,AEGIS_V3.0,430066,1,149,2.5494712022954733,0.22024320467409603,-0.08350000000000057,108,40,0,1,0,0,0,35,0,0,0,0,holdout
DROPOUT,AEGIS_V3.0,430067,1,213,4.913497830166496,0.21595465785320553,-0.5340000000000014,152,57,0,4,0,0,0,55,0,0,0,0,holdout
DROPOUT,AEGIS_V3.0,430068,1,171,3.376107974475311,0.23948634956463918,-0.27350000000000096,127,43,0,1,0,0,0,40,0,0,0,0,holdout
DROPOUT,AEGIS_V3.0,430069,1,114,1.5209648279019083,0.24604108639016398,0.16649999999999943,83,30,0,1,0,0,0,30,0,0,0,0,holdout
DROPOUT,AEGIS_V3.0,430070,1,157,2.7865914092370847,0.2471646005487702,-0.1205000000000005,111,43,0,3,0,0,0,45,0,0,0,0,holdout
DROPOUT,AEGIS_V3.0,430071,1,160,2.658123952349733,0.2281355792515432,-0.18450000000000077,116,37,0,7,0,0,0,43,0,0,0,0,holdout
DROPOUT,AEGIS_V3.0,430072,1,89,1.0770441963840567,0.24047352547416073,0.30649999999999955,69,19,0,1,0,0,0,18,0,0,0,0,holdout
DROPOUT,AEGIS_V3.0,430073,1,104,1.4298477053961385,0.2479223377068832,0.21999999999999953,78,26,0,0,0,0,0,25,0,0,0,0,holdout
DROPOUT,AEGIS_V3.0,430074,1,216,4.967557681649181,0.24214614288563371,-0.5705000000000013,156,57,0,3,0,0,0,58,0,0,0,0,holdout
DROPOUT,AEGIS_V3.0,430075,1,192,4.102194738768718,0.23502657206100014,-0.4135000000000011,141,50,0,1,0,0,0,48,0,0,0,0,holdout
DROPOUT,AEGIS_V3.0,430076,1,209,4.719567838135807,0.2156282927193794,-0.5475000000000012,153,51,0,5,0,0,0,49,0,0,0,0,holdout
DROPOUT,AEGIS_V3.0,430077,1,164,2.937372703354503,0.2469978415769028,-0.17400000000000082,116,44,0,4,0,0,0,45,0,0,0,0,holdout
DROPOUT,AEGIS_V3.0,430078,1,172,3.5139043985615515,0.2478744955485621,-0.3335000000000008,133,38,0,1,0,0,0,37,0,0,0,0,holdout
DROPOUT,AEGIS_V3.0,430079,1,166,3.6247277500244253,0.2187289142334688,-0.380000000000001,138,28,0,0,0,0,0,28,0,0,0,0,holdout
DROPOUT,AEGIS_V3.0,430080,1,118,1.7745310773185674,0.2497540735641794,0.10649999999999937,89,28,0,1,0,0,0,27,0,0,0,0,holdout
DROPOUT,AEGIS_V3.0,430081,1,216,4.520303774900553,0.22301758197010554,-0.4350000000000007,140,66,0,10,0,0,0,68,0,0,0,0,holdout
DROPOUT,AEGIS_V3.0,430082,1,195,4.117250766414343,0.24222368174605113,-0.410500000000001,140,52,0,3,0,0,0,55,0,0,0,0,holdout
DROPOUT,AEGIS_V3.0,430083,1,68,0.6512819534239134,0.24192926112686436,0.5629999999999997,43,23,0,2,0,0,0,24,0,0,0,0,holdout
DROPOUT,AEGIS_V3.0,430084,1,139,2.224893967361308,0.2320394441718526,0.0029999999999993365,99,38,0,2,0,0,0,36,0,0,0,0,holdout
DROPOUT,AEGIS_V3.0,430085,1,197,4.436258425408091,0.22610567758461259,-0.4135000000000011,141,55,0,1,0,0,0,54,0,0,0,0,holdout
DROPOUT,AEGIS_V3.0,430086,1,173,3.219977521696684,0.2495216828527983,-0.2535000000000007,125,47,0,1,0,0,0,46,0,0,0,0,holdout
DROPOUT,AEGIS_V3.0,430087,1,187,3.8510599598136257,0.23025198670540067,-0.3705000000000007,136,48,0,3,0,0,0,50,0,0,0,0,holdout
DROPOUT,AEGIS_V3.0,430088,1,234,5.574058711551369,0.24265730047918177,-0.6510000000000014,163,64,1,6,0,0,1,70,0,0,0,0,holdout
DROPOUT,AEGIS_V3.0,430089,1,206,4.270570232783223,0.21183490520305875,-0.42400000000000104,141,61,0,4,0,0,0,61,0,0,0,0,holdout
DROPOUT,AEGIS_V3.0,430090,1,242,6.7640383092743,0.2384946970488879,-0.8675000000000017,185,52,0,5,0,0,0,51,0,0,0,0,holdout
DROPOUT,AEGIS_V3.0,430091,1,68,0.6964931968652226,0.23644525840073619,0.4764999999999997,52,15,0,1,0,0,0,15,0,0,0,0,holdout
DROPOUT,AEGIS_V3.0,430092,1,117,1.5093780074778027,0.24722468964284625,0.21199999999999974,76,33,0,8,0,0,0,40,0,0,0,0,holdout
DROPOUT,AEGIS_V3.0,430093,1,155,2.8227671159087664,0.24183655622084443,-0.14700000000000069,114,39,0,2,0,0,0,39,0,0,0,0,holdout
DROPOUT,AEGIS_V3.0,430094,1,185,3.93980646882563,0.22352844551801732,-0.360000000000001,136,49,0,0,0,0,0,44,0,0,0,0,holdout
DROPOUT,AEGIS_V3.0,430095,1,201,4.329535209747747,0.24790564557172973,-0.487000000000001,148,51,0,2,0,0,0,52,0,0,0,0,holdout
DROPOUT,AEGIS_V3.0,430096,1,100,1.3443772976422506,0.23354625064113504,0.2564999999999996,74,25,0,1,0,0,0,26,0,0,0,0,holdout
DROPOUT,AEGIS_V3.0,430097,1,155,2.6716474383385154,0.22329413063339199,-0.1770000000000007,117,36,0,2,0,0,0,37,0,0,0,0,holdout
DROPOUT,AEGIS_V3.0,430098,1,161,3.047207667330471,0.2484242076819762,-0.2600000000000009,126,35,0,0,0,0,0,34,0,0,0,0,holdout
DROPOUT,AEGIS_V3.0,430099,1,82,0.8638799295647606,0.23887214912870838,0.41949999999999965,57,22,0,3,0,0,0,23,0,0,0,0,holdout
DROPOUT,AEGIS_V3.1,430000,0,111,4.0846978720514056,2.6875845757829566,-0.8320000000000005,83,19,5,5,0,0,0,24,1,0,0,5,holdout
DROPOUT,AEGIS_V3.1,430001,1,128,1.9362800342715638,0.2325556325492638,0.09799999999999942,90,28,6,4,0,0,0,34,0,0,0,6,holdout
DROPOUT,AEGIS_V3.1,430002,1,176,3.3698178166688946,0.23733910086511534,-0.2500000000000009,125,43,6,2,0,0,0,44,0,0,0,6,holdout
DROPOUT,AEGIS_V3.1,430003,0,83,4.009451049570725,3.3495662824303096,-0.5720000000000003,57,13,9,5,0,0,0,23,1,0,0,9,holdout
DROPOUT,AEGIS_V3.1,430004,1,214,5.148414934492122,0.20812027485716292,-0.6410000000000011,164,44,4,2,0,0,0,46,0,1,0,5,holdout
DROPOUT,AEGIS_V3.1,430005,1,160,3.037937109492405,0.2347417663874356,-0.23000000000000087,123,34,3,0,0,0,0,34,0,0,0,3,holdout
DROPOUT,AEGIS_V3.1,430006,0,45,2.2266718552252054,2.0426293560480633,-0.2810000000000001,28,11,3,4,0,0,0,14,1,0,0,4,holdout
DROPOUT,AEGIS_V3.1,430007,0,14,3.326683999093336,3.3093666917546507,-0.07100000000000001,7,4,1,3,0,0,0,6,1,0,0,2,holdout
DROPOUT,AEGIS_V3.1,430008,0,68,4.225235610223816,3.82272802464012,-0.4110000000000002,41,19,5,4,0,0,0,24,1,0,0,5,holdout
DROPOUT,AEGIS_V3.1,430009,1,226,4.943364736565158,0.2453011938624383,-0.5810000000000011,158,51,10,7,0,0,0,55,0,0,0,11,holdout
DROPOUT,AEGIS_V3.1,430010,1,224,5.23008311947125,0.22027015776196335,-0.6210000000000011,162,50,6,6,0,0,0,57,0,0,0,6,holdout
DROPOUT,AEGIS_V3.1,430011,1,201,4.6700265171365825,0.23401111529839955,-0.5400000000000011,154,42,1,4,0,0,0,45,0,0,0,2,holdout
DROPOUT,AEGIS_V3.1,430012,0,94,5.442275898541089,4.458406529622389,-0.7110000000000004,71,18,2,4,0,0,0,22,1,0,0,3,holdout
DROPOUT,AEGIS_V3.1,430013,1,152,2.4544872120768604,0.24924220121825788,-0.020000000000000684,102,41,6,3,0,0,0,47,0,0,0,6,holdout
DROPOUT,AEGIS_V3.1,430014,0,44,4.495673936613787,4.3179349240200375,-0.25200000000000006,25,10,4,6,0,0,0,18,1,0,0,5,holdout
DROPOUT,AEGIS_V3.1,430015,1,218,5.163412082158645,0.21683457961912414,-0.6210000000000011,162,48,5,3,0,0,0,50,0,0,0,4,holdout
DROPOUT,AEGIS_V3.1,430016,1,166,3.2088049754988135,0.23213018982840591,-0.2800000000000009,128,32,5,1,0,0,0,30,0,0,0,5,holdout
DROPOUT,AEGIS_V3.1,430017,1,193,4.1962647924041985,0.2118052648222904,-0.5100000000000011,151,38,2,2,0,0,0,40,0,0,0,3,holdout
DROPOUT,AEGIS_V3.1,430018,0,33,3.283746134261847,3.192820412358885,-0.19100000000000003,19,8,2,5,0,0,0,13,1,0,0,5,holdout
DROPOUT,AEGIS_V3.1,430019,1,58,0.5441592609090917,0.2489067491356918,0.6399999999999999,36,17,4,1,0,0,0,18,0,0,0,4,holdout
DROPOUT,AEGIS_V3.1,430020,1,209,4.614410012113722,0.2092097221147765,-0.511000000000001,151,52,3,3,0,0,0,53,0,0,0,4,holdout
DROPOUT,AEGIS_V3.1,430021,1,222,5.381199974175502,0.2055771584196129,-0.6410000000000011,164,52,4,2,0,0,0,52,0,0,0,4,holdout
DROPOUT,AEGIS_V3.1,430022,1,86,0.9726061246231265,0.24145964054531768,0.36899999999999966,63,15,4,4,0,0,0,19,0,0,0,4,holdout
DROPOUT,AEGIS_V3.1,430023,1,208,4.799999462903977,0.24722811417191148,-0.5300000000000011,153,47,7,1,0,0,0,47,0,1,0,7,holdout
DROPOUT,AEGIS_V3.1,430024,1,179,3.7621577760215104,0.21175083765660035,-0.390000000000001,139,32,5,3,0,0,0,35,0,0,0,5,holdout
DROPOUT,AEGIS_V3.1,430025,1,183,3.575511070040966,0.22810692454911127,-0.33000000000000096,133,44,4,2,0,0,0,45,0,0,0,5,holdout
DROPOUT,AEGIS_V3.1,430026,1,156,2.874532845500571,0.24243821664577478,-0.20000000000000084,120,30,4,2,0,0,0,34,0,1,0,4,holdout
DROPOUT,AEGIS_V3.1,430027,1,181,3.873593422323298,0.24976742267922056,-0.400000000000001,140,39,1,1,0,0,0,39,0,1,0,1,holdout
DROPOUT,AEGIS_V3.1,430028,0,130,2.586058562116732,0.8448370210151547,-0.8810000000000006,88,36,3,4,0,0,0,39,1,0,0,3,holdout
DROPOUT,AEGIS_V3.1,430029,1,184,3.7136795549651396,0.22161648325727998,-0.3710000000000009,137,38,5,4,0,0,0,42,0,1,0,5,holdout
DROPOUT,AEGIS_V3.1,430030,1,137,1.9749621281266665,0.2291442653302512,0.09999999999999942,90,40,5,2,0,0,0,40,0,0,0,5,holdout
DROPOUT,AEGIS_V3.1,430031,1,160,2.807211227999495,0.23062659116800566,-0.19100000000000072,119,32,6,3,0,0,0,33,0,0,0,7,holdout
DROPOUT,AEGIS_V3.1,430032,0,12,4.304237777476191,4.290102319410919,-0.061000000000000006,6,4,0,3,0,0,0,5,1,0,0,1,holdout
DROPOUT,AEGIS_V3.1,430033,1,188,3.872043689242036,0.22231687022612512,-0.41000000000000103,141,40,5,2,0,0,0,40,0,0,0,5,holdout
DROPOUT,AEGIS_V3.1,430034,1,139,2.3884577605984525,0.24997911043615567,-0.08000000000000074,108,28,2,1,0,0,0,30,0,1,0,3,holdout
DROPOUT,AEGIS_V3.1,430035,1,165,2.7770757347265422,0.2445803081249671,-0.14100000000000068,114,40,7,4,0,0,0,45,0,0,0,7,holdout
DROPOUT,AEGIS_V3.1,430036,1,218,5.209152463762178,0.2440861416650128,-0.6200000000000012,162,55,1,0,0,0,0,54,0,0,0,1,holdout
DROPOUT,AEGIS_V3.1,430037,1,63,0.6869761792316731,0.2439013638593789,0.4999999999999998,50,12,1,0,0,0,0,10,0,0,0,1,holdout
DROPOUT,AEGIS_V3.1,430038,1,135,2.270609886158296,0.23559417975255204,-0.06100000000000061,106,24,3,2,0,0,0,21,0,0,0,3,holdout
DROPOUT,AEGIS_V3.1,430039,1,199,4.319063625171717,0.2250887272088336,-0.41000000000000103,141,51,5,2,0,0,0,52,0,0,0,6,holdout
DROPOUT,AEGIS_V3.1,430040,0,85,4.897326556517834,4.197677719522714,-0.6210000000000003,62,15,6,3,0,0,0,17,1,0,0,6,holdout
DROPOUT,AEGIS_V3.1,430041,1,105,1.188028673401318,0.23957468227728326,0.2889999999999996,71,21,9,4,0,0,0,24,0,0,0,11,holdout
DROPOUT,AEGIS_V3.1,430042,1,126,1.8167130981929713,0.237036659827067,0.10999999999999943,89,33,4,0,0,0,0,34,0,0,0,3,holdout
DROPOUT,AEGIS_V3.1,430043,0,50,5.358159691917621,5.10819636638595,-0.34200000000000014,34,11,1,5,0,0,0,15,1,0,0,3,holdout
DROPOUT,AEGIS_V3.1,430044,1,209,4.802059509328162,0.2231975082655013,-0.5200000000000011,152,51,3,3,0,0,0,54,0,0,0,3,holdout
DROPOUT,AEGIS_V3.1,430045,0,85,1.082782371829206,0.39176704579266625,-0.5910000000000003,59,21,2,4,0,0,0,26,1,0,0,2,holdout
DROPOUT,AEGIS_V3.1,430046,1,190,3.815857188153726,0.24655094594053087,-0.370000000000001,137,46,5,2,0,0,0,46,0,0,0,5,holdout
DROPOUT,AEGIS_V3.1,430047,1,182,3.539238518368768,0.23481277420081748,-0.2800000000000009,128,47,5,2,0,0,0,51,0,0,0,6,holdout
DROPOUT,AEGIS_V3.1,430048,1,185,3.5965198445644266,0.24499681344409188,-0.350000000000001,135,41,6,3,0,0,0,45,0,0,0,8,holdout
DROPOUT,AEGIS_V3.1,430049,1,219,5.246177557102938,0.21001636405567126,-0.6210000000000011,162,52,2,3,0,0,0,54,0,0,0,2,holdout
DROPOUT,AEGIS_V3.1,430050,0,48,3.39938171087274,3.17394466356983,-0.3110000000000001,31,11,4,3,0,0,0,14,1,0,0,4,holdout
DROPOUT,AEGIS_V3.1,430051,1,198,3.8589520653887925,0.22181921769912427,-0.35300000000000087,135,49,5,9,0,0,0,60,0,0,0,7,holdout
DROPOUT,AEGIS_V3.1,430052,1,93,1.0865721506263697,0.24224963966290686,0.3189999999999996,68,15,6,4,0,0,0,22,0,0,0,7,holdout
DROPOUT,AEGIS_V3.1,430053,1,196,4.157947284398545,0.24837355482819007,-0.471000000000001,147,37,9,3,0,0,0,41,0,0,0,9,holdout
DROPOUT,AEGIS_V3.1,430054,1,131,1.8352308566084332,0.23442380551254824,0.09999999999999942,90,32,6,3,0,0,0,32,0,0,0,7,holdout
DROPOUT,AEGIS_V3.1,430055,1,70,0.7574441005525687,0.23854088946096666,0.46999999999999975,53,12,5,0,0,0,0,11,0,0,0,5,holdout
DROPOUT,AEGIS_V3.1,430056,1,147,2.5498587701218858,0.22857160077914437,-0.12000000000000077,112,29,4,2,0,0,0,32,0,0,0,4,holdout
DROPOUT,AEGIS_V3.1,430057,0,20,1.5763703237362412,1.5415312409965753,-0.10099999999999998,10,6,2,3,0,0,0,10,1,0,0,2,holdout
DROPOUT,AEGIS_V3.1,430058,1,206,4.3975048462272355,0.2197159430317008,-0.4110000000000009,141,59,2,4,0,0,0,62,0,0,0,2,holdout
DROPOUT,AEGIS_V3.1,430059,1,178,3.210066147320419,0.24538640406684536,-0.2510000000000008,125,40,8,5,0,0,0,42,0,0,0,8,holdout
DROPOUT,AEGIS_V3.1,430060,1,71,0.7251537744422912,0.23733785462848445,0.5099999999999998,49,16,5,1,0,0,0,16,0,0,0,6,holdout
DROPOUT,AEGIS_V3.1,430061,1,134,1.9559821197951104,0.23442724928258463,0.057999999999999385,94,30,5,5,0,0,0,35,0,0,0,5,holdout
DROPOUT,AEGIS_V3.1,430062,0,7,4.972317465336833,4.966678904335618,-0.031,3,1,1,3,0,0,0,2,1,0,0,2,holdout
DROPOUT,AEGIS_V3.1,430063,0,26,2.9749424968375924,2.9079554455840535,-0.171,17,6,1,3,0,0,0,10,1,0,0,2,holdout
DROPOUT,AEGIS_V3.1,430064,1,196,4.155478310799274,0.2132357596735272,-0.390000000000001,139,51,3,3,0,0,0,52,0,0,0,4,holdout
DROPOUT,AEGIS_V3.1,430065,1,146,2.2038108763791504,0.24414349509294753,0.01899999999999935,98,36,5,7,0,0,0,42,0,0,0,6,holdout
DROPOUT,AEGIS_V3.1,430066,1,149,2.5494712022954733,0.23268656375898353,-0.09100000000000064,109,34,3,3,0,0,0,35,0,0,0,3,holdout
DROPOUT,AEGIS_V3.1,430067,0,172,4.913497830166496,1.918260544805142,-1.2310000000000008,123,42,4,4,0,0,0,43,1,0,0,4,holdout
DROPOUT,AEGIS_V3.1,430068,1,178,3.376107974475311,0.24505463291265842,-0.2510000000000008,125,43,7,3,0,0,0,44,0,0,0,9,holdout
DROPOUT,AEGIS_V3.1,430069,1,116,1.5209648279019083,0.22768828907924007,0.16999999999999948,83,29,3,1,0,0,0,30,0,0,0,3,holdout
DROPOUT,AEGIS_V3.1,430070,1,159,2.7865914092370847,0.24607291651704954,-0.09000000000000075,109,44,3,3,0,0,0,47,0,0,0,4,holdout
DROPOUT,AEGIS_V3.1,430071,0,11,2.658123952349733,2.6485383243224314,-0.051000000000000004,5,4,0,3,0,0,0,7,1,0,0,0,holdout
DROPOUT,AEGIS_V3.1,430072,1,90,1.0770441963840567,0.2449092099772778,0.3199999999999996,68,18,3,1,0,0,0,18,0,0,0,3,holdout
DROPOUT,AEGIS_V3.1,430073,1,108,1.4298477053961385,0.23565915453815472,0.20999999999999952,79,24,5,0,0,0,0,25,0,0,0,5,holdout
DROPOUT,AEGIS_V3.1,430074,1,217,4.967557681649181,0.23696561102275926,-0.5600000000000012,156,53,4,4,0,0,0,59,0,1,0,4,holdout
DROPOUT,AEGIS_V3.1,430075,1,193,4.102194738768718,0.2481363077445549,-0.41000000000000103,141,47,4,1,0,0,0,48,0,0,0,4,holdout
DROPOUT,AEGIS_V3.1,430076,1,207,4.719567838135807,0.24392190612012085,-0.5220000000000009,152,45,5,5,0,0,0,49,0,0,0,5,holdout
DROPOUT,AEGIS_V3.1,430077,0,24,2.937372703354503,2.883831468389941,-0.151,15,5,2,3,0,0,0,7,1,0,0,3,holdout
DROPOUT,AEGIS_V3.1,430078,1,174,3.5139043985615515,0.24097001225509782,-0.33000000000000096,133,37,3,1,0,0,0,38,0,0,0,3,holdout
DROPOUT,AEGIS_V3.1,430079,1,174,3.6247277500244253,0.24006690525799668,-0.370000000000001,137,28,8,1,0,0,0,29,0,0,0,9,holdout
DROPOUT,AEGIS_V3.1,430080,1,119,1.7745310773185674,0.2267816922098114,0.11899999999999944,88,27,1,3,0,0,0,29,0,1,0,1,holdout
DROPOUT,AEGIS_V3.1,430081,1,218,4.520303774900553,0.2467742351638691,-0.384000000000001,138,65,4,11,0,0,0,69,0,0,0,5,holdout
DROPOUT,AEGIS_V3.1,430082,1,197,4.117250766414343,0.23930132197735088,-0.380000000000001,138,51,5,3,0,0,0,55,0,0,0,5,holdout
DROPOUT,AEGIS_V3.1,430083,1,69,0.6512819534239134,0.24217120788735452,0.5689999999999997,43,17,5,4,0,0,0,24,0,0,0,7,holdout
DROPOUT,AEGIS_V3.1,430084,1,141,2.224893967361308,0.23599154670434486,0.02999999999999936,97,36,5,3,0,0,0,37,0,0,0,5,holdout
DROPOUT,AEGIS_V3.1,430085,1,199,4.436258425408091,0.2414343707049319,-0.400000000000001,140,54,3,2,0,0,0,55,0,0,0,3,holdout
DROPOUT,AEGIS_V3.1,430086,1,179,3.219977521696684,0.23605232519041608,-0.24000000000000088,124,45,7,3,0,0,0,48,0,0,0,8,holdout
DROPOUT,AEGIS_V3.1,430087,1,190,3.8510599598136257,0.22818581301002672,-0.35100000000000087,135,48,4,3,0,0,0,51,0,0,0,4,holdout
DROPOUT,AEGIS_V3.1,430088,1,236,5.574058711551369,0.20829695528285888,-0.6210000000000011,162,61,6,7,0,0,0,70,0,0,0,6,holdout
DROPOUT,AEGIS_V3.1,430089,1,205,4.270570232783223,0.24720808885065207,-0.4010000000000009,140,58,2,5,0,0,0,61,0,0,0,2,holdout
DROPOUT,AEGIS_V3.1,430090,0,243,6.7640383092743,0.2686710594351403,-1.8420000000000012,184,47,6,7,0,0,0,53,1,0,0,6,holdout
DROPOUT,AEGIS_V3.1,430091,1,69,0.6964931968652226,0.23919683377847448,0.4999999999999998,50,14,4,1,0,0,0,15,0,0,0,4,holdout
DROPOUT,AEGIS_V3.1,430092,0,97,1.5093780074778027,0.722895212416336,-0.5830000000000003,58,27,4,9,0,0,0,33,1,0,0,6,holdout
DROPOUT,AEGIS_V3.1,430093,0,40,2.8227671159087664,2.6650246435577345,-0.2710000000000001,27,8,2,4,0,0,0,10,1,0,0,5,holdout
DROPOUT,AEGIS_V3.1,430094,1,184,3.93980646882563,0.24288347235985516,-0.360000000000001,136,47,1,0,0,0,0,44,0,0,0,1,holdout
DROPOUT,AEGIS_V3.1,430095,0,114,4.329535209747747,3.1124161746187866,-0.7810000000000005,78,27,6,4,0,0,0,33,1,0,0,7,holdout
DROPOUT,AEGIS_V3.1,430096,1,102,1.3443772976422506,0.24908491728909893,0.2699999999999996,73,24,3,2,0,0,0,26,0,0,0,3,holdout
DROPOUT,AEGIS_V3.1,430097,0,85,2.6716474383385154,1.9739344710395232,-0.5610000000000003,56,19,7,4,0,0,0,27,1,0,0,7,holdout
DROPOUT,AEGIS_V3.1,430098,1,164,3.047207667330471,0.23279085257518362,-0.2700000000000009,127,32,4,1,0,0,0,34,0,0,0,4,holdout
DROPOUT,AEGIS_V3.1,430099,1,83,0.8638799295647606,0.23726854728036736,0.44999999999999973,55,19,6,3,0,0,0,24,0,0,0,6,holdout
DRIFT,AEGIS_V3.0,440000,0,300,2.5288143225924267,4.405686373875071,-1.130999999999995,20,14,0,266,0,0,267,267,0,0,0,0,holdout
DRIFT,AEGIS_V3.0,440001,0,300,2.346416527367341,4.356694899770583,-1.1484999999999952,20,9,0,271,0,0,271,271,0,0,0,0,holdout
DRIFT,AEGIS_V3.0,440002,0,300,2.530085767956604,4.495629685095964,-1.120999999999995,19,15,0,266,0,0,266,266,0,0,0,0,holdout
DRIFT,AEGIS_V3.0,440003,0,300,4.095569167107912,6.003514198273418,-1.134499999999995,20,13,0,267,0,0,268,268,0,0,0,0,holdout
DRIFT,AEGIS_V3.0,440004,0,300,3.303265690851244,5.313792358284777,-1.127999999999995,19,13,0,268,0,0,269,269,0,0,0,0,holdout
DRIFT,AEGIS_V3.0,440005,0,300,3.926966172706141,5.069355454772906,-1.196999999999996,28,10,0,262,0,0,265,265,0,0,0,0,holdout
DRIFT,AEGIS_V3.0,440006,0,300,5.953084774853241,7.9088463590996945,-1.141499999999995,20,11,0,269,0,0,269,269,0,0,0,0,holdout
DRIFT,AEGIS_V3.0,440007,0,300,2.911292880145905,4.586991099498511,-1.1439999999999952,22,14,0,264,0,0,270,270,0,0,0,0,holdout
DRIFT,AEGIS_V3.0,440008,0,300,1.9059827177779922,4.050323184461793,-1.124999999999995,18,12,0,270,0,0,271,271,0,0,0,0,holdout
DRIFT,AEGIS_V3.0,440009,0,300,1.0777115991296025,3.0022505623248463,-1.137999999999995,20,12,0,268,0,0,269,269,0,0,0,0,holdout
DRIFT,AEGIS_V3.0,440010,0,300,4.21128394428829,6.221820300063409,-1.127999999999995,19,13,0,268,0,0,269,269,0,0,0,0,holdout
DRIFT,AEGIS_V3.0,440011,0,300,3.5587552839722987,4.885672235803986,-1.200999999999996,27,7,0,266,0,0,269,269,0,0,0,0,holdout
DRIFT,AEGIS_V3.0,440012,0,300,1.4649173105033195,3.1039252615690547,-1.1609999999999954,23,11,0,266,0,0,269,269,0,0,0,0,holdout
DRIFT,AEGIS_V3.0,440013,0,300,0.9715223239450506,2.238329768623221,-1.190499999999996,27,10,0,263,0,0,267,267,0,0,0,0,holdout
DRIFT,AEGIS_V3.0,440014,0,300,3.8012580392253144,4.715792445250004,-1.2269999999999965,31,7,0,262,0,0,267,267,0,0,0,0,holdout
DRIFT,AEGIS_V3.0,440015,0,300,6.280642094023264,8.2179332150654,-1.137999999999995,20,12,0,268,0,0,270,270,0,0,0,0,holdout
DRIFT,AEGIS_V3.0,440016,0,300,4.447378300660689,6.44117645563554,-1.124499999999995,19,14,0,267,0,0,270,270,0,0,0,0,holdout
DRIFT,AEGIS_V3.0,440017,0,300,2.9335318230623644,4.840086738303895,-1.134499999999995,20,13,0,267,0,0,269,269,0,0,0,0,holdout
DRIFT,AEGIS_V3.0,440018,0,300,5.042386602481603,7.107328324113381,-1.1349999999999951,19,11,0,270,0,0,270,270,0,0,0,0,holdout
DRIFT,AEGIS_V3.0,440019,0,300,2.035172417860974,3.671447046399992,-1.1814999999999958,24,6,1,269,0,0,269,269,0,0,0,0,holdout
DRIFT,AEGIS_V3.0,440020,0,300,4.3897746400857764,6.063261216264027,-1.1439999999999952,22,14,0,264,0,0,269,269,0,0,0,0,holdout
DRIFT,AEGIS_V3.0,440021,0,300,3.1523908366918936,4.764844622054748,-1.1779999999999957,24,8,0,268,0,0,270,270,0,0,0,0,holdout
DRIFT,AEGIS_V3.0,440022,0,300,1.137362964092447,3.252434266070978,-1.1214999999999948,18,13,0,269,0,0,270,270,0,0,0,0,holdout
DRIFT,AEGIS_V3.0,440023,0,300,1.6149338546384155,3.4676878498806,-1.1479999999999952,21,11,0,268,0,0,268,268,0,0,0,0,holdout
DRIFT,AEGIS_V3.0,440024,0,300,3.899845893897731,5.467788259862961,-1.1504999999999952,23,14,0,263,0,0,266,266,0,0,0,0,holdout
DRIFT,AEGIS_V3.0,440025,0,300,4.902380413224948,6.539427821834762,-1.1609999999999954,23,11,0,266,0,0,269,269,0,0,0,0,holdout
DRIFT,AEGIS_V3.0,440026,0,300,1.7579864180032092,3.5819242639491002,-1.1649999999999956,22,8,0,270,0,0,271,271,0,0,0,0,holdout
DRIFT,AEGIS_V3.0,440027,0,300,4.07336976431941,6.120506104006488,-1.131499999999995,19,10,2,269,0,0,273,273,0,0,0,0,holdout
DRIFT,AEGIS_V3.0,440028,0,300,4.548636724153549,5.984521808308535,-1.1739999999999957,25,11,0,264,0,0,268,268,0,0,0,0,holdout
DRIFT,AEGIS_V3.0,440029,0,300,6.067354534133874,7.838406988781328,-1.1784999999999957,23,6,0,271,0,0,271,271,0,0,0,0,holdout
DRIFT,AEGIS_V3.0,440030,0,300,6.70456710580271,8.792731115644433,-1.1589999999999954,20,6,0,274,0,0,274,274,0,0,0,0,holdout
DRIFT,AEGIS_V3.0,440031,0,300,5.169010839275965,7.394786835311442,-1.1149999999999947,17,13,0,270,0,0,270,270,0,0,0,0,holdout
DRIFT,AEGIS_V3.0,440032,0,300,3.9016832236734778,5.924061345980395,-1.1074999999999946,18,15,2,265,0,0,268,268,0,0,0,0,holdout
DRIFT,AEGIS_V3.0,440033,0,300,5.355345491437391,7.159634726238128,-1.1409999999999951,21,12,1,266,0,0,267,267,0,0,0,0,holdout
DRIFT,AEGIS_V3.0,440034,0,300,3.976931920842629,5.564581679211356,-1.1744999999999957,24,9,0,267,0,0,268,268,0,0,0,0,holdout
DRIFT,AEGIS_V3.0,440035,0,300,4.360121482709605,6.267800835920816,-1.134499999999995,20,13,0,267,0,0,271,271,0,0,0,0,holdout
DRIFT,AEGIS_V3.0,440036,0,300,4.90194294486579,6.598257348337799,-1.1474999999999953,22,13,0,265,0,0,266,266,0,0,0,0,holdout
DRIFT,AEGIS_V3.0,440037,0,300,5.16717581154255,7.235426578371098,-1.1349999999999951,19,11,0,270,0,0,271,271,0,0,0,0,holdout
DRIFT,AEGIS_V3.0,440038,0,300,4.2095874360675785,5.777516154579973,-1.1504999999999952,23,14,0,263,0,0,266,266,0,0,0,0,holdout
DRIFT,AEGIS_V3.0,440039,1,52,0.4757769683424777,0.24911896783507065,0.7174999999999999,23,13,1,15,2,0,22,22,0,0,0,0,holdout
DRIFT,AEGIS_V3.0,440040,0,300,4.813835215333129,6.245492315226798,-1.1739999999999957,25,11,0,264,0,0,270,270,0,0,0,0,holdout
DRIFT,AEGIS_V3.0,440041,0,300,4.199334599640112,6.347957631697488,-1.124999999999995,18,12,0,270,0,0,270,270,0,0,0,0,holdout
DRIFT,AEGIS_V3.0,440042,0,300,4.639766372017553,5.728062324399653,-1.2104999999999964,29,8,0,263,0,0,269,269,0,0,0,0,holdout
DRIFT,AEGIS_V3.0,440043,0,300,3.4229462611250643,5.647236067898042,-1.1149999999999947,17,13,0,270,0,0,270,270,0,0,0,0,holdout
DRIFT,AEGIS_V3.0,440044,0,300,0.9594641640823899,2.663728088410395,-1.1679999999999955,23,9,0,268,0,0,269,269,0,0,0,0,holdout
DRIFT,AEGIS_V3.0,440045,0,300,2.5650832707391187,4.605934882938234,-1.131499999999995,19,12,0,269,0,0,271,271,0,0,0,0,holdout
DRIFT,AEGIS_V3.0,440046,0,300,3.642627968570282,5.308473168644093,-1.1644999999999954,23,10,0,267,0,0,269,269,0,0,0,0,holdout
DRIFT,AEGIS_V3.0,440047,0,300,2.904521338488598,4.593979141633238,-1.1474999999999953,22,13,0,265,0,0,266,266,0,0,0,0,holdout
DRIFT,AEGIS_V3.0,440048,0,300,4.509783945861227,6.308605778104179,-1.1614999999999955,22,9,0,269,0,0,271,271,0,0,0,0,holdout
DRIFT,AEGIS_V3.0,440049,0,300,2.709654976090539,3.9916778752403004,-1.193999999999996,27,9,0,264,0,0,270,270,0,0,0,0,holdout
DRIFT,AEGIS_V3.0,440050,0,300,4.857766815135093,6.892786967710927,-1.1519999999999953,20,8,0,272,0,0,273,273,0,0,0,0,holdout
DRIFT,AEGIS_V3.0,440051,0,300,3.954879686603004,6.230197649060388,-1.1219999999999948,17,11,0,272,0,0,272,272,0,0,0,0,holdout
DRIFT,AEGIS_V3.0,440052,0,300,1.48866046709557,3.420080134169333,-1.1174999999999948,19,15,1,265,0,0,268,268,0,0,0,0,holdout
DRIFT,AEGIS_V3.0,440053,0,300,3.4815115205620697,5.334323311818843,-1.1479999999999952,21,11,0,268,0,0,270,270,0,0,0,0,holdout
DRIFT,AEGIS_V3.0,440054,0,300,2.5410602887115825,4.660061906374288,-1.1214999999999948,18,13,0,269,0,0,268,268,0,0,0,0,holdout
DRIFT,AEGIS_V3.0,440055,0,300,4.361199559293063,6.643701439238316,-1.1219999999999948,17,11,0,272,0,0,271,271,0,0,0,0,holdout
DRIFT,AEGIS_V3.0,440056,0,300,1.939625315294033,3.3661385749509476,-1.1944999999999961,26,7,0,267,0,0,271,271,0,0,0,0,holdout
DRIFT,AEGIS_V3.0,440057,0,300,4.109226244198172,5.854155739198237,-1.1544999999999954,22,11,0,267,0,0,270,270,0,0,0,0,holdout
DRIFT,AEGIS_V3.0,440058,0,300,4.902523736222076,6.176836249218578,-1.193999999999996,27,9,0,264,0,0,269,269,0,0,0,0,holdout
DRIFT,AEGIS_V3.0,440059,0,300,5.638484657816429,7.677264078347645,-1.1109999999999947,18,16,0,266,0,0,268,268,0,0,0,0,holdout
DRIFT,AEGIS_V3.0,440060,0,300,5.157178990389843,7.139933411419155,-1.1449999999999951,20,10,0,270,0,0,272,272,0,0,0,0,holdout
DRIFT,AEGIS_V3.0,440061,0,300,3.6538610411307118,5.503903398588328,-1.1479999999999952,21,11,0,268,0,0,269,269,0,0,0,0,holdout
DRIFT,AEGIS_V3.0,440062,0,300,4.06865916474624,5.658672432499523,-1.1744999999999957,24,9,0,267,0,0,270,270,0,0,0,0,holdout
DRIFT,AEGIS_V3.0,440063,0,300,2.8403278283653264,5.038885541267886,-1.1114999999999946,17,14,0,269,0,0,269,269,0,0,0,0,holdout
DRIFT,AEGIS_V3.0,440064,0,300,5.769027170935696,7.3317399849887375,-1.1709999999999956,24,8,2,266,0,0,271,271,0,0,0,0,holdout
DRIFT,AEGIS_V3.0,440065,0,300,4.428336302013598,6.070637395052585,-1.1609999999999954,23,10,1,266,0,0,268,268,0,0,0,0,holdout
DRIFT,AEGIS_V3.0,440066,0,300,5.009463489858602,6.99274100536639,-1.1449999999999951,20,10,0,270,0,0,270,270,0,0,0,0,holdout
DRIFT,AEGIS_V3.0,440067,0,300,2.7301941569582344,4.0836649736499515,-1.183999999999996,26,10,0,264,0,0,267,267,0,0,0,0,holdout
DRIFT,AEGIS_V3.0,440068,0,300,2.6279289957779186,4.397933191238127,-1.137499999999995,21,14,0,265,0,0,268,268,0,0,0,0,holdout
DRIFT,AEGIS_V3.0,440069,0,300,3.800474157391337,5.600874281715702,-1.1614999999999955,22,9,0,269,0,0,272,272,0,0,0,0,holdout
DRIFT,AEGIS_V3.0,440070,0,300,3.4975312165544246,5.2123682135475775,-1.1714999999999955,23,8,0,269,0,0,270,270,0,0,0,0,holdout
DRIFT,AEGIS_V3.0,440071,0,300,4.627906142215428,6.427790485740431,-1.1409999999999951,21,12,1,266,0,0,271,271,0,0,0,0,holdout
DRIFT,AEGIS_V3.0,440072,0,300,3.9757521899353625,5.445325927320107,-1.1569999999999954,24,14,0,262,0,0,266,266,0,0,0,0,holdout
DRIFT,AEGIS_V3.0,440073,0,300,6.15335352204774,8.381196681922747,-1.1149999999999947,17,13,0,270,0,0,272,272,0,0,0,0,holdout
DRIFT,AEGIS_V3.0,440074,0,300,0.7700335138508164,2.75842633772932,-1.124499999999995,19,14,0,267,0,0,271,271,0,0,0,0,holdout
DRIFT,AEGIS_V3.0,440075,0,300,2.3290971606516884,4.024320474590935,-1.1679999999999955,23,9,0,268,0,0,269,269,0,0,0,0,holdout
DRIFT,AEGIS_V3.0,440076,0,300,1.649602338449038,3.6071046792345776,-1.141499999999995,20,11,0,269,0,0,269,269,0,0,0,0,holdout
DRIFT,AEGIS_V3.0,440077,0,300,3.3937144263708854,4.875382071242177,-1.1809999999999958,25,9,0,266,0,0,269,269,0,0,0,0,holdout
DRIFT,AEGIS_V3.0,440078,0,300,3.7137701124905926,5.404723701451607,-1.1679999999999955,23,9,0,268,0,0,272,272,0,0,0,0,holdout
DRIFT,AEGIS_V3.0,440079,0,300,0.787226752211961,2.4212741140952145,-1.1744999999999957,24,9,0,267,0,0,268,268,0,0,0,0,holdout
DRIFT,AEGIS_V3.0,440080,0,300,1.7466045819305072,3.336647955431457,-1.1744999999999957,24,9,0,267,0,0,269,269,0,0,0,0,holdout
DRIFT,AEGIS_V3.0,440081,0,300,3.953569740707902,5.9110962311633735,-1.141499999999995,20,10,1,269,0,0,272,272,0,0,0,0,holdout
DRIFT,AEGIS_V3.0,440082,0,300,5.933443055991127,7.78802209716463,-1.1479999999999952,21,11,0,268,0,0,271,271,0,0,0,0,holdout
DRIFT,AEGIS_V3.0,440083,1,62,0.5378779940716647,0.24839463849999235,0.6759999999999999,24,14,0,24,0,0,29,29,0,0,0,0,holdout
DRIFT,AEGIS_V3.0,440084,0,300,4.905684362891087,6.651751967719655,-1.1544999999999954,22,11,0,267,0,0,269,269,0,0,0,0,holdout
DRIFT,AEGIS_V3.0,440085,0,300,2.9984384667079924,5.010179545398598,-1.127999999999995,19,13,0,268,0,0,268,268,0,0,0,0,holdout
DRIFT,AEGIS_V3.0,440086,0,300,4.1514066966588405,6.159472742362234,-1.1484999999999952,20,9,0,271,0,0,271,271,0,0,0,0,holdout
DRIFT,AEGIS_V3.0,440087,0,300,4.7167230211678675,5.91972370874892,-1.1834999999999958,27,12,0,261,0,0,265,265,0,0,0,0,holdout
DRIFT,AEGIS_V3.0,440088,0,300,5.667181738209883,7.554842295287029,-1.130999999999995,20,14,0,266,0,0,269,269,0,0,0,0,holdout
DRIFT,AEGIS_V3.0,440089,0,300,3.4583823137217387,5.445596982603367,-1.1449999999999951,20,10,0,270,0,0,271,271,0,0,0,0,holdout
DRIFT,AEGIS_V3.0,440090,0,300,2.399934480838385,3.495300666390547,-1.2104999999999964,29,8,0,263,0,0,268,268,0,0,0,0,holdout
DRIFT,AEGIS_V3.0,440091,0,300,5.118837675327191,7.18224208922057,-1.1349999999999951,19,11,0,270,0,0,270,270,0,0,0,0,holdout
DRIFT,AEGIS_V3.0,440092,0,300,3.190857151640053,4.8865753221259105,-1.1679999999999955,23,9,0,268,0,0,271,271,0,0,0,0,holdout
DRIFT,AEGIS_V3.0,440093,0,300,4.331049350011785,6.452545538789213,-1.1214999999999948,18,13,0,269,0,0,273,273,0,0,0,0,holdout
DRIFT,AEGIS_V3.0,440094,0,300,2.527867214682605,4.191957457280164,-1.1644999999999954,23,9,1,267,0,0,269,269,0,0,0,0,holdout
DRIFT,AEGIS_V3.0,440095,0,300,3.648785412631068,5.1371651439851505,-1.1809999999999958,25,9,0,266,0,0,269,269,0,0,0,0,holdout
DRIFT,AEGIS_V3.0,440096,0,300,4.297349549184755,5.570106891739629,-1.193999999999996,27,9,0,264,0,0,266,266,0,0,0,0,holdout
DRIFT,AEGIS_V3.0,440097,0,300,2.9884278475860104,5.030984552125025,-1.1109999999999947,18,16,0,266,0,0,268,268,0,0,0,0,holdout
DRIFT,AEGIS_V3.0,440098,0,300,1.15581358645313,2.9492287118538822,-1.1409999999999951,21,13,0,266,0,0,269,269,0,0,0,0,holdout
DRIFT,AEGIS_V3.0,440099,0,300,0.9286019021027677,2.8796999036897817,-1.141499999999995,20,11,0,269,0,0,270,270,0,0,0,0,holdout
DRIFT,AEGIS_V3.1,440000,1,134,2.5288143225924267,0.2467084903079587,-0.22000000000000086,122,8,4,0,0,0,0,111,0,109,0,4,holdout
DRIFT,AEGIS_V3.1,440001,1,135,2.346416527367341,0.22342840301277248,-0.19000000000000083,119,8,8,0,0,0,0,112,0,106,0,8,holdout
DRIFT,AEGIS_V3.1,440002,1,138,2.530085767956604,0.23822548400256885,-0.21000000000000085,121,13,4,0,0,0,0,109,0,107,0,4,holdout
DRIFT,AEGIS_V3.1,440003,1,178,4.095569167107912,0.24018245732801036,-0.5700000000000012,157,10,11,0,0,0,1,154,0,150,1,10,holdout
DRIFT,AEGIS_V3.1,440004,1,161,3.303265690851244,0.22028301903569375,-0.43000000000000105,143,14,3,1,0,0,0,133,0,132,0,3,holdout
DRIFT,AEGIS_V3.1,440005,1,178,3.926966172706141,0.23438188603471943,-0.5700000000000012,157,15,5,1,0,0,0,132,0,131,0,5,holdout
DRIFT,AEGIS_V3.1,440006,1,213,5.953084774853241,0.2177213780576107,-0.9800000000000015,198,8,6,1,0,0,0,189,0,187,0,7,holdout
DRIFT,AEGIS_V3.1,440007,1,150,2.911292880145905,0.24448410856198127,-0.32000000000000095,132,9,9,0,0,0,0,121,0,116,0,9,holdout
DRIFT,AEGIS_V3.1,440008,0,20,1.9059827177779922,1.8611133352133136,-0.12099999999999997,12,4,2,3,0,0,0,1,1,1,0,3,holdout
DRIFT,AEGIS_V3.1,440009,1,82,1.0777115991296025,0.23567349041699426,0.24999999999999956,75,5,2,0,0,0,0,57,0,56,0,2,holdout
DRIFT,AEGIS_V3.1,440010,1,176,4.21128394428829,0.22054801873232094,-0.6700000000000013,167,3,6,0,0,0,0,153,0,152,0,6,holdout
DRIFT,AEGIS_V3.1,440011,1,167,3.5587552839722987,0.23176460538132695,-0.4800000000000011,148,9,10,0,0,0,0,132,0,125,0,10,holdout
DRIFT,AEGIS_V3.1,440012,1,100,1.4649173105033195,0.24260885177393812,0.09999999999999942,90,6,3,1,0,0,0,72,0,71,0,3,holdout
DRIFT,AEGIS_V3.1,440013,1,83,0.9715223239450506,0.24350182722642402,0.35999999999999965,64,18,1,0,0,1,0,13,0,12,0,1,holdout
DRIFT,AEGIS_V3.1,440014,1,173,3.8012580392253144,0.23274256514352845,-0.521000000000001,152,13,4,4,0,0,0,111,0,110,0,4,holdout
DRIFT,AEGIS_V3.1,440015,1,227,6.280642094023264,0.21580685620957707,-1.0010000000000012,200,14,11,2,0,0,0,202,0,195,0,11,holdout
DRIFT,AEGIS_V3.1,440016,1,185,4.447378300660689,0.2142318329383415,-0.7000000000000013,170,8,7,0,0,0,0,158,0,153,0,7,holdout
DRIFT,AEGIS_V3.1,440017,1,148,2.9335318230623644,0.24004622778471735,-0.34000000000000097,134,4,9,1,0,0,1,121,0,119,1,9,holdout
DRIFT,AEGIS_V3.1,440018,1,194,5.042386602481603,0.2242730628966735,-0.7800000000000014,178,8,8,0,0,0,1,173,0,169,1,8,holdout
DRIFT,AEGIS_V3.1,440019,1,120,2.035172417860974,0.22308861061766605,-0.08000000000000074,108,7,5,0,0,0,1,93,0,93,1,5,holdout
DRIFT,AEGIS_V3.1,440020,0,33,4.3897746400857764,4.284112447392268,-0.20200000000000004,20,6,3,5,0,0,0,1,1,1,0,6,holdout
DRIFT,AEGIS_V3.1,440021,1,156,3.1523908366918936,0.2391486623949084,-0.3710000000000009,137,8,9,2,0,0,0,129,0,125,0,9,holdout
DRIFT,AEGIS_V3.1,440022,1,92,1.137362964092447,0.23641027052415384,0.22999999999999954,77,8,7,0,0,0,0,69,0,67,0,7,holdout
DRIFT,AEGIS_V3.1,440023,1,107,1.6149338546384155,0.2372947049115365,0.03999999999999937,96,6,4,1,0,0,0,82,0,79,0,4,holdout
DRIFT,AEGIS_V3.1,440024,1,174,3.899845893897731,0.2069492549186,-0.5800000000000012,158,8,7,1,0,0,0,144,0,142,0,7,holdout
DRIFT,AEGIS_V3.1,440025,1,194,4.902380413224948,0.20702589478772113,-0.7700000000000014,177,8,8,1,0,0,0,168,0,167,0,9,holdout
DRIFT,AEGIS_V3.1,440026,1,118,1.7579864180032092,0.2425191621521411,0.02999999999999936,97,8,11,2,0,0,0,93,0,86,0,12,holdout
DRIFT,AEGIS_V3.1,440027,1,180,4.07336976431941,0.2462910348551116,-0.6100000000000012,161,11,7,1,0,0,0,156,0,151,0,7,holdout
DRIFT,AEGIS_V3.1,440028,1,195,4.548636724153549,0.20256007212539298,-0.6910000000000012,169,15,8,3,0,0,0,148,0,145,0,8,holdout
DRIFT,AEGIS_V3.1,440029,1,218,6.067354534133874,0.24359751181807215,-0.9800000000000015,198,9,11,0,0,0,0,190,0,185,0,11,holdout
DRIFT,AEGIS_V3.1,440030,1,223,6.70456710580271,0.23088031074629822,-1.0899999999999994,209,7,7,0,0,0,0,202,0,199,0,7,holdout
DRIFT,AEGIS_V3.1,440031,1,204,5.169010839275965,0.2006189305583584,-0.8400000000000014,184,9,9,2,0,0,0,181,0,179,0,11,holdout
DRIFT,AEGIS_V3.1,440032,1,175,3.9016832236734778,0.23687889829799155,-0.5600000000000012,156,9,9,1,0,0,0,152,0,147,0,10,holdout
DRIFT,AEGIS_V3.1,440033,1,200,5.355345491437391,0.21329623120294278,-0.8700000000000014,187,9,4,0,0,0,0,175,0,173,0,4,holdout
DRIFT,AEGIS_V3.1,440034,1,174,3.976931920842629,0.2082749780527047,-0.5900000000000012,159,10,5,0,0,0,0,143,0,141,0,5,holdout
DRIFT,AEGIS_V3.1,440035,1,181,4.360121482709605,0.21206675990025925,-0.6500000000000012,165,8,7,1,0,0,0,158,0,155,0,7,holdout
DRIFT,AEGIS_V3.1,440036,1,189,4.90194294486579,0.21551114518318926,-0.7900000000000014,179,6,4,0,0,0,0,163,0,162,0,4,holdout
DRIFT,AEGIS_V3.1,440037,1,204,5.16717581154255,0.2118016350643962,-0.8200000000000014,182,12,10,0,0,0,1,176,0,170,1,10,holdout
DRIFT,AEGIS_V3.1,440038,1,179,4.2095874360675785,0.21432766964606503,-0.6400000000000012,164,8,7,0,0,0,0,143,0,140,0,7,holdout
DRIFT,AEGIS_V3.1,440039,1,43,0.4757769683424777,0.24799649923727887,0.6299999999999999,37,5,1,0,0,0,0,4,0,3,0,1,holdout
DRIFT,AEGIS_V3.1,440040,1,197,4.813835215333129,0.24144786288298917,-0.7100000000000013,171,17,9,0,0,0,0,160,0,157,0,9,holdout
DRIFT,AEGIS_V3.1,440041,1,182,4.199334599640112,0.23516347229223347,-0.6200000000000012,162,10,10,0,0,0,0,160,0,155,0,10,holdout
DRIFT,AEGIS_V3.1,440042,1,189,4.639766372017553,0.21894165812466596,-0.7000000000000013,170,12,6,1,0,0,0,132,0,130,0,6,holdout
DRIFT,AEGIS_V3.1,440043,1,165,3.4229462611250643,0.22372801256333885,-0.43000000000000105,143,9,12,1,0,0,1,141,0,133,1,12,holdout
DRIFT,AEGIS_V3.1,440044,1,84,0.9594641640823899,0.24844164688696876,0.34899999999999964,65,9,8,2,0,0,0,49,0,46,0,8,holdout
DRIFT,AEGIS_V3.1,440045,1,140,2.5650832707391187,0.24345928723326277,-0.24000000000000088,124,6,10,0,0,0,0,117,0,111,0,10,holdout
DRIFT,AEGIS_V3.1,440046,1,166,3.642627968570282,0.2448937260846078,-0.4800000000000011,148,5,13,0,0,0,1,141,0,133,1,13,holdout
DRIFT,AEGIS_V3.1,440047,1,148,2.904521338488598,0.23113991556373872,-0.350000000000001,135,5,7,1,0,0,0,124,0,122,0,7,holdout
DRIFT,AEGIS_V3.1,440048,1,186,4.509783945861227,0.20352931816519382,-0.7000000000000013,170,9,6,1,0,0,0,161,0,156,0,7,holdout
DRIFT,AEGIS_V3.1,440049,0,82,2.709654976090539,1.9073522490883505,-0.6010000000000003,60,17,3,3,0,0,0,10,1,9,0,3,holdout
DRIFT,AEGIS_V3.1,440050,1,192,4.857766815135093,0.20179087071320587,-0.7700000000000014,177,8,7,0,0,0,0,166,0,161,0,7,holdout
DRIFT,AEGIS_V3.1,440051,1,174,3.954879686603004,0.22333314273629873,-0.5810000000000011,158,8,6,2,0,0,0,150,0,146,0,7,holdout
DRIFT,AEGIS_V3.1,440052,1,104,1.48866046709557,0.24836847171589446,0.09999999999999942,90,7,7,0,0,0,0,80,0,77,0,7,holdout
DRIFT,AEGIS_V3.1,440053,1,162,3.4815115205620697,0.24483994607029422,-0.43000000000000105,143,9,8,2,0,0,0,135,0,133,0,8,holdout
DRIFT,AEGIS_V3.1,440054,1,138,2.5410602887115825,0.2405300580347453,-0.2510000000000008,125,4,7,2,0,0,0,116,0,114,0,8,holdout
DRIFT,AEGIS_V3.1,440055,0,14,4.361199559293063,4.337633300243404,-0.09099999999999998,9,1,2,3,0,0,0,1,1,1,0,3,holdout
DRIFT,AEGIS_V3.1,440056,1,118,1.939625315294033,0.23505969195284693,-0.05000000000000071,105,6,6,1,0,0,0,89,0,86,0,7,holdout
DRIFT,AEGIS_V3.1,440057,1,172,4.109226244198172,0.23959148208436915,-0.6200000000000012,162,6,4,0,0,0,0,148,0,146,0,4,holdout
DRIFT,AEGIS_V3.1,440058,1,199,4.902523736222076,0.24461988802058446,-0.7600000000000013,176,18,4,1,0,0,0,143,0,141,0,5,holdout
DRIFT,AEGIS_V3.1,440059,0,26,5.638484657816429,5.562371612656738,-0.171,17,4,3,3,0,0,0,2,1,2,0,4,holdout
DRIFT,AEGIS_V3.1,440060,1,193,5.157178990389843,0.2181213194590748,-0.8200000000000014,182,7,4,0,0,0,0,172,0,169,0,4,holdout
DRIFT,AEGIS_V3.1,440061,1,168,3.6538610411307118,0.21595693157090487,-0.5100000000000011,151,9,8,0,0,0,0,144,0,142,0,8,holdout
DRIFT,AEGIS_V3.1,440062,1,183,4.06865916474624,0.24083467984415724,-0.5800000000000012,158,17,7,1,0,0,0,136,0,133,0,8,holdout
DRIFT,AEGIS_V3.1,440063,1,148,2.8403278283653264,0.23523770403739178,-0.30000000000000093,130,7,10,1,0,0,0,128,0,123,0,10,holdout
DRIFT,AEGIS_V3.1,440064,1,211,5.769027170935696,0.24741668612019013,-0.9300000000000015,193,10,7,1,0,0,0,183,0,181,0,7,holdout
DRIFT,AEGIS_V3.1,440065,1,185,4.428336302013598,0.2376456814000135,-0.6600000000000013,166,9,9,1,0,0,0,159,0,155,0,9,holdout
DRIFT,AEGIS_V3.1,440066,1,198,5.009463489858602,0.20713102651109142,-0.7800000000000014,178,9,11,0,0,0,1,176,0,169,1,11,holdout
DRIFT,AEGIS_V3.1,440067,1,144,2.7301941569582344,0.2451296163128375,-0.2700000000000009,127,11,6,0,0,0,0,101,0,98,0,6,holdout
DRIFT,AEGIS_V3.1,440068,1,143,2.6279289957779186,0.2278697043517939,-0.23000000000000087,123,7,12,1,0,0,0,119,0,111,0,12,holdout
DRIFT,AEGIS_V3.1,440069,1,171,3.800474157391337,0.21657036541002384,-0.5400000000000011,154,11,5,1,0,0,0,141,0,138,0,5,holdout
DRIFT,AEGIS_V3.1,440070,1,164,3.4975312165544246,0.24274973850178472,-0.471000000000001,147,8,7,2,0,0,0,140,0,138,0,8,holdout
DRIFT,AEGIS_V3.1,440071,1,186,4.627906142215428,0.20248251633645872,-0.7400000000000013,174,7,5,0,0,0,0,163,0,160,0,5,holdout
DRIFT,AEGIS_V3.1,440072,1,176,3.9757521899353625,0.21917350481540393,-0.5900000000000012,159,9,8,0,0,0,0,149,0,147,0,8,holdout
DRIFT,AEGIS_V3.1,440073,1,218,6.15335352204774,0.2402868962737993,-1.0100000000000011,201,8,9,0,0,0,0,198,0,192,0,9,holdout
DRIFT,AEGIS_V3.1,440074,1,74,0.7700335138508164,0.24614860959493895,0.4399999999999997,56,11,7,0,0,4,0,39,0,33,0,7,holdout
DRIFT,AEGIS_V3.1,440075,1,135,2.3290971606516884,0.24936530910469598,-0.1610000000000007,116,9,8,2,0,0,0,106,0,101,0,8,holdout
DRIFT,AEGIS_V3.1,440076,1,110,1.649602338449038,0.22449176204752203,0.058999999999999386,94,8,6,2,0,0,0,88,0,83,0,7,holdout
DRIFT,AEGIS_V3.1,440077,1,159,3.3937144263708854,0.2148469462768985,-0.4600000000000011,146,10,2,1,0,0,0,116,0,114,0,3,holdout
DRIFT,AEGIS_V3.1,440078,1,170,3.7137701124905926,0.21084424423246956,-0.5100000000000011,151,10,9,0,0,0,0,141,0,137,0,9,holdout
DRIFT,AEGIS_V3.1,440079,1,69,0.787226752211961,0.24453372969018808,0.4199999999999997,58,9,2,0,0,2,0,5,0,5,0,2,holdout
DRIFT,AEGIS_V3.1,440080,1,111,1.7466045819305072,0.24508482975698037,0.008999999999999342,99,5,5,2,0,0,0,86,0,84,0,6,holdout
DRIFT,AEGIS_V3.1,440081,1,171,3.953569740707902,0.22677737778906748,-0.6000000000000012,160,5,6,0,0,0,0,150,0,148,0,6,holdout
DRIFT,AEGIS_V3.1,440082,1,217,5.933443055991127,0.2048481756026468,-0.9610000000000014,196,11,7,3,0,0,0,187,0,185,0,8,holdout
DRIFT,AEGIS_V3.1,440083,1,52,0.5378779940716647,0.24893590305398466,0.5999999999999999,40,6,6,0,0,0,0,21,0,20,0,6,holdout
DRIFT,AEGIS_V3.1,440084,1,193,4.905684362891087,0.22553170270622425,-0.7700000000000014,177,9,6,1,0,0,0,165,0,162,0,6,holdout
DRIFT,AEGIS_V3.1,440085,1,149,2.9984384667079924,0.246718963844235,-0.350000000000001,135,7,7,0,0,0,0,127,0,123,0,7,holdout
DRIFT,AEGIS_V3.1,440086,1,177,4.1514066966588405,0.23276755272722252,-0.6300000000000012,163,3,11,0,0,0,0,155,0,150,0,11,holdout
DRIFT,AEGIS_V3.1,440087,1,189,4.7167230211678675,0.24190622485771016,-0.7310000000000012,173,9,5,2,0,0,0,152,0,149,0,5,holdout
DRIFT,AEGIS_V3.1,440088,1,211,5.667181738209883,0.23553305621991205,-0.9110000000000014,191,11,7,2,0,0,0,184,0,181,0,8,holdout
DRIFT,AEGIS_V3.1,440089,1,167,3.4583823137217387,0.242175229746013,-0.4600000000000011,146,8,11,2,0,0,0,143,0,136,0,12,holdout
DRIFT,AEGIS_V3.1,440090,1,136,2.399934480838385,0.2326769721976342,-0.1500000000000008,115,11,8,2,0,0,0,84,0,80,0,9,holdout
DRIFT,AEGIS_V3.1,440091,1,199,5.118837675327191,0.21319794532706335,-0.7900000000000014,179,9,9,2,0,0,0,175,0,171,0,9,holdout
DRIFT,AEGIS_V3.1,440092,1,158,3.190857151640053,0.22378855546577234,-0.360000000000001,136,17,4,1,0,0,0,104,0,103,0,4,holdout
DRIFT,AEGIS_V3.1,440093,1,182,4.331049350011785,0.21630197649631802,-0.6700000000000013,167,7,6,2,0,0,0,158,0,156,0,6,holdout
DRIFT,AEGIS_V3.1,440094,0,23,2.527867214682605,2.4604696807526385,-0.18100000000000002,18,1,2,3,0,0,0,1,1,1,0,3,holdout
DRIFT,AEGIS_V3.1,440095,1,164,3.648785412631068,0.2329631966237647,-0.5300000000000011,153,6,4,1,0,0,0,134,0,134,0,4,holdout
DRIFT,AEGIS_V3.1,440096,1,183,4.297349549184755,0.23487269455375462,-0.6310000000000011,163,14,4,2,0,0,0,128,0,126,0,4,holdout
DRIFT,AEGIS_V3.1,440097,1,148,2.9884278475860104,0.22404986610869632,-0.380000000000001,138,6,4,0,0,0,0,125,0,122,0,4,holdout
DRIFT,AEGIS_V3.1,440098,1,89,1.15581358645313,0.2469146778438091,0.23999999999999955,76,3,9,1,0,0,0,66,0,62,0,9,holdout
DRIFT,AEGIS_V3.1,440099,0,79,0.9286019021027677,0.26935344559919505,-0.6020000000000003,60,8,7,5,0,4,0,42,1,36,0,9,holdout
CORRELATED_BIAS,AEGIS_V3.0,450000,0,300,4.10067319488849,8.479489658141262,-1.0429999999999937,0,0,2,298,0,0,300,300,0,0,0,0,holdout
CORRELATED_BIAS,AEGIS_V3.0,450001,0,300,4.381161118100394,8.784450622473177,-1.0429999999999937,0,0,2,298,0,0,300,300,0,0,0,0,holdout
CORRELATED_BIAS,AEGIS_V3.0,450002,0,300,3.6419051338205914,8.050449526031818,-1.0429999999999937,0,0,2,298,0,0,300,300,0,0,0,0,holdout
CORRELATED_BIAS,AEGIS_V3.0,450003,0,300,3.598894289285854,7.972915130012289,-1.0429999999999937,0,0,2,298,0,0,300,300,0,0,0,0,holdout
CORRELATED_BIAS,AEGIS_V3.0,450004,0,300,4.815741555366476,9.213616784645609,-1.0429999999999937,0,0,2,298,0,0,300,300,0,0,0,0,holdout
CORRELATED_BIAS,AEGIS_V3.0,450005,0,300,5.7403727248557415,10.159684766668764,-1.0429999999999937,0,0,2,298,0,0,300,300,0,0,0,0,holdout
CORRELATED_BIAS,AEGIS_V3.0,450006,0,300,3.53481887300665,7.954078285051404,-1.0429999999999937,0,0,2,298,0,0,300,300,0,0,0,0,holdout
CORRELATED_BIAS,AEGIS_V3.0,450007,0,300,0.4662370044615806,4.871553763474897,-1.0429999999999937,0,0,2,298,0,0,300,300,0,0,0,0,holdout
CORRELATED_BIAS,AEGIS_V3.0,450008,0,300,3.4280442439092553,7.84736511603663,-1.0429999999999937,0,0,2,298,0,0,300,300,0,0,0,0,holdout
CORRELATED_BIAS,AEGIS_V3.0,450009,0,300,4.0151323013387215,8.432113307654134,-1.0429999999999937,0,0,2,298,0,0,300,300,0,0,0,0,holdout
CORRELATED_BIAS,AEGIS_V3.0,450010,0,300,2.8905616006572967,7.309058410523034,-1.0429999999999937,0,0,2,298,0,0,300,300,0,0,0,0,holdout
CORRELATED_BIAS,AEGIS_V3.0,450011,0,300,2.7240695043768253,7.132569502293772,-1.0429999999999937,0,0,2,298,0,0,300,300,0,0,0,0,holdout
CORRELATED_BIAS,AEGIS_V3.0,450012,0,300,6.011385596138347,10.43070295936684,-1.0429999999999937,0,0,2,298,0,0,300,300,0,0,0,0,holdout
CORRELATED_BIAS,AEGIS_V3.0,450013,0,300,5.175468376448513,9.591404502710317,-1.0429999999999935,0,0,2,298,0,0,300,300,0,0,0,0,holdout
CORRELATED_BIAS,AEGIS_V3.0,450014,0,300,2.7257387340282486,7.143292197928707,-1.0429999999999937,0,0,2,298,0,0,300,300,0,0,0,0,holdout
CORRELATED_BIAS,AEGIS_V3.0,450015,0,300,2.122414378945025,6.5403901035139755,-1.0429999999999937,0,0,2,298,0,0,300,300,0,0,0,0,holdout
CORRELATED_BIAS,AEGIS_V3.0,450016,0,300,4.139966182344063,8.55924393527344,-1.0429999999999937,0,0,2,298,0,0,300,300,0,0,0,0,holdout
CORRELATED_BIAS,AEGIS_V3.0,450017,0,300,5.777761138114689,10.19686396928719,-1.0429999999999937,0,0,2,298,0,0,300,300,0,0,0,0,holdout
CORRELATED_BIAS,AEGIS_V3.0,450018,0,300,4.212168158303496,8.631478640130938,-1.0429999999999937,0,0,2,298,0,0,300,300,0,0,0,0,holdout
CORRELATED_BIAS,AEGIS_V3.0,450019,0,300,1.1528533554593903,5.457577278503774,-1.0429999999999937,0,0,2,298,0,0,300,300,0,0,0,0,holdout
CORRELATED_BIAS,AEGIS_V3.0,450020,0,300,4.667366813330844,9.06976853727557,-1.0429999999999937,0,0,2,298,0,0,300,300,0,0,0,0,holdout
CORRELATED_BIAS,AEGIS_V3.0,450021,0,300,4.4951169571127,8.877779323010442,-1.0429999999999937,0,0,2,298,0,0,300,300,0,0,0,0,holdout
CORRELATED_BIAS,AEGIS_V3.0,450022,0,300,5.373922121818379,9.790091418993525,-1.0429999999999937,0,0,2,298,0,0,300,300,0,0,0,0,holdout
CORRELATED_BIAS,AEGIS_V3.0,450023,0,300,3.5257709217847384,7.926340237294143,-1.0429999999999937,0,0,2,298,0,0,300,300,0,0,0,0,holdout
CORRELATED_BIAS,AEGIS_V3.0,450024,0,300,1.5635641820306885,5.975378786520683,-1.0429999999999937,0,0,2,298,0,0,300,300,0,0,0,0,holdout
CORRELATED_BIAS,AEGIS_V3.0,450025,0,300,2.0320283397584995,6.438105802898912,-1.0429999999999937,0,0,2,298,0,0,300,300,0,0,0,0,holdout
CORRELATED_BIAS,AEGIS_V3.0,450026,0,300,2.3497726852505036,6.713070792609023,-1.0429999999999937,0,0,2,298,0,0,300,300,0,0,0,0,holdout
CORRELATED_BIAS,AEGIS_V3.0,450027,0,300,2.8599735910348425,7.279237318944118,-1.0429999999999937,0,0,2,298,0,0,300,300,0,0,0,0,holdout
CORRELATED_BIAS,AEGIS_V3.0,450028,0,300,2.490784416324427,6.823717262449177,-1.0429999999999937,0,0,2,298,0,0,300,300,0,0,0,0,holdout
CORRELATED_BIAS,AEGIS_V3.0,450029,0,300,4.27296126275107,8.683897740875219,-1.0429999999999937,0,0,2,298,0,0,300,300,0,0,0,0,holdout
CORRELATED_BIAS,AEGIS_V3.0,450030,0,300,4.199486950030774,8.591156563139496,-1.0429999999999937,0,0,2,298,0,0,300,300,0,0,0,0,holdout
CORRELATED_BIAS,AEGIS_V3.0,450031,0,300,1.9945211913401224,6.391813323525426,-1.0429999999999937,0,0,2,298,0,0,300,300,0,0,0,0,holdout
CORRELATED_BIAS,AEGIS_V3.0,450032,0,300,4.289765602654179,8.70792248830484,-1.0429999999999937,0,0,2,298,0,0,300,300,0,0,0,0,holdout
CORRELATED_BIAS,AEGIS_V3.0,450033,0,300,2.050009790865022,6.383820957006996,-1.0429999999999937,0,0,2,298,0,0,300,300,0,0,0,0,holdout
CORRELATED_BIAS,AEGIS_V3.0,450034,0,300,4.330182022835435,8.739691397129485,-1.0429999999999937,0,0,2,298,0,0,300,300,0,0,0,0,holdout
CORRELATED_BIAS,AEGIS_V3.0,450035,0,300,3.1305218520309337,7.534043095201003,-1.0429999999999937,0,0,2,298,0,0,300,300,0,0,0,0,holdout
CORRELATED_BIAS,AEGIS_V3.0,450036,0,300,4.553822878646606,8.956799955957925,-1.0429999999999937,0,0,2,298,0,0,300,300,0,0,0,0,holdout
CORRELATED_BIAS,AEGIS_V3.0,450037,0,300,3.4982082309854965,7.917348346760112,-1.0429999999999937,0,0,2,298,0,0,300,300,0,0,0,0,holdout
CORRELATED_BIAS,AEGIS_V3.0,450038,0,300,1.8937416350244256,6.192952792443201,-1.0429999999999937,0,0,2,298,0,0,300,300,0,0,0,0,holdout
CORRELATED_BIAS,AEGIS_V3.0,450039,0,300,3.105061403178984,7.481903442316673,-1.0429999999999937,0,0,2,298,0,0,300,300,0,0,0,0,holdout
CORRELATED_BIAS,AEGIS_V3.0,450040,0,300,5.691185467680925,10.108905580529703,-1.0429999999999937,0,0,2,298,0,0,300,300,0,0,0,0,holdout
CORRELATED_BIAS,AEGIS_V3.0,450041,0,300,5.098540453344807,9.511440959142059,-1.0429999999999937,0,0,2,298,0,0,300,300,0,0,0,0,holdout
CORRELATED_BIAS,AEGIS_V3.0,450042,0,300,2.8038863976764357,7.220860274185662,-1.0429999999999937,0,0,2,298,0,0,300,300,0,0,0,0,holdout
CORRELATED_BIAS,AEGIS_V3.0,450043,0,300,0.5276680996443721,4.908333737682482,-1.0429999999999937,0,0,2,298,0,0,300,300,0,0,0,0,holdout
CORRELATED_BIAS,AEGIS_V3.0,450044,0,300,4.910697893262204,9.328966551633934,-1.0429999999999937,0,0,2,298,0,0,300,300,0,0,0,0,holdout
CORRELATED_BIAS,AEGIS_V3.0,450045,0,300,3.59756255647928,8.016231587833206,-1.0429999999999937,0,0,2,298,0,0,300,300,0,0,0,0,holdout
CORRELATED_BIAS,AEGIS_V3.0,450046,0,300,4.125120682724861,8.5401583300563,-1.0429999999999937,0,0,2,298,0,0,300,300,0,0,0,0,holdout
CORRELATED_BIAS,AEGIS_V3.0,450047,0,300,1.9098730478962271,6.32792247348229,-1.0429999999999937,0,0,2,298,0,0,300,300,0,0,0,0,holdout
CORRELATED_BIAS,AEGIS_V3.0,450048,0,300,3.8731734785412426,8.256355490340088,-1.0429999999999937,0,0,2,298,0,0,300,300,0,0,0,0,holdout
CORRELATED_BIAS,AEGIS_V3.0,450049,0,300,2.596303138124262,6.93334497711073,-1.0429999999999937,0,0,2,298,0,0,300,300,0,0,0,0,holdout
CORRELATED_BIAS,AEGIS_V3.0,450050,0,300,0.7960042789764602,0.8278160221686169,-1.0299999999999963,47,88,5,160,0,47,165,165,0,0,0,0,holdout
CORRELATED_BIAS,AEGIS_V3.0,450051,0,300,4.640031636247893,9.058286969951565,-1.0429999999999937,0,0,2,298,0,0,300,300,0,0,0,0,holdout
CORRELATED_BIAS,AEGIS_V3.0,450052,0,300,4.487761984961238,8.89712518895333,-1.0429999999999937,0,0,2,298,0,0,300,300,0,0,0,0,holdout
CORRELATED_BIAS,AEGIS_V3.0,450053,0,300,3.1781460038396196,7.558472788333627,-1.0429999999999937,0,0,2,298,0,0,300,300,0,0,0,0,holdout
CORRELATED_BIAS,AEGIS_V3.0,450054,0,300,4.687701598491824,9.077808141528335,-1.0429999999999937,0,0,2,298,0,0,300,300,0,0,0,0,holdout
CORRELATED_BIAS,AEGIS_V3.0,450055,0,300,6.037328329634676,10.456307053512878,-1.0429999999999937,0,0,2,298,0,0,300,300,0,0,0,0,holdout
CORRELATED_BIAS,AEGIS_V3.0,450056,0,300,3.902470360097242,8.282388308749129,-1.0429999999999937,0,0,2,298,0,0,300,300,0,0,0,0,holdout
CORRELATED_BIAS,AEGIS_V3.0,450057,0,300,5.443546670806665,9.858053106507858,-1.0429999999999937,0,0,2,298,0,0,300,300,0,0,0,0,holdout
CORRELATED_BIAS,AEGIS_V3.0,450058,0,300,6.195358499608531,10.614711132567955,-1.0429999999999937,0,0,2,298,0,0,300,300,0,0,0,0,holdout
CORRELATED_BIAS,AEGIS_V3.0,450059,0,300,5.009092040628267,9.418935954639304,-1.0429999999999937,0,0,2,298,0,0,300,300,0,0,0,0,holdout
CORRELATED_BIAS,AEGIS_V3.0,450060,0,300,4.436845759200528,8.822846600339766,-1.0429999999999937,0,0,2,298,0,0,300,300,0,0,0,0,holdout
CORRELATED_BIAS,AEGIS_V3.0,450061,0,300,4.236488407214076,8.621191706080902,-1.0429999999999937,0,0,2,298,0,0,300,300,0,0,0,0,holdout
CORRELATED_BIAS,AEGIS_V3.0,450062,0,300,3.569623248100086,7.985120351758218,-1.0429999999999937,0,0,2,298,0,0,300,300,0,0,0,0,holdout
CORRELATED_BIAS,AEGIS_V3.0,450063,0,300,0.6838475542911485,4.74402914069442,-1.0429999999999937,0,0,2,298,0,0,300,300,0,0,0,0,holdout
CORRELATED_BIAS,AEGIS_V3.0,450064,0,300,2.0663236545978387,6.482314692320966,-1.0429999999999937,0,0,2,298,0,0,300,300,0,0,0,0,holdout
CORRELATED_BIAS,AEGIS_V3.0,450065,0,300,4.942130862398484,9.36138869959863,-1.0429999999999937,0,0,2,298,0,0,300,300,0,0,0,0,holdout
CORRELATED_BIAS,AEGIS_V3.0,450066,0,300,5.27930735711917,9.69695045545801,-1.0429999999999937,0,0,2,298,0,0,300,300,0,0,0,0,holdout
CORRELATED_BIAS,AEGIS_V3.0,450067,0,300,4.564240418248696,8.971267962989055,-1.0429999999999937,0,0,2,298,0,0,300,300,0,0,0,0,holdout
CORRELATED_BIAS,AEGIS_V3.0,450068,0,300,2.844377573918044,7.262960309967658,-1.0429999999999937,0,0,2,298,0,0,300,300,0,0,0,0,holdout
CORRELATED_BIAS,AEGIS_V3.0,450069,0,300,2.2157363257716893,6.618803805208225,-1.0429999999999937,0,0,2,298,0,0,300,300,0,0,0,0,holdout
CORRELATED_BIAS,AEGIS_V3.0,450070,0,300,4.172590117840158,8.563617554418835,-1.0429999999999937,0,0,2,298,0,0,300,300,0,0,0,0,holdout
CORRELATED_BIAS,AEGIS_V3.0,450071,0,300,4.4460800033869665,8.852649592503518,-1.0429999999999935,0,0,2,298,0,0,300,300,0,0,0,0,holdout
CORRELATED_BIAS,AEGIS_V3.0,450072,0,300,3.088251140343431,7.462138721653977,-1.0429999999999937,0,0,2,298,0,0,300,300,0,0,0,0,holdout
CORRELATED_BIAS,AEGIS_V3.0,450073,0,300,4.333579586749487,8.732806741487549,-1.0429999999999935,0,0,2,298,0,0,300,300,0,0,0,0,holdout
CORRELATED_BIAS,AEGIS_V3.0,450074,0,300,6.898044513927426,11.317421110018275,-1.0429999999999937,0,0,2,298,0,0,300,300,0,0,0,0,holdout
CORRELATED_BIAS,AEGIS_V3.0,450075,0,300,3.557821006096153,7.945066212269143,-1.0429999999999935,0,0,2,298,0,0,300,300,0,0,0,0,holdout
CORRELATED_BIAS,AEGIS_V3.0,450076,0,300,4.918856840006748,9.333024206529965,-1.0429999999999937,0,0,2,298,0,0,300,300,0,0,0,0,holdout
CORRELATED_BIAS,AEGIS_V3.0,450077,0,300,2.385755478020361,6.737758918489711,-1.0429999999999937,0,0,2,298,0,0,300,300,0,0,0,0,holdout
CORRELATED_BIAS,AEGIS_V3.0,450078,0,300,4.197777943610997,8.612892738316264,-1.0429999999999937,0,0,2,298,0,0,300,300,0,0,0,0,holdout
CORRELATED_BIAS,AEGIS_V3.0,450079,0,300,2.7208612156715706,7.119812925516437,-1.0429999999999937,0,0,2,298,0,0,300,300,0,0,0,0,holdout
CORRELATED_BIAS,AEGIS_V3.0,450080,0,300,2.3312712003448186,6.696247567626054,-1.0429999999999937,0,0,2,298,0,0,300,300,0,0,0,0,holdout
CORRELATED_BIAS,AEGIS_V3.0,450081,0,300,5.553522353988205,9.970987707191599,-1.0429999999999937,0,0,2,298,0,0,300,300,0,0,0,0,holdout
CORRELATED_BIAS,AEGIS_V3.0,450082,0,300,0.2694335631736785,4.685585747288954,-1.0429999999999937,0,0,2,298,0,0,300,300,0,0,0,0,holdout
CORRELATED_BIAS,AEGIS_V3.0,450083,0,300,3.8907728863448883,8.307671029842838,-1.0429999999999937,0,0,2,298,0,0,300,300,0,0,0,0,holdout
CORRELATED_BIAS,AEGIS_V3.0,450084,0,300,1.3808215383239815,5.796040724267557,-1.0429999999999937,0,0,2,298,0,0,300,300,0,0,0,0,holdout
CORRELATED_BIAS,AEGIS_V3.0,450085,0,300,1.7222026919059288,6.131320674750665,-1.0429999999999937,0,0,2,298,0,0,300,300,0,0,0,0,holdout
CORRELATED_BIAS,AEGIS_V3.0,450086,0,300,1.1196877760442165,5.3982186330526725,-1.0429999999999937,0,0,2,298,0,0,300,300,0,0,0,0,holdout
CORRELATED_BIAS,AEGIS_V3.0,450087,0,300,0.4671416389302349,4.860331192762438,-1.0429999999999937,0,0,2,298,0,0,300,300,0,0,0,0,holdout
CORRELATED_BIAS,AEGIS_V3.0,450088,0,300,4.170360632629366,8.563885435680762,-1.0429999999999937,0,0,2,298,0,0,300,300,0,0,0,0,holdout
CORRELATED_BIAS,AEGIS_V3.0,450089,0,300,6.014691898245996,10.434047754148652,-1.0429999999999937,0,0,2,298,0,0,300,300,0,0,0,0,holdout
CORRELATED_BIAS,AEGIS_V3.0,450090,0,300,4.083024470867809,8.489119450683592,-1.0429999999999937,0,0,2,298,0,0,300,300,0,0,0,0,holdout
CORRELATED_BIAS,AEGIS_V3.0,450091,0,300,4.633397655619533,9.052564621227155,-1.0429999999999937,0,0,2,298,0,0,300,300,0,0,0,0,holdout
CORRELATED_BIAS,AEGIS_V3.0,450092,0,300,6.7106082862965435,11.129957638533133,-1.0429999999999937,0,0,2,298,0,0,300,300,0,0,0,0,holdout
CORRELATED_BIAS,AEGIS_V3.0,450093,0,300,3.369318477679132,7.762023680192791,-1.0429999999999937,0,0,2,298,0,0,300,300,0,0,0,0,holdout
CORRELATED_BIAS,AEGIS_V3.0,450094,0,300,2.743559935100598,7.110924294452408,-1.0429999999999937,0,0,2,298,0,0,300,300,0,0,0,0,holdout
CORRELATED_BIAS,AEGIS_V3.0,450095,0,300,2.454825791612373,6.819122385453999,-1.0429999999999937,0,0,2,298,0,0,300,300,0,0,0,0,holdout
CORRELATED_BIAS,AEGIS_V3.0,450096,0,300,4.124336081501393,8.52503860867354,-1.0429999999999937,0,0,2,298,0,0,300,300,0,0,0,0,holdout
CORRELATED_BIAS,AEGIS_V3.0,450097,0,300,4.397462980859948,8.788214502299839,-1.0429999999999937,0,0,2,298,0,0,300,300,0,0,0,0,holdout
CORRELATED_BIAS,AEGIS_V3.0,450098,0,300,3.9826347838852785,8.35595617074156,-1.0429999999999937,0,0,2,298,0,0,300,300,0,0,0,0,holdout
CORRELATED_BIAS,AEGIS_V3.0,450099,0,300,0.5614574697563535,4.668848747370017,-1.0429999999999937,0,0,2,298,0,0,300,300,0,0,0,0,holdout
CORRELATED_BIAS,AEGIS_V3.1,450000,0,4,4.10067319488849,4.10067319488849,-0.001,0,0,2,3,0,0,5,0,1,0,5,0,holdout
CORRELATED_BIAS,AEGIS_V3.1,450001,0,4,4.381161118100394,4.381161118100394,-0.001,0,0,2,3,0,0,5,0,1,0,5,0,holdout
CORRELATED_BIAS,AEGIS_V3.1,450002,0,4,3.6419051338205914,3.6419051338205914,-0.001,0,0,2,3,0,0,5,0,1,0,5,0,holdout
CORRELATED_BIAS,AEGIS_V3.1,450003,0,4,3.598894289285854,3.598894289285854,-0.001,0,0,2,3,0,0,5,0,1,0,5,0,holdout
CORRELATED_BIAS,AEGIS_V3.1,450004,0,4,4.815741555366476,4.815741555366476,-0.001,0,0,2,3,0,0,5,0,1,0,5,0,holdout
CORRELATED_BIAS,AEGIS_V3.1,450005,0,4,5.7403727248557415,5.7403727248557415,-0.001,0,0,2,3,0,0,5,0,1,0,5,0,holdout
CORRELATED_BIAS,AEGIS_V3.1,450006,0,4,3.53481887300665,3.53481887300665,-0.001,0,0,2,3,0,0,5,0,1,0,5,0,holdout
CORRELATED_BIAS,AEGIS_V3.1,450007,0,4,0.4662370044615806,0.4662370044615806,-0.001,0,0,2,3,0,0,5,0,1,0,5,0,holdout
CORRELATED_BIAS,AEGIS_V3.1,450008,0,4,3.4280442439092553,3.4280442439092553,-0.001,0,0,2,3,0,0,5,0,1,0,5,0,holdout
CORRELATED_BIAS,AEGIS_V3.1,450009,0,4,4.0151323013387215,4.0151323013387215,-0.001,0,0,2,3,0,0,5,0,1,0,5,0,holdout
CORRELATED_BIAS,AEGIS_V3.1,450010,0,4,2.8905616006572967,2.8905616006572967,-0.001,0,0,2,3,0,0,5,0,1,0,5,0,holdout
CORRELATED_BIAS,AEGIS_V3.1,450011,0,4,2.7240695043768253,2.7240695043768253,-0.001,0,0,2,3,0,0,5,0,1,0,5,0,holdout
CORRELATED_BIAS,AEGIS_V3.1,450012,0,4,6.011385596138347,6.011385596138347,-0.001,0,0,2,3,0,0,5,0,1,0,5,0,holdout
CORRELATED_BIAS,AEGIS_V3.1,450013,0,4,5.175468376448513,5.175468376448513,-0.001,0,0,2,3,0,0,5,0,1,0,5,0,holdout
CORRELATED_BIAS,AEGIS_V3.1,450014,0,4,2.7257387340282486,2.7257387340282486,-0.001,0,0,2,3,0,0,5,0,1,0,5,0,holdout
CORRELATED_BIAS,AEGIS_V3.1,450015,0,4,2.122414378945025,2.122414378945025,-0.001,0,0,2,3,0,0,5,0,1,0,5,0,holdout
CORRELATED_BIAS,AEGIS_V3.1,450016,0,4,4.139966182344063,4.139966182344063,-0.001,0,0,2,3,0,0,5,0,1,0,5,0,holdout
CORRELATED_BIAS,AEGIS_V3.1,450017,0,4,5.777761138114689,5.777761138114689,-0.001,0,0,2,3,0,0,5,0,1,0,5,0,holdout
CORRELATED_BIAS,AEGIS_V3.1,450018,0,4,4.212168158303496,4.212168158303496,-0.001,0,0,2,3,0,0,5,0,1,0,5,0,holdout
CORRELATED_BIAS,AEGIS_V3.1,450019,0,4,1.1528533554593903,1.1528533554593903,-0.001,0,0,2,3,0,0,5,0,1,0,5,0,holdout
CORRELATED_BIAS,AEGIS_V3.1,450020,0,4,4.667366813330844,4.667366813330844,-0.001,0,0,2,3,0,0,5,0,1,0,5,0,holdout
CORRELATED_BIAS,AEGIS_V3.1,450021,0,4,4.4951169571127,4.4951169571127,-0.001,0,0,2,3,0,0,5,0,1,0,5,0,holdout
CORRELATED_BIAS,AEGIS_V3.1,450022,0,4,5.373922121818379,5.373922121818379,-0.001,0,0,2,3,0,0,5,0,1,0,5,0,holdout
CORRELATED_BIAS,AEGIS_V3.1,450023,0,4,3.5257709217847384,3.5257709217847384,-0.001,0,0,2,3,0,0,5,0,1,0,5,0,holdout
CORRELATED_BIAS,AEGIS_V3.1,450024,0,4,1.5635641820306885,1.5635641820306885,-0.001,0,0,2,3,0,0,5,0,1,0,5,0,holdout
CORRELATED_BIAS,AEGIS_V3.1,450025,0,4,2.0320283397584995,2.0320283397584995,-0.001,0,0,2,3,0,0,5,0,1,0,5,0,holdout
CORRELATED_BIAS,AEGIS_V3.1,450026,0,4,2.3497726852505036,2.3497726852505036,-0.001,0,0,2,3,0,0,5,0,1,0,5,0,holdout
CORRELATED_BIAS,AEGIS_V3.1,450027,0,4,2.8599735910348425,2.8599735910348425,-0.001,0,0,2,3,0,0,5,0,1,0,5,0,holdout
CORRELATED_BIAS,AEGIS_V3.1,450028,0,4,2.490784416324427,2.490784416324427,-0.001,0,0,2,3,0,0,5,0,1,0,5,0,holdout
CORRELATED_BIAS,AEGIS_V3.1,450029,0,4,4.27296126275107,4.27296126275107,-0.001,0,0,2,3,0,0,5,0,1,0,5,0,holdout
CORRELATED_BIAS,AEGIS_V3.1,450030,0,4,4.199486950030774,4.199486950030774,-0.001,0,0,2,3,0,0,5,0,1,0,5,0,holdout
CORRELATED_BIAS,AEGIS_V3.1,450031,0,4,1.9945211913401224,1.9945211913401224,-0.001,0,0,2,3,0,0,5,0,1,0,5,0,holdout
CORRELATED_BIAS,AEGIS_V3.1,450032,0,4,4.289765602654179,4.289765602654179,-0.001,0,0,2,3,0,0,5,0,1,0,5,0,holdout
CORRELATED_BIAS,AEGIS_V3.1,450033,0,4,2.050009790865022,2.050009790865022,-0.001,0,0,2,3,0,0,5,0,1,0,5,0,holdout
CORRELATED_BIAS,AEGIS_V3.1,450034,0,4,4.330182022835435,4.330182022835435,-0.001,0,0,2,3,0,0,5,0,1,0,5,0,holdout
CORRELATED_BIAS,AEGIS_V3.1,450035,0,4,3.1305218520309337,3.1305218520309337,-0.001,0,0,2,3,0,0,5,0,1,0,5,0,holdout
CORRELATED_BIAS,AEGIS_V3.1,450036,0,4,4.553822878646606,4.553822878646606,-0.001,0,0,2,3,0,0,5,0,1,0,5,0,holdout
CORRELATED_BIAS,AEGIS_V3.1,450037,0,4,3.4982082309854965,3.4982082309854965,-0.001,0,0,2,3,0,0,5,0,1,0,5,0,holdout
CORRELATED_BIAS,AEGIS_V3.1,450038,0,4,1.8937416350244256,1.8937416350244256,-0.001,0,0,2,3,0,0,5,0,1,0,5,0,holdout
CORRELATED_BIAS,AEGIS_V3.1,450039,0,4,3.105061403178984,3.105061403178984,-0.001,0,0,2,3,0,0,5,0,1,0,5,0,holdout
CORRELATED_BIAS,AEGIS_V3.1,450040,0,4,5.691185467680925,5.691185467680925,-0.001,0,0,2,3,0,0,5,0,1,0,5,0,holdout
CORRELATED_BIAS,AEGIS_V3.1,450041,0,4,5.098540453344807,5.098540453344807,-0.001,0,0,2,3,0,0,5,0,1,0,5,0,holdout
CORRELATED_BIAS,AEGIS_V3.1,450042,0,4,2.8038863976764357,2.8038863976764357,-0.001,0,0,2,3,0,0,5,0,1,0,5,0,holdout
CORRELATED_BIAS,AEGIS_V3.1,450043,0,4,0.5276680996443721,0.5276680996443721,-0.001,0,0,2,3,0,0,5,0,1,0,5,0,holdout
CORRELATED_BIAS,AEGIS_V3.1,450044,0,4,4.910697893262204,4.910697893262204,-0.001,0,0,2,3,0,0,5,0,1,0,5,0,holdout
CORRELATED_BIAS,AEGIS_V3.1,450045,0,4,3.59756255647928,3.59756255647928,-0.001,0,0,2,3,0,0,5,0,1,0,5,0,holdout
CORRELATED_BIAS,AEGIS_V3.1,450046,0,4,4.125120682724861,4.125120682724861,-0.001,0,0,2,3,0,0,5,0,1,0,5,0,holdout
CORRELATED_BIAS,AEGIS_V3.1,450047,0,4,1.9098730478962271,1.9098730478962271,-0.001,0,0,2,3,0,0,5,0,1,0,5,0,holdout
CORRELATED_BIAS,AEGIS_V3.1,450048,0,4,3.8731734785412426,3.8731734785412426,-0.001,0,0,2,3,0,0,5,0,1,0,5,0,holdout
CORRELATED_BIAS,AEGIS_V3.1,450049,0,4,2.596303138124262,2.596303138124262,-0.001,0,0,2,3,0,0,5,0,1,0,5,0,holdout
CORRELATED_BIAS,AEGIS_V3.1,450050,0,30,0.7960042789764602,0.8121708708056316,-0.11199999999999997,11,8,5,7,0,11,2,6,1,4,2,5,holdout
CORRELATED_BIAS,AEGIS_V3.1,450051,0,4,4.640031636247893,4.640031636247893,-0.001,0,0,2,3,0,0,5,0,1,0,5,0,holdout
CORRELATED_BIAS,AEGIS_V3.1,450052,0,4,4.487761984961238,4.487761984961238,-0.001,0,0,2,3,0,0,5,0,1,0,5,0,holdout
CORRELATED_BIAS,AEGIS_V3.1,450053,0,4,3.1781460038396196,3.1781460038396196,-0.001,0,0,2,3,0,0,5,0,1,0,5,0,holdout
CORRELATED_BIAS,AEGIS_V3.1,450054,0,4,4.687701598491824,4.687701598491824,-0.001,0,0,2,3,0,0,5,0,1,0,5,0,holdout
CORRELATED_BIAS,AEGIS_V3.1,450055,0,4,6.037328329634676,6.037328329634676,-0.001,0,0,2,3,0,0,5,0,1,0,5,0,holdout
CORRELATED_BIAS,AEGIS_V3.1,450056,0,4,3.902470360097242,3.902470360097242,-0.001,0,0,2,3,0,0,5,0,1,0,5,0,holdout
CORRELATED_BIAS,AEGIS_V3.1,450057,0,4,5.443546670806665,5.443546670806665,-0.001,0,0,2,3,0,0,5,0,1,0,5,0,holdout
CORRELATED_BIAS,AEGIS_V3.1,450058,0,4,6.195358499608531,6.195358499608531,-0.001,0,0,2,3,0,0,5,0,1,0,5,0,holdout
CORRELATED_BIAS,AEGIS_V3.1,450059,0,4,5.009092040628267,5.009092040628267,-0.001,0,0,2,3,0,0,5,0,1,0,5,0,holdout
CORRELATED_BIAS,AEGIS_V3.1,450060,0,4,4.436845759200528,4.436845759200528,-0.001,0,0,2,3,0,0,5,0,1,0,5,0,holdout
CORRELATED_BIAS,AEGIS_V3.1,450061,0,4,4.236488407214076,4.236488407214076,-0.001,0,0,2,3,0,0,5,0,1,0,5,0,holdout
CORRELATED_BIAS,AEGIS_V3.1,450062,0,4,3.569623248100086,3.569623248100086,-0.001,0,0,2,3,0,0,5,0,1,0,5,0,holdout
CORRELATED_BIAS,AEGIS_V3.1,450063,0,4,0.6838475542911485,0.6838475542911485,-0.001,0,0,2,3,0,0,5,0,1,0,5,0,holdout
CORRELATED_BIAS,AEGIS_V3.1,450064,0,4,2.0663236545978387,2.0663236545978387,-0.001,0,0,2,3,0,0,5,0,1,0,5,0,holdout
CORRELATED_BIAS,AEGIS_V3.1,450065,0,4,4.942130862398484,4.942130862398484,-0.001,0,0,2,3,0,0,5,0,1,0,5,0,holdout
CORRELATED_BIAS,AEGIS_V3.1,450066,0,4,5.27930735711917,5.27930735711917,-0.001,0,0,2,3,0,0,5,0,1,0,5,0,holdout
CORRELATED_BIAS,AEGIS_V3.1,450067,0,4,4.564240418248696,4.564240418248696,-0.001,0,0,2,3,0,0,5,0,1,0,5,0,holdout
CORRELATED_BIAS,AEGIS_V3.1,450068,0,4,2.844377573918044,2.844377573918044,-0.001,0,0,2,3,0,0,5,0,1,0,5,0,holdout
CORRELATED_BIAS,AEGIS_V3.1,450069,0,4,2.2157363257716893,2.2157363257716893,-0.001,0,0,2,3,0,0,5,0,1,0,5,0,holdout
CORRELATED_BIAS,AEGIS_V3.1,450070,0,4,4.172590117840158,4.172590117840158,-0.001,0,0,2,3,0,0,5,0,1,0,5,0,holdout
CORRELATED_BIAS,AEGIS_V3.1,450071,0,4,4.4460800033869665,4.4460800033869665,-0.001,0,0,2,3,0,0,5,0,1,0,5,0,holdout
CORRELATED_BIAS,AEGIS_V3.1,450072,0,4,3.088251140343431,3.088251140343431,-0.001,0,0,2,3,0,0,5,0,1,0,5,0,holdout
CORRELATED_BIAS,AEGIS_V3.1,450073,0,4,4.333579586749487,4.333579586749487,-0.001,0,0,2,3,0,0,5,0,1,0,5,0,holdout
CORRELATED_BIAS,AEGIS_V3.1,450074,0,4,6.898044513927426,6.898044513927426,-0.001,0,0,2,3,0,0,5,0,1,0,5,0,holdout
CORRELATED_BIAS,AEGIS_V3.1,450075,0,4,3.557821006096153,3.557821006096153,-0.001,0,0,2,3,0,0,5,0,1,0,5,0,holdout
CORRELATED_BIAS,AEGIS_V3.1,450076,0,4,4.918856840006748,4.918856840006748,-0.001,0,0,2,3,0,0,5,0,1,0,5,0,holdout
CORRELATED_BIAS,AEGIS_V3.1,450077,0,4,2.385755478020361,2.385755478020361,-0.001,0,0,2,3,0,0,5,0,1,0,5,0,holdout
CORRELATED_BIAS,AEGIS_V3.1,450078,0,4,4.197777943610997,4.197777943610997,-0.001,0,0,2,3,0,0,5,0,1,0,5,0,holdout
CORRELATED_BIAS,AEGIS_V3.1,450079,0,4,2.7208612156715706,2.7208612156715706,-0.001,0,0,2,3,0,0,5,0,1,0,5,0,holdout
CORRELATED_BIAS,AEGIS_V3.1,450080,0,4,2.3312712003448186,2.3312712003448186,-0.001,0,0,2,3,0,0,5,0,1,0,5,0,holdout
CORRELATED_BIAS,AEGIS_V3.1,450081,0,4,5.553522353988205,5.553522353988205,-0.001,0,0,2,3,0,0,5,0,1,0,5,0,holdout
CORRELATED_BIAS,AEGIS_V3.1,450082,0,4,0.2694335631736785,0.2694335631736785,-0.001,0,0,2,3,0,0,5,0,1,0,5,0,holdout
CORRELATED_BIAS,AEGIS_V3.1,450083,0,4,3.8907728863448883,3.8907728863448883,-0.001,0,0,2,3,0,0,5,0,1,0,5,0,holdout
CORRELATED_BIAS,AEGIS_V3.1,450084,0,4,1.3808215383239815,1.3808215383239815,-0.001,0,0,2,3,0,0,5,0,1,0,5,0,holdout
CORRELATED_BIAS,AEGIS_V3.1,450085,0,4,1.7222026919059288,1.7222026919059288,-0.001,0,0,2,3,0,0,5,0,1,0,5,0,holdout
CORRELATED_BIAS,AEGIS_V3.1,450086,0,4,1.1196877760442165,1.1196877760442165,-0.001,0,0,2,3,0,0,5,0,1,0,5,0,holdout
CORRELATED_BIAS,AEGIS_V3.1,450087,0,4,0.4671416389302349,0.4671416389302349,-0.001,0,0,2,3,0,0,5,0,1,0,5,0,holdout
CORRELATED_BIAS,AEGIS_V3.1,450088,0,4,4.170360632629366,4.170360632629366,-0.001,0,0,2,3,0,0,5,0,1,0,5,0,holdout
CORRELATED_BIAS,AEGIS_V3.1,450089,0,4,6.014691898245996,6.014691898245996,-0.001,0,0,2,3,0,0,5,0,1,0,5,0,holdout
CORRELATED_BIAS,AEGIS_V3.1,450090,0,4,4.083024470867809,4.083024470867809,-0.001,0,0,2,3,0,0,5,0,1,0,5,0,holdout
CORRELATED_BIAS,AEGIS_V3.1,450091,0,4,4.633397655619533,4.633397655619533,-0.001,0,0,2,3,0,0,5,0,1,0,5,0,holdout
CORRELATED_BIAS,AEGIS_V3.1,450092,0,4,6.7106082862965435,6.7106082862965435,-0.001,0,0,2,3,0,0,5,0,1,0,5,0,holdout
CORRELATED_BIAS,AEGIS_V3.1,450093,0,4,3.369318477679132,3.369318477679132,-0.001,0,0,2,3,0,0,5,0,1,0,5,0,holdout
CORRELATED_BIAS,AEGIS_V3.1,450094,0,4,2.743559935100598,2.743559935100598,-0.001,0,0,2,3,0,0,5,0,1,0,5,0,holdout
CORRELATED_BIAS,AEGIS_V3.1,450095,0,4,2.454825791612373,2.454825791612373,-0.001,0,0,2,3,0,0,5,0,1,0,5,0,holdout
CORRELATED_BIAS,AEGIS_V3.1,450096,0,4,4.124336081501393,4.124336081501393,-0.001,0,0,2,3,0,0,5,0,1,0,5,0,holdout
CORRELATED_BIAS,AEGIS_V3.1,450097,0,4,4.397462980859948,4.397462980859948,-0.001,0,0,2,3,0,0,5,0,1,0,5,0,holdout
CORRELATED_BIAS,AEGIS_V3.1,450098,0,4,3.9826347838852785,3.9826347838852785,-0.001,0,0,2,3,0,0,5,0,1,0,5,0,holdout
CORRELATED_BIAS,AEGIS_V3.1,450099,0,4,0.5614574697563535,0.5614574697563535,-0.001,0,0,2,3,0,0,5,0,1,0,5,0,holdout
